family,T,noise,keep,flip_p,rep,seed,model,chi_sha256,record_ceiling,signature_frac,accuracy,request_resolution_rate,unsupported_counterfactual_rate,contradicted_rate,brier_act,pause_violation_rate,deficit_inference_rate,n_steps,n_paused,n_scope
W-absence,300,0.05,1.0,0.05,0,702246019,M0,689752ec2d69,1.0,0.699,0.9197,0.6756,0.0803,0.0401,0.0958,,0.2992,299,0,254
W-absence,300,0.05,1.0,0.05,0,702246019,M1,689752ec2d69,1.0,0.699,0.9197,0.6756,0.0803,0.0401,0.0742,,0.2992,299,0,254
W-absence,300,0.05,1.0,0.05,0,702246019,M2,689752ec2d69,1.0,0.699,1.0,0.7425,0.0,0.0234,0.0092,,0.2992,299,0,254
W-absence,300,0.05,1.0,0.05,0,702246019,M1+pausa,689752ec2d69,1.0,0.699,0.9197,0.6756,0.0803,0.0401,0.0742,,0.2992,299,0,254
W-absence,300,0.05,1.0,0.05,1,817913282,M0,689752ec2d69,1.0,0.699,0.913,0.709,0.087,0.1003,0.0862,,0.278,299,0,241
W-absence,300,0.05,1.0,0.05,1,817913282,M1,689752ec2d69,1.0,0.699,0.913,0.709,0.087,0.1003,0.0796,,0.278,299,0,241
W-absence,300,0.05,1.0,0.05,1,817913282,M2,689752ec2d69,1.0,0.699,1.0,0.786,0.0,0.0736,0.0092,,0.278,299,0,241
W-absence,300,0.05,1.0,0.05,1,817913282,M1+pausa,689752ec2d69,1.0,0.699,0.913,0.709,0.087,0.1003,0.0796,,0.278,299,0,241
W-absence,300,0.05,1.0,0.05,2,468520449,M0,689752ec2d69,1.0,0.699,0.9197,0.6957,0.0803,0.0736,0.0988,,0.3083,299,0,240
W-absence,300,0.05,1.0,0.05,2,468520449,M1,689752ec2d69,1.0,0.699,0.9197,0.6957,0.0803,0.0736,0.0742,,0.3083,299,0,240
W-absence,300,0.05,1.0,0.05,2,468520449,M2,689752ec2d69,1.0,0.699,1.0,0.7692,0.0,0.0435,0.0092,,0.3083,299,0,240
W-absence,300,0.05,1.0,0.05,2,468520449,M1+pausa,689752ec2d69,1.0,0.699,0.9197,0.6957,0.0803,0.0736,0.0742,,0.3083,299,0,240
W-absence,300,0.05,1.0,0.05,3,49692480,M0,689752ec2d69,1.0,0.699,0.9398,0.6622,0.0602,0.0234,0.1085,,0.3062,299,0,258
W-absence,300,0.05,1.0,0.05,3,49692480,M1,689752ec2d69,1.0,0.699,0.9398,0.6622,0.0602,0.0234,0.0582,,0.3062,299,0,258
W-absence,300,0.05,1.0,0.05,3,49692480,M2,689752ec2d69,1.0,0.699,1.0,0.7124,0.0,0.0201,0.0094,,0.3062,299,0,258
W-absence,300,0.05,1.0,0.05,3,49692480,M1+pausa,689752ec2d69,1.0,0.699,0.9398,0.6622,0.0602,0.0234,0.0582,,0.3062,299,0,258
W-absence,300,0.05,1.0,0.05,4,1303882119,M0,689752ec2d69,1.0,0.699,0.9164,0.6923,0.0836,0.0435,0.0831,,0.3024,299,0,248
W-absence,300,0.05,1.0,0.05,4,1303882119,M1,689752ec2d69,1.0,0.699,0.9164,0.6923,0.0836,0.0435,0.0769,,0.3024,299,0,248
W-absence,300,0.05,1.0,0.05,4,1303882119,M2,689752ec2d69,1.0,0.699,1.0,0.7659,0.0,0.0334,0.0092,,0.3024,299,0,248
W-absence,300,0.05,1.0,0.05,4,1303882119,M1+pausa,689752ec2d69,1.0,0.699,0.9164,0.6923,0.0836,0.0435,0.0769,,0.3024,299,0,248
W-absence,300,0.05,1.0,0.05,5,1420597446,M0,689752ec2d69,1.0,0.699,0.9498,0.7023,0.0502,0.0602,0.0822,,0.3198,299,0,247
W-absence,300,0.05,1.0,0.05,5,1420597446,M1,689752ec2d69,1.0,0.699,0.9498,0.7023,0.0502,0.0602,0.0501,,0.3198,299,0,247
W-absence,300,0.05,1.0,0.05,5,1420597446,M2,689752ec2d69,1.0,0.699,1.0,0.7525,0.0,0.0535,0.0095,,0.3198,299,0,247
W-absence,300,0.05,1.0,0.05,5,1420597446,M1+pausa,689752ec2d69,1.0,0.699,0.9498,0.7023,0.0502,0.0602,0.0501,,0.3198,299,0,247
W-absence,300,0.05,1.0,0.05,6,2139212549,M0,689752ec2d69,1.0,0.699,0.9264,0.7191,0.0736,0.0769,0.0811,,0.3051,299,0,236
W-absence,300,0.05,1.0,0.05,6,2139212549,M1,689752ec2d69,1.0,0.699,0.9264,0.7191,0.0736,0.0769,0.0689,,0.3051,299,0,236
W-absence,300,0.05,1.0,0.05,6,2139212549,M2,689752ec2d69,1.0,0.699,1.0,0.7893,0.0,0.0401,0.0093,,0.3051,299,0,236
W-absence,300,0.05,1.0,0.05,6,2139212549,M1+pausa,689752ec2d69,1.0,0.699,0.9264,0.7191,0.0736,0.0769,0.0689,,0.3051,299,0,236
W-absence,300,0.05,1.0,0.05,7,1721432644,M0,689752ec2d69,1.0,0.699,0.9197,0.6856,0.0803,0.0502,0.0891,,0.2949,299,0,234
W-absence,300,0.05,1.0,0.05,7,1721432644,M1,689752ec2d69,1.0,0.699,0.9197,0.6856,0.0803,0.0502,0.0742,,0.2949,299,0,234
W-absence,300,0.05,1.0,0.05,7,1721432644,M2,689752ec2d69,1.0,0.699,1.0,0.7559,0.0,0.0401,0.0092,,0.2949,299,0,234
W-absence,300,0.05,1.0,0.05,7,1721432644,M1+pausa,689752ec2d69,1.0,0.699,0.9197,0.6856,0.0803,0.0502,0.0742,,0.2949,299,0,234
W-absence,300,0.05,1.0,0.05,8,1627580043,M0,689752ec2d69,1.0,0.699,0.913,0.6589,0.087,0.0167,0.0792,,0.3071,299,0,241
W-absence,300,0.05,1.0,0.05,8,1627580043,M1,689752ec2d69,1.0,0.699,0.913,0.6589,0.087,0.0167,0.0796,,0.3071,299,0,241
W-absence,300,0.05,1.0,0.05,8,1627580043,M2,689752ec2d69,1.0,0.699,1.0,0.7358,0.0,0.0134,0.0092,,0.3071,299,0,241
W-absence,300,0.05,1.0,0.05,8,1627580043,M1+pausa,689752ec2d69,1.0,0.699,0.913,0.6589,0.087,0.0167,0.0796,,0.3071,299,0,241
W-absence,300,0.05,1.0,0.05,9,2014959562,M0,689752ec2d69,1.0,0.699,0.9231,0.6957,0.0769,0.0569,0.1702,,0.3018,299,0,275
W-absence,300,0.05,1.0,0.05,9,2014959562,M1,689752ec2d69,1.0,0.699,0.9231,0.6957,0.0769,0.0569,0.0715,,0.3018,299,0,275
W-absence,300,0.05,1.0,0.05,9,2014959562,M2,689752ec2d69,1.0,0.699,1.0,0.7659,0.0,0.0401,0.0093,,0.3018,299,0,275
W-absence,300,0.05,1.0,0.05,9,2014959562,M1+pausa,689752ec2d69,1.0,0.699,0.9231,0.6957,0.0769,0.0569,0.0715,,0.3018,299,0,275
W-absence,300,0.05,1.0,0.05,10,2129313080,M0,689752ec2d69,1.0,0.699,0.9365,0.6756,0.0635,0.0702,0.0892,,0.3264,299,0,242
W-absence,300,0.05,1.0,0.05,10,2129313080,M1,689752ec2d69,1.0,0.699,0.9365,0.6756,0.0635,0.0702,0.0608,,0.3264,299,0,242
W-absence,300,0.05,1.0,0.05,10,2129313080,M2,689752ec2d69,1.0,0.699,1.0,0.7324,0.0,0.0569,0.0094,,0.3264,299,0,242
W-absence,300,0.05,1.0,0.05,10,2129313080,M1+pausa,689752ec2d69,1.0,0.699,0.9365,0.6756,0.0635,0.0702,0.0608,,0.3264,299,0,242
W-absence,300,0.05,1.0,0.05,11,1743883385,M0,689752ec2d69,1.0,0.699,0.9398,0.6957,0.0602,0.0836,0.0883,,0.2892,299,0,249
W-absence,300,0.05,1.0,0.05,11,1743883385,M1,689752ec2d69,1.0,0.699,0.9398,0.6957,0.0602,0.0836,0.0582,,0.2892,299,0,249
W-absence,300,0.05,1.0,0.05,11,1743883385,M2,689752ec2d69,1.0,0.699,1.0,0.7525,0.0,0.0702,0.0094,,0.2892,299,0,249
W-absence,300,0.05,1.0,0.05,11,1743883385,M1+pausa,689752ec2d69,1.0,0.699,0.9398,0.6957,0.0602,0.0836,0.0582,,0.2892,299,0,249
W-absence,300,0.05,1.0,0.05,12,1289543610,M0,689752ec2d69,1.0,0.699,0.9498,0.6923,0.0502,0.0635,0.0468,,0.2936,299,0,235
W-absence,300,0.05,1.0,0.05,12,1289543610,M1,689752ec2d69,1.0,0.699,0.9498,0.6923,0.0502,0.0635,0.0501,,0.2936,299,0,235
W-absence,300,0.05,1.0,0.05,12,1289543610,M2,689752ec2d69,1.0,0.699,1.0,0.7425,0.0,0.0435,0.0095,,0.2936,299,0,235
W-absence,300,0.05,1.0,0.05,12,1289543610,M1+pausa,689752ec2d69,1.0,0.699,0.9498,0.6923,0.0502,0.0635,0.0501,,0.2936,299,0,235
W-absence,300,0.05,1.0,0.05,13,1439166203,M0,689752ec2d69,1.0,0.699,0.9231,0.6756,0.0769,0.0669,0.0956,,0.2851,299,0,242
W-absence,300,0.05,1.0,0.05,13,1439166203,M1,689752ec2d69,1.0,0.699,0.9231,0.6756,0.0769,0.0669,0.0715,,0.2851,299,0,242
W-absence,300,0.05,1.0,0.05,13,1439166203,M2,689752ec2d69,1.0,0.699,1.0,0.7391,0.0,0.0535,0.0093,,0.2851,299,0,242
W-absence,300,0.05,1.0,0.05,13,1439166203,M1+pausa,689752ec2d69,1.0,0.699,0.9231,0.6756,0.0769,0.0669,0.0715,,0.2851,299,0,242
W-absence,300,0.05,1.0,0.05,14,445020220,M0,689752ec2d69,1.0,0.699,0.9164,0.6555,0.0836,0.0635,0.0895,,0.2886,299,0,246
W-absence,300,0.05,1.0,0.05,14,445020220,M1,689752ec2d69,1.0,0.699,0.9164,0.6555,0.0836,0.0635,0.0769,,0.2886,299,0,246
W-absence,300,0.05,1.0,0.05,14,445020220,M2,689752ec2d69,1.0,0.699,1.0,0.7358,0.0,0.0435,0.0092,,0.2886,299,0,246
W-absence,300,0.05,1.0,0.05,14,445020220,M1+pausa,689752ec2d69,1.0,0.699,0.9164,0.6555,0.0836,0.0635,0.0769,,0.2886,299,0,246
W-absence,300,0.05,1.0,0.05,15,60639613,M0,689752ec2d69,1.0,0.699,0.9231,0.6957,0.0769,0.0702,0.0819,,0.3028,299,0,251
W-absence,300,0.05,1.0,0.05,15,60639613,M1,689752ec2d69,1.0,0.699,0.9231,0.6957,0.0769,0.0702,0.0715,,0.3028,299,0,251
W-absence,300,0.05,1.0,0.05,15,60639613,M2,689752ec2d69,1.0,0.699,1.0,0.7592,0.0,0.0569,0.0093,,0.3028,299,0,251
W-absence,300,0.05,1.0,0.05,15,60639613,M1+pausa,689752ec2d69,1.0,0.699,0.9231,0.6957,0.0769,0.0702,0.0715,,0.3028,299,0,251
W-absence,300,0.05,1.0,0.05,16,682629822,M0,689752ec2d69,1.0,0.699,0.9398,0.699,0.0602,0.0836,0.0694,,0.3109,299,0,238
W-absence,300,0.05,1.0,0.05,16,682629822,M1,689752ec2d69,1.0,0.699,0.9398,0.699,0.0602,0.0836,0.0582,,0.3109,299,0,238
W-absence,300,0.05,1.0,0.05,16,682629822,M2,689752ec2d69,1.0,0.699,1.0,0.7592,0.0,0.0635,0.0094,,0.3109,299,0,238
W-absence,300,0.05,1.0,0.05,16,682629822,M1+pausa,689752ec2d69,1.0,0.699,0.9398,0.699,0.0602,0.0836,0.0582,,0.3109,299,0,238
W-absence,300,0.05,1.0,0.05,17,833301503,M0,689752ec2d69,1.0,0.699,0.9398,0.6789,0.0602,0.0769,0.0725,,0.2951,299,0,244
W-absence,300,0.05,1.0,0.05,17,833301503,M1,689752ec2d69,1.0,0.699,0.9398,0.6789,0.0602,0.0769,0.0582,,0.2951,299,0,244
W-absence,300,0.05,1.0,0.05,17,833301503,M2,689752ec2d69,1.0,0.699,1.0,0.7391,0.0,0.0669,0.0094,,0.2951,299,0,244
W-absence,300,0.05,1.0,0.05,17,833301503,M1+pausa,689752ec2d69,1.0,0.699,0.9398,0.6789,0.0602,0.0769,0.0582,,0.2951,299,0,244
W-absence,300,0.05,1.0,0.05,18,909326128,M0,689752ec2d69,1.0,0.699,0.893,0.7057,0.107,0.0435,0.1093,,0.2977,299,0,262
W-absence,300,0.05,1.0,0.05,18,909326128,M1,689752ec2d69,1.0,0.699,0.893,0.7057,0.107,0.0435,0.0956,,0.2977,299,0,262
W-absence,300,0.05,1.0,0.05,18,909326128,M2,689752ec2d69,1.0,0.699,1.0,0.8094,0.0,0.0268,0.009,,0.2977,299,0,262
W-absence,300,0.05,1.0,0.05,18,909326128,M1+pausa,689752ec2d69,1.0,0.699,0.893,0.7057,0.107,0.0435,0.0956,,0.2977,299,0,262
W-absence,300,0.05,1.0,0.05,19,791152241,M0,689752ec2d69,1.0,0.699,0.9298,0.6756,0.0702,0.0736,0.1081,,0.3047,299,0,256
W-absence,300,0.05,1.0,0.05,19,791152241,M1,689752ec2d69,1.0,0.699,0.9298,0.6756,0.0702,0.0736,0.0662,,0.3047,299,0,256
W-absence,300,0.05,1.0,0.05,19,791152241,M2,689752ec2d69,1.0,0.699,1.0,0.7458,0.0,0.0535,0.0093,,0.3047,299,0,256
W-absence,300,0.05,1.0,0.05,19,791152241,M1+pausa,689752ec2d69,1.0,0.699,0.9298,0.6756,0.0702,0.0736,0.0662,,0.3047,299,0,256
W-absence,300,0.05,1.0,0.25,0,1679019400,M0,689752ec2d69,1.0,0.699,0.9532,0.5719,0.0468,0.1271,0.0567,,0.2829,299,0,251
W-absence,300,0.05,1.0,0.25,0,1679019400,M1,689752ec2d69,1.0,0.699,0.9532,0.5719,0.0468,0.1271,0.0475,,0.2829,299,0,251
W-absence,300,0.05,1.0,0.25,0,1679019400,M2,689752ec2d69,1.0,0.699,1.0,0.602,0.0,0.097,0.0096,,0.2829,299,0,251
W-absence,300,0.05,1.0,0.25,0,1679019400,M1+pausa,689752ec2d69,1.0,0.699,0.9532,0.5719,0.0468,0.1271,0.0475,,0.2829,299,0,251
W-absence,300,0.05,1.0,0.25,1,2097741001,M0,689752ec2d69,1.0,0.699,0.9298,0.5719,0.0702,0.1304,0.0857,,0.3092,299,0,262
W-absence,300,0.05,1.0,0.25,1,2097741001,M1,689752ec2d69,1.0,0.699,0.9298,0.5719,0.0702,0.1304,0.0662,,0.3092,299,0,262
W-absence,300,0.05,1.0,0.25,1,2097741001,M2,689752ec2d69,1.0,0.699,1.0,0.602,0.0,0.0936,0.0093,,0.3092,299,0,262
W-absence,300,0.05,1.0,0.25,1,2097741001,M1+pausa,689752ec2d69,1.0,0.699,0.9298,0.5719,0.0702,0.1304,0.0662,,0.3092,299,0,262
W-absence,300,0.05,1.0,0.25,2,1445310218,M0,689752ec2d69,1.0,0.699,0.9666,0.5819,0.0334,0.1104,0.063,,0.3173,299,0,249
W-absence,300,0.05,1.0,0.25,2,1445310218,M1,689752ec2d69,1.0,0.699,0.9666,0.5819,0.0334,0.1104,0.0368,,0.3173,299,0,249
W-absence,300,0.05,1.0,0.25,2,1445310218,M2,689752ec2d69,1.0,0.699,1.0,0.5987,0.0,0.0936,0.0097,,0.3173,299,0,249
W-absence,300,0.05,1.0,0.25,2,1445310218,M1+pausa,689752ec2d69,1.0,0.699,0.9666,0.5819,0.0334,0.1104,0.0368,,0.3173,299,0,249
W-absence,300,0.05,1.0,0.25,3,1329503819,M0,689752ec2d69,1.0,0.699,0.9365,0.5552,0.0635,0.1104,0.0702,,0.3056,299,0,252
W-absence,300,0.05,1.0,0.25,3,1329503819,M1,689752ec2d69,1.0,0.699,0.9365,0.5552,0.0635,0.1104,0.0608,,0.3056,299,0,252
W-absence,300,0.05,1.0,0.25,3,1329503819,M2,689752ec2d69,1.0,0.699,1.0,0.5886,0.0,0.0769,0.0094,,0.3056,299,0,252
W-absence,300,0.05,1.0,0.25,3,1329503819,M1+pausa,689752ec2d69,1.0,0.699,0.9365,0.5552,0.0635,0.1104,0.0608,,0.3056,299,0,252
W-absence,300,0.05,1.0,0.25,4,8325260,M0,689752ec2d69,1.0,0.699,0.9732,0.6054,0.0268,0.1137,0.0571,,0.2934,299,0,242
W-absence,300,0.05,1.0,0.25,4,8325260,M1,689752ec2d69,1.0,0.699,0.9732,0.6054,0.0268,0.1137,0.0314,,0.2934,299,0,242
W-absence,300,0.05,1.0,0.25,4,8325260,M2,689752ec2d69,1.0,0.699,1.0,0.6187,0.0,0.0936,0.0097,,0.2934,299,0,242
W-absence,300,0.05,1.0,0.25,4,8325260,M1+pausa,689752ec2d69,1.0,0.699,0.9732,0.6054,0.0268,0.1137,0.0314,,0.2934,299,0,242
W-absence,300,0.05,1.0,0.25,5,425998797,M0,689752ec2d69,1.0,0.699,0.9431,0.6154,0.0569,0.0936,0.065,,0.3045,299,0,266
W-absence,300,0.05,1.0,0.25,5,425998797,M1,689752ec2d69,1.0,0.699,0.9431,0.6154,0.0569,0.0936,0.0555,,0.3045,299,0,266
W-absence,300,0.05,1.0,0.25,5,425998797,M2,689752ec2d69,1.0,0.699,1.0,0.6488,0.0,0.0669,0.0095,,0.3045,299,0,266
W-absence,300,0.05,1.0,0.25,5,425998797,M1+pausa,689752ec2d69,1.0,0.699,0.9431,0.6154,0.0569,0.0936,0.0555,,0.3045,299,0,266
W-absence,300,0.05,1.0,0.25,6,843672078,M0,689752ec2d69,1.0,0.699,0.9465,0.6221,0.0535,0.0903,0.0441,,0.3102,299,0,245
W-absence,300,0.05,1.0,0.25,6,843672078,M1,689752ec2d69,1.0,0.699,0.9465,0.6221,0.0535,0.0903,0.0528,,0.3102,299,0,245
W-absence,300,0.05,1.0,0.25,6,843672078,M2,689752ec2d69,1.0,0.699,1.0,0.6622,0.0,0.0602,0.0095,,0.3102,299,0,245
W-absence,300,0.05,1.0,0.25,6,843672078,M1+pausa,689752ec2d69,1.0,0.699,0.9465,0.6221,0.0535,0.0903,0.0528,,0.3102,299,0,245
W-absence,300,0.05,1.0,0.25,7,726817615,M0,689752ec2d69,1.0,0.699,0.9666,0.5619,0.0334,0.0903,0.0534,,0.3042,299,0,240
W-absence,300,0.05,1.0,0.25,7,726817615,M1,689752ec2d69,1.0,0.699,0.9666,0.5619,0.0334,0.0903,0.0368,,0.3042,299,0,240
W-absence,300,0.05,1.0,0.25,7,726817615,M2,689752ec2d69,1.0,0.699,1.0,0.5786,0.0,0.0736,0.0097,,0.3042,299,0,240
W-absence,300,0.05,1.0,0.25,7,726817615,M1+pausa,689752ec2d69,1.0,0.699,0.9666,0.5619,0.0334,0.0903,0.0368,,0.3042,299,0,240
W-absence,300,0.05,1.0,0.25,8,751454080,M0,689752ec2d69,1.0,0.699,0.9465,0.6154,0.0535,0.1037,0.0739,,0.3008,299,0,246
W-absence,300,0.05,1.0,0.25,8,751454080,M1,689752ec2d69,1.0,0.699,0.9465,0.6154,0.0535,0.1037,0.0528,,0.3008,299,0,246
W-absence,300,0.05,1.0,0.25,8,751454080,M2,689752ec2d69,1.0,0.699,1.0,0.6488,0.0,0.0669,0.0095,,0.3008,299,0,246
W-absence,300,0.05,1.0,0.25,8,751454080,M1+pausa,689752ec2d69,1.0,0.699,0.9465,0.6154,0.0535,0.1037,0.0528,,0.3008,299,0,246
W-absence,300,0.05,1.0,0.25,9,902919873,M0,689752ec2d69,1.0,0.699,0.9264,0.5719,0.0736,0.1338,0.074,,0.2988,299,0,241
W-absence,300,0.05,1.0,0.25,9,902919873,M1,689752ec2d69,1.0,0.699,0.9264,0.5719,0.0736,0.1338,0.0689,,0.2988,299,0,241
W-absence,300,0.05,1.0,0.25,9,902919873,M2,689752ec2d69,1.0,0.699,1.0,0.6087,0.0,0.097,0.0093,,0.2988,299,0,241
W-absence,300,0.05,1.0,0.25,9,902919873,M1+pausa,689752ec2d69,1.0,0.699,0.9264,0.5719,0.0736,0.1338,0.0689,,0.2988,299,0,241
W-absence,300,0.05,1.0,0.25,10,1769319441,M0,689752ec2d69,1.0,0.699,0.9264,0.612,0.0736,0.097,0.05,,0.3307,299,0,251
W-absence,300,0.05,1.0,0.25,10,1769319441,M1,689752ec2d69,1.0,0.699,0.9264,0.612,0.0736,0.097,0.0689,,0.3307,299,0,251
W-absence,300,0.05,1.0,0.25,10,1769319441,M2,689752ec2d69,1.0,0.699,1.0,0.6455,0.0,0.0535,0.0093,,0.3307,299,0,251
W-absence,300,0.05,1.0,0.25,10,1769319441,M1+pausa,689752ec2d69,1.0,0.699,0.9264,0.612,0.0736,0.097,0.0689,,0.3307,299,0,251
W-absence,300,0.05,1.0,0.25,11,1886297424,M0,689752ec2d69,1.0,0.699,0.9465,0.5987,0.0535,0.1171,0.0631,,0.3182,299,0,242
W-absence,300,0.05,1.0,0.25,11,1886297424,M1,689752ec2d69,1.0,0.699,0.9465,0.5987,0.0535,0.1171,0.0528,,0.3182,299,0,242
W-absence,300,0.05,1.0,0.25,11,1886297424,M2,689752ec2d69,1.0,0.699,1.0,0.6355,0.0,0.0936,0.0095,,0.3182,299,0,242
W-absence,300,0.05,1.0,0.25,11,1886297424,M1+pausa,689752ec2d69,1.0,0.699,0.9465,0.5987,0.0535,0.1171,0.0528,,0.3182,299,0,242
W-absence,300,0.05,1.0,0.25,12,1531170451,M0,689752ec2d69,1.0,0.699,0.9365,0.5953,0.0635,0.087,0.0767,,0.2782,299,0,248
W-absence,300,0.05,1.0,0.25,12,1531170451,M1,689752ec2d69,1.0,0.699,0.9365,0.5953,0.0635,0.087,0.0608,,0.2782,299,0,248
W-absence,300,0.05,1.0,0.25,12,1531170451,M2,689752ec2d69,1.0,0.699,1.0,0.6187,0.0,0.0468,0.0094,,0.2782,299,0,248
W-absence,300,0.05,1.0,0.25,12,1531170451,M1+pausa,689752ec2d69,1.0,0.699,0.9365,0.5953,0.0635,0.087,0.0608,,0.2782,299,0,248
W-absence,300,0.05,1.0,0.25,13,1113128914,M0,689752ec2d69,1.0,0.699,0.9699,0.5552,0.0301,0.1003,0.1244,,0.2883,299,0,274
W-absence,300,0.05,1.0,0.25,13,1113128914,M1,689752ec2d69,1.0,0.699,0.9699,0.5552,0.0301,0.1003,0.0341,,0.2883,299,0,274
W-absence,300,0.05,1.0,0.25,13,1113128914,M2,689752ec2d69,1.0,0.699,1.0,0.5753,0.0,0.0903,0.0097,,0.2883,299,0,274
W-absence,300,0.05,1.0,0.25,13,1113128914,M1+pausa,689752ec2d69,1.0,0.699,0.9699,0.5552,0.0301,0.1003,0.0341,,0.2883,299,0,274
W-absence,300,0.05,1.0,0.25,14,219769109,M0,689752ec2d69,1.0,0.699,0.9465,0.5619,0.0535,0.1271,0.0451,,0.288,299,0,250
W-absence,300,0.05,1.0,0.25,14,219769109,M1,689752ec2d69,1.0,0.699,0.9465,0.5619,0.0535,0.1271,0.0528,,0.288,299,0,250
W-absence,300,0.05,1.0,0.25,14,219769109,M2,689752ec2d69,1.0,0.699,1.0,0.5987,0.0,0.0803,0.0095,,0.288,299,0,250
W-absence,300,0.05,1.0,0.25,14,219769109,M1+pausa,689752ec2d69,1.0,0.699,0.9465,0.5619,0.0535,0.1271,0.0528,,0.288,299,0,250
W-absence,300,0.05,1.0,0.25,15,335698004,M0,689752ec2d69,1.0,0.699,0.9331,0.5853,0.0669,0.1037,0.0569,,0.2934,299,0,259
W-absence,300,0.05,1.0,0.25,15,335698004,M1,689752ec2d69,1.0,0.699,0.9331,0.5853,0.0669,0.1037,0.0635,,0.2934,299,0,259
W-absence,300,0.05,1.0,0.25,15,335698004,M2,689752ec2d69,1.0,0.699,1.0,0.6288,0.0,0.0769,0.0094,,0.2934,299,0,259
W-absence,300,0.05,1.0,0.25,15,335698004,M1+pausa,689752ec2d69,1.0,0.699,0.9331,0.5853,0.0669,0.1037,0.0635,,0.2934,299,0,259
W-absence,300,0.05,1.0,0.25,16,1060047767,M0,689752ec2d69,1.0,0.699,0.9431,0.5953,0.0569,0.1171,0.0752,,0.3038,299,0,260
W-absence,300,0.05,1.0,0.25,16,1060047767,M1,689752ec2d69,1.0,0.699,0.9431,0.5953,0.0569,0.1171,0.0555,,0.3038,299,0,260
W-absence,300,0.05,1.0,0.25,16,1060047767,M2,689752ec2d69,1.0,0.699,1.0,0.6187,0.0,0.087,0.0095,,0.3038,299,0,260
W-absence,300,0.05,1.0,0.25,16,1060047767,M1+pausa,689752ec2d69,1.0,0.699,0.9431,0.5953,0.0569,0.1171,0.0555,,0.3038,299,0,260
W-absence,300,0.05,1.0,0.25,17,640957142,M0,689752ec2d69,1.0,0.699,0.9799,0.5719,0.0201,0.097,0.0348,,0.2844,299,0,218
W-absence,300,0.05,1.0,0.25,17,640957142,M1,689752ec2d69,1.0,0.699,0.9799,0.5719,0.0201,0.097,0.0261,,0.2844,299,0,218
W-absence,300,0.05,1.0,0.25,17,640957142,M2,689752ec2d69,1.0,0.699,1.0,0.5886,0.0,0.0803,0.0098,,0.2844,299,0,218
W-absence,300,0.05,1.0,0.25,17,640957142,M1+pausa,689752ec2d69,1.0,0.699,0.9799,0.5719,0.0201,0.097,0.0261,,0.2844,299,0,218
W-absence,300,0.05,1.0,0.25,18,564930073,M0,689752ec2d69,1.0,0.699,0.9365,0.5853,0.0635,0.097,0.0839,,0.2836,299,0,275
W-absence,300,0.05,1.0,0.25,18,564930073,M1,689752ec2d69,1.0,0.699,0.9365,0.5853,0.0635,0.097,0.0608,,0.2836,299,0,275
W-absence,300,0.05,1.0,0.25,18,564930073,M2,689752ec2d69,1.0,0.699,1.0,0.6154,0.0,0.0702,0.0094,,0.2836,299,0,275
W-absence,300,0.05,1.0,0.25,18,564930073,M1+pausa,689752ec2d69,1.0,0.699,0.9365,0.5853,0.0635,0.097,0.0608,,0.2836,299,0,275
W-absence,300,0.05,1.0,0.25,19,951523160,M0,689752ec2d69,1.0,0.699,0.9565,0.592,0.0435,0.1037,0.0602,,0.3065,299,0,248
W-absence,300,0.05,1.0,0.25,19,951523160,M1,689752ec2d69,1.0,0.699,0.9565,0.592,0.0435,0.1037,0.0448,,0.3065,299,0,248
W-absence,300,0.05,1.0,0.25,19,951523160,M2,689752ec2d69,1.0,0.699,1.0,0.6187,0.0,0.0736,0.0096,,0.3065,299,0,248
W-absence,300,0.05,1.0,0.25,19,951523160,M1+pausa,689752ec2d69,1.0,0.699,0.9565,0.592,0.0435,0.1037,0.0448,,0.3065,299,0,248
W-absence,300,0.05,0.7,0.05,0,1568055429,M0,689752ec2d69,1.0,0.699,0.9007,0.6821,0.0993,0.0066,0.094,,0.3145,151,0,124
W-absence,300,0.05,0.7,0.05,0,1568055429,M1,689752ec2d69,1.0,0.699,0.9007,0.6821,0.0993,0.0066,0.0895,,0.3145,151,0,124
W-absence,300,0.05,0.7,0.05,0,1568055429,M2,689752ec2d69,1.0,0.699,1.0,0.7682,0.0,0.0066,0.009,,0.3145,151,0,124
W-absence,300,0.05,0.7,0.05,0,1568055429,M1+pausa,689752ec2d69,1.0,0.699,0.9007,0.6821,0.0993,0.0066,0.0895,,0.3145,151,0,124
W-absence,300,0.05,0.7,0.05,1,1148031428,M0,689752ec2d69,1.0,0.699,0.95,0.6687,0.05,0.0625,0.0784,,0.3175,160,0,126
W-absence,300,0.05,0.7,0.05,1,1148031428,M1,689752ec2d69,1.0,0.699,0.95,0.6687,0.05,0.0625,0.05,,0.3175,160,0,126
W-absence,300,0.05,0.7,0.05,1,1148031428,M2,689752ec2d69,1.0,0.699,1.0,0.7125,0.0,0.0437,0.0095,,0.3175,160,0,126
W-absence,300,0.05,0.7,0.05,1,1148031428,M1+pausa,689752ec2d69,1.0,0.699,0.95,0.6687,0.05,0.0625,0.05,,0.3175,160,0,126
W-absence,300,0.05,0.7,0.05,2,1866514951,M0,689752ec2d69,1.0,0.699,0.9122,0.6689,0.0878,0.0676,0.0793,,0.3023,148,0,129
W-absence,300,0.05,0.7,0.05,2,1866514951,M1,689752ec2d69,1.0,0.699,0.9122,0.6689,0.0878,0.0676,0.0803,,0.3023,148,0,129
W-absence,300,0.05,0.7,0.05,2,1866514951,M2,689752ec2d69,1.0,0.699,1.0,0.75,0.0,0.0405,0.0092,,0.3023,148,0,129
W-absence,300,0.05,0.7,0.05,2,1866514951,M1+pausa,689752ec2d69,1.0,0.699,0.9122,0.6689,0.0878,0.0676,0.0803,,0.3023,148,0,129
W-absence,300,0.05,0.7,0.05,3,1985737542,M0,689752ec2d69,1.0,0.699,0.9186,0.686,0.0814,0.0523,0.1082,,0.3217,172,0,143
W-absence,300,0.05,0.7,0.05,3,1985737542,M1,689752ec2d69,1.0,0.699,0.9186,0.686,0.0814,0.0523,0.0751,,0.3217,172,0,143
W-absence,300,0.05,0.7,0.05,3,1985737542,M2,689752ec2d69,1.0,0.699,1.0,0.7616,0.0,0.0407,0.0092,,0.3217,172,0,143
W-absence,300,0.05,0.7,0.05,3,1985737542,M1+pausa,689752ec2d69,1.0,0.699,0.9186,0.686,0.0814,0.0523,0.0751,,0.3217,172,0,143
W-absence,300,0.05,0.7,0.05,4,958031233,M0,689752ec2d69,1.0,0.699,0.925,0.6875,0.075,0.05,0.0909,,0.2672,160,0,131
W-absence,300,0.05,0.7,0.05,4,958031233,M1,689752ec2d69,1.0,0.699,0.925,0.6875,0.075,0.05,0.07,,0.2672,160,0,131
W-absence,300,0.05,0.7,0.05,4,958031233,M2,689752ec2d69,1.0,0.699,1.0,0.7562,0.0,0.0375,0.0093,,0.2672,160,0,131
W-absence,300,0.05,0.7,0.05,4,958031233,M1+pausa,689752ec2d69,1.0,0.699,0.925,0.6875,0.075,0.05,0.07,,0.2672,160,0,131
W-absence,300,0.05,0.7,0.05,5,536958144,M0,689752ec2d69,1.0,0.699,0.9236,0.7014,0.0764,0.0903,0.0859,,0.2544,144,0,114
W-absence,300,0.05,0.7,0.05,5,536958144,M1,689752ec2d69,1.0,0.699,0.9236,0.7014,0.0764,0.0903,0.0711,,0.2544,144,0,114
W-absence,300,0.05,0.7,0.05,5,536958144,M2,689752ec2d69,1.0,0.699,1.0,0.7708,0.0,0.0694,0.0093,,0.2544,144,0,114
W-absence,300,0.05,0.7,0.05,5,536958144,M1+pausa,689752ec2d69,1.0,0.699,0.9236,0.7014,0.0764,0.0903,0.0711,,0.2544,144,0,114
W-absence,300,0.05,0.7,0.05,6,187434755,M0,689752ec2d69,1.0,0.699,0.9333,0.7267,0.0667,0.0533,0.0824,,0.3008,150,0,123
W-absence,300,0.05,0.7,0.05,6,187434755,M1,689752ec2d69,1.0,0.699,0.9333,0.7267,0.0667,0.0533,0.0633,,0.3008,150,0,123
W-absence,300,0.05,0.7,0.05,6,187434755,M2,689752ec2d69,1.0,0.699,1.0,0.7933,0.0,0.0467,0.0094,,0.3008,150,0,123
W-absence,300,0.05,0.7,0.05,6,187434755,M1+pausa,689752ec2d69,1.0,0.699,0.9333,0.7267,0.0667,0.0533,0.0633,,0.3008,150,0,123
W-absence,300,0.05,0.7,0.05,7,305608258,M0,689752ec2d69,1.0,0.699,0.9384,0.6438,0.0616,0.0548,0.1207,,0.3182,146,0,132
W-absence,300,0.05,0.7,0.05,7,305608258,M1,689752ec2d69,1.0,0.699,0.9384,0.6438,0.0616,0.0548,0.0593,,0.3182,146,0,132
W-absence,300,0.05,0.7,0.05,7,305608258,M2,689752ec2d69,1.0,0.699,1.0,0.7055,0.0,0.0411,0.0094,,0.3182,146,0,132
W-absence,300,0.05,0.7,0.05,7,305608258,M1+pausa,689752ec2d69,1.0,0.699,0.9384,0.6438,0.0616,0.0548,0.0593,,0.3182,146,0,132
W-absence,300,0.05,0.7,0.05,8,363801229,M0,689752ec2d69,1.0,0.699,0.9214,0.6643,0.0786,0.0714,0.0986,,0.3393,140,0,112
W-absence,300,0.05,0.7,0.05,8,363801229,M1,689752ec2d69,1.0,0.699,0.9214,0.6643,0.0786,0.0714,0.0729,,0.3393,140,0,112
W-absence,300,0.05,0.7,0.05,8,363801229,M2,689752ec2d69,1.0,0.699,1.0,0.7429,0.0,0.0429,0.0092,,0.3393,140,0,112
W-absence,300,0.05,0.7,0.05,8,363801229,M1+pausa,689752ec2d69,1.0,0.699,0.9214,0.6643,0.0786,0.0714,0.0729,,0.3393,140,0,112
W-absence,300,0.05,0.7,0.05,9,213130188,M0,689752ec2d69,1.0,0.699,0.931,0.7172,0.069,0.0276,0.1371,,0.2612,145,0,134
W-absence,300,0.05,0.7,0.05,9,213130188,M1,689752ec2d69,1.0,0.699,0.931,0.7172,0.069,0.0276,0.0652,,0.2612,145,0,134
W-absence,300,0.05,0.7,0.05,9,213130188,M2,689752ec2d69,1.0,0.699,1.0,0.7793,0.0,0.0207,0.0093,,0.2612,145,0,134
W-absence,300,0.05,0.7,0.05,9,213130188,M1+pausa,689752ec2d69,1.0,0.699,0.931,0.7172,0.069,0.0276,0.0652,,0.2612,145,0,134
W-absence,300,0.05,0.7,0.05,10,394114497,M0,689752ec2d69,1.0,0.699,0.9363,0.707,0.0637,0.0446,0.0853,,0.2687,157,0,134
W-absence,300,0.05,0.7,0.05,10,394114497,M1,689752ec2d69,1.0,0.699,0.9363,0.707,0.0637,0.0446,0.061,,0.2687,157,0,134
W-absence,300,0.05,0.7,0.05,10,394114497,M2,689752ec2d69,1.0,0.699,1.0,0.7643,0.0,0.0318,0.0094,,0.2687,157,0,134
W-absence,300,0.05,0.7,0.05,10,394114497,M1+pausa,689752ec2d69,1.0,0.699,0.9363,0.707,0.0637,0.0446,0.061,,0.2687,157,0,134
W-absence,300,0.05,0.7,0.05,11,241599616,M0,689752ec2d69,1.0,0.699,0.9341,0.7006,0.0659,0.0838,0.1158,,0.3357,167,0,143
W-absence,300,0.05,0.7,0.05,11,241599616,M1,689752ec2d69,1.0,0.699,0.9341,0.7006,0.0659,0.0838,0.0627,,0.3357,167,0,143
W-absence,300,0.05,0.7,0.05,11,241599616,M2,689752ec2d69,1.0,0.699,1.0,0.7605,0.0,0.0539,0.0094,,0.3357,167,0,143
W-absence,300,0.05,0.7,0.05,11,241599616,M1+pausa,689752ec2d69,1.0,0.699,0.9341,0.7006,0.0659,0.0838,0.0627,,0.3357,167,0,143
W-absence,300,0.05,0.7,0.05,12,625727299,M0,689752ec2d69,1.0,0.699,0.9275,0.6449,0.0725,0.087,0.1219,,0.3697,138,0,119
W-absence,300,0.05,0.7,0.05,12,625727299,M1,689752ec2d69,1.0,0.699,0.9275,0.6449,0.0725,0.087,0.068,,0.3697,138,0,119
W-absence,300,0.05,0.7,0.05,12,625727299,M2,689752ec2d69,1.0,0.699,1.0,0.7029,0.0,0.0652,0.0093,,0.3697,138,0,119
W-absence,300,0.05,0.7,0.05,12,625727299,M1+pausa,689752ec2d69,1.0,0.699,0.9275,0.6449,0.0725,0.087,0.068,,0.3697,138,0,119
W-absence,300,0.05,0.7,0.05,13,1011934722,M0,689752ec2d69,1.0,0.699,0.9134,0.6614,0.0866,0.0394,0.1017,,0.3217,127,0,115
W-absence,300,0.05,0.7,0.05,13,1011934722,M1,689752ec2d69,1.0,0.699,0.9134,0.6614,0.0866,0.0394,0.0793,,0.3217,127,0,115
W-absence,300,0.05,0.7,0.05,13,1011934722,M2,689752ec2d69,1.0,0.699,1.0,0.748,0.0,0.0236,0.0092,,0.3217,127,0,115
W-absence,300,0.05,0.7,0.05,13,1011934722,M1+pausa,689752ec2d69,1.0,0.699,0.9134,0.6614,0.0866,0.0394,0.0793,,0.3217,127,0,115
W-absence,300,0.05,0.7,0.05,14,1930522821,M0,689752ec2d69,1.0,0.699,0.961,0.7078,0.039,0.0649,0.06,,0.2574,154,0,136
W-absence,300,0.05,0.7,0.05,14,1930522821,M1,689752ec2d69,1.0,0.699,0.961,0.7078,0.039,0.0649,0.0412,,0.2574,154,0,136
W-absence,300,0.05,0.7,0.05,14,1930522821,M2,689752ec2d69,1.0,0.699,1.0,0.7403,0.0,0.0649,0.0096,,0.2574,154,0,136
W-absence,300,0.05,0.7,0.05,14,1930522821,M1+pausa,689752ec2d69,1.0,0.699,0.961,0.7078,0.039,0.0649,0.0412,,0.2574,154,0,136
W-absence,300,0.05,0.7,0.05,15,1779057028,M0,689752ec2d69,1.0,0.699,0.9184,0.6395,0.0816,0.1088,0.0981,,0.2869,147,0,122
W-absence,300,0.05,0.7,0.05,15,1779057028,M1,689752ec2d69,1.0,0.699,0.9184,0.6395,0.0816,0.1088,0.0753,,0.2869,147,0,122
W-absence,300,0.05,0.7,0.05,15,1779057028,M2,689752ec2d69,1.0,0.699,1.0,0.7211,0.0,0.0884,0.0092,,0.2869,147,0,122
W-absence,300,0.05,0.7,0.05,15,1779057028,M1+pausa,689752ec2d69,1.0,0.699,0.9184,0.6395,0.0816,0.1088,0.0753,,0.2869,147,0,122
W-absence,300,0.05,0.7,0.05,16,1093079623,M0,689752ec2d69,1.0,0.699,0.8931,0.6947,0.1069,0.0687,0.1127,,0.2768,131,0,112
W-absence,300,0.05,0.7,0.05,16,1093079623,M1,689752ec2d69,1.0,0.699,0.8931,0.6947,0.1069,0.0687,0.0955,,0.2768,131,0,112
W-absence,300,0.05,0.7,0.05,16,1093079623,M2,689752ec2d69,1.0,0.699,1.0,0.8015,0.0,0.0382,0.009,,0.2768,131,0,112
W-absence,300,0.05,0.7,0.05,16,1093079623,M1+pausa,689752ec2d69,1.0,0.699,0.8931,0.6947,0.1069,0.0687,0.0955,,0.2768,131,0,112
W-absence,300,0.05,0.7,0.05,17,1480336134,M0,689752ec2d69,1.0,0.699,0.8913,0.6232,0.1087,0.1014,0.1117,,0.3667,138,0,120
W-absence,300,0.05,0.7,0.05,17,1480336134,M1,689752ec2d69,1.0,0.699,0.8913,0.6232,0.1087,0.1014,0.097,,0.3667,138,0,120
W-absence,300,0.05,0.7,0.05,17,1480336134,M2,689752ec2d69,1.0,0.699,1.0,0.7101,0.0,0.087,0.009,,0.3667,138,0,120
W-absence,300,0.05,0.7,0.05,17,1480336134,M1+pausa,689752ec2d69,1.0,0.699,0.8913,0.6232,0.1087,0.1014,0.097,,0.3667,138,0,120
W-absence,300,0.05,0.7,0.05,18,1604599753,M0,689752ec2d69,1.0,0.699,0.9357,0.7357,0.0643,0.0857,0.092,,0.3364,140,0,107
W-absence,300,0.05,0.7,0.05,18,1604599753,M1,689752ec2d69,1.0,0.699,0.9357,0.7357,0.0643,0.0857,0.0614,,0.3364,140,0,107
W-absence,300,0.05,0.7,0.05,18,1604599753,M2,689752ec2d69,1.0,0.699,1.0,0.8,0.0,0.05,0.0094,,0.3364,140,0,107
W-absence,300,0.05,0.7,0.05,18,1604599753,M1+pausa,689752ec2d69,1.0,0.699,0.9357,0.7357,0.0643,0.0857,0.0614,,0.3364,140,0,107
W-absence,300,0.05,0.7,0.05,19,1186926216,M0,689752ec2d69,1.0,0.699,0.947,0.7152,0.053,0.053,0.0522,,0.25,151,0,124
W-absence,300,0.05,0.7,0.05,19,1186926216,M1,689752ec2d69,1.0,0.699,0.947,0.7152,0.053,0.053,0.0524,,0.25,151,0,124
W-absence,300,0.05,0.7,0.05,19,1186926216,M2,689752ec2d69,1.0,0.699,1.0,0.7682,0.0,0.0464,0.0095,,0.25,151,0,124
W-absence,300,0.05,0.7,0.05,19,1186926216,M1+pausa,689752ec2d69,1.0,0.699,0.947,0.7152,0.053,0.053,0.0524,,0.25,151,0,124
W-absence,300,0.05,0.7,0.25,0,280887694,M0,689752ec2d69,1.0,0.699,0.9315,0.6027,0.0685,0.1096,0.0694,,0.3083,146,0,120
W-absence,300,0.05,0.7,0.25,0,280887694,M1,689752ec2d69,1.0,0.699,0.9315,0.6027,0.0685,0.1096,0.0648,,0.3083,146,0,120
W-absence,300,0.05,0.7,0.25,0,280887694,M2,689752ec2d69,1.0,0.699,1.0,0.637,0.0,0.0685,0.0093,,0.3083,146,0,120
W-absence,300,0.05,0.7,0.25,0,280887694,M1+pausa,689752ec2d69,1.0,0.699,0.9315,0.6027,0.0685,0.1096,0.0648,,0.3083,146,0,120
W-absence,300,0.05,0.7,0.25,1,161820879,M0,689752ec2d69,1.0,0.699,0.9454,0.6011,0.0546,0.0765,0.0499,,0.3108,183,0,148
W-absence,300,0.05,0.7,0.25,1,161820879,M1,689752ec2d69,1.0,0.699,0.9454,0.6011,0.0546,0.0765,0.0537,,0.3108,183,0,148
W-absence,300,0.05,0.7,0.25,1,161820879,M2,689752ec2d69,1.0,0.699,1.0,0.6284,0.0,0.0492,0.0095,,0.3108,183,0,148
W-absence,300,0.05,0.7,0.25,1,161820879,M1+pausa,689752ec2d69,1.0,0.699,0.9454,0.6011,0.0546,0.0765,0.0537,,0.3108,183,0,148
W-absence,300,0.05,0.7,0.25,2,579363596,M0,689752ec2d69,1.0,0.699,0.9551,0.5962,0.0449,0.141,0.0586,,0.3237,156,0,139
W-absence,300,0.05,0.7,0.25,2,579363596,M1,689752ec2d69,1.0,0.699,0.9551,0.5962,0.0449,0.141,0.0459,,0.3237,156,0,139
W-absence,300,0.05,0.7,0.25,2,579363596,M2,689752ec2d69,1.0,0.699,1.0,0.6218,0.0,0.1154,0.0096,,0.3237,156,0,139
W-absence,300,0.05,0.7,0.25,2,579363596,M1+pausa,689752ec2d69,1.0,0.699,0.9551,0.5962,0.0449,0.141,0.0459,,0.3237,156,0,139
W-absence,300,0.05,0.7,0.25,3,999510605,M0,689752ec2d69,1.0,0.699,0.9221,0.5584,0.0779,0.1494,0.0626,,0.2891,154,0,128
W-absence,300,0.05,0.7,0.25,3,999510605,M1,689752ec2d69,1.0,0.699,0.9221,0.5584,0.0779,0.1494,0.0723,,0.2891,154,0,128
W-absence,300,0.05,0.7,0.25,3,999510605,M2,689752ec2d69,1.0,0.699,1.0,0.6104,0.0,0.0779,0.0093,,0.2891,154,0,128
W-absence,300,0.05,0.7,0.25,3,999510605,M1+pausa,689752ec2d69,1.0,0.699,0.9221,0.5584,0.0779,0.1494,0.0723,,0.2891,154,0,128
W-absence,300,0.05,0.7,0.25,4,1959969930,M0,689752ec2d69,1.0,0.699,0.9404,0.5364,0.0596,0.0993,0.0687,,0.2984,151,0,124
W-absence,300,0.05,0.7,0.25,4,1959969930,M1,689752ec2d69,1.0,0.699,0.9404,0.5364,0.0596,0.0993,0.0577,,0.2984,151,0,124
W-absence,300,0.05,0.7,0.25,4,1959969930,M2,689752ec2d69,1.0,0.699,1.0,0.5762,0.0,0.0728,0.0094,,0.2984,151,0,124
W-absence,300,0.05,0.7,0.25,4,1959969930,M1+pausa,689752ec2d69,1.0,0.699,0.9404,0.5364,0.0596,0.0993,0.0577,,0.2984,151,0,124
W-absence,300,0.05,0.7,0.25,5,1841952203,M0,689752ec2d69,1.0,0.699,0.9562,0.5766,0.0438,0.1168,0.071,,0.3175,137,0,126
W-absence,300,0.05,0.7,0.25,5,1841952203,M1,689752ec2d69,1.0,0.699,0.9562,0.5766,0.0438,0.1168,0.045,,0.3175,137,0,126
W-absence,300,0.05,0.7,0.25,5,1841952203,M2,689752ec2d69,1.0,0.699,1.0,0.5912,0.0,0.0876,0.0096,,0.3175,137,0,126
W-absence,300,0.05,0.7,0.25,5,1841952203,M1+pausa,689752ec2d69,1.0,0.699,0.9562,0.5766,0.0438,0.1168,0.045,,0.3175,137,0,126
W-absence,300,0.05,0.7,0.25,6,1189389832,M0,689752ec2d69,1.0,0.699,0.9735,0.5762,0.0265,0.1192,0.0473,,0.2857,151,0,133
W-absence,300,0.05,0.7,0.25,6,1189389832,M1,689752ec2d69,1.0,0.699,0.9735,0.5762,0.0265,0.1192,0.0312,,0.2857,151,0,133
W-absence,300,0.05,0.7,0.25,6,1189389832,M2,689752ec2d69,1.0,0.699,1.0,0.596,0.0,0.106,0.0097,,0.2857,151,0,133
W-absence,300,0.05,0.7,0.25,6,1189389832,M1+pausa,689752ec2d69,1.0,0.699,0.9735,0.5762,0.0265,0.1192,0.0312,,0.2857,151,0,133
W-absence,300,0.05,0.7,0.25,7,1610585929,M0,689752ec2d69,1.0,0.699,0.958,0.5734,0.042,0.1189,0.0808,,0.2984,143,0,124
W-absence,300,0.05,0.7,0.25,7,1610585929,M1,689752ec2d69,1.0,0.699,0.958,0.5734,0.042,0.1189,0.0436,,0.2984,143,0,124
W-absence,300,0.05,0.7,0.25,7,1610585929,M2,689752ec2d69,1.0,0.699,1.0,0.5804,0.0,0.0909,0.0096,,0.2984,143,0,124
W-absence,300,0.05,0.7,0.25,7,1610585929,M1+pausa,689752ec2d69,1.0,0.699,0.958,0.5734,0.042,0.1189,0.0436,,0.2984,143,0,124
W-absence,300,0.05,0.7,0.25,8,1483180934,M0,689752ec2d69,1.0,0.699,0.95,0.5625,0.05,0.0875,0.0625,,0.3178,160,0,129
W-absence,300,0.05,0.7,0.25,8,1483180934,M1,689752ec2d69,1.0,0.699,0.95,0.5625,0.05,0.0875,0.05,,0.3178,160,0,129
W-absence,300,0.05,0.7,0.25,8,1483180934,M2,689752ec2d69,1.0,0.699,1.0,0.5938,0.0,0.0688,0.0095,,0.3178,160,0,129
W-absence,300,0.05,0.7,0.25,8,1483180934,M1+pausa,689752ec2d69,1.0,0.699,0.95,0.5625,0.05,0.0875,0.05,,0.3178,160,0,129
W-absence,300,0.05,0.7,0.25,9,1098693319,M0,689752ec2d69,1.0,0.699,0.9222,0.5509,0.0778,0.0958,0.0738,,0.3358,167,0,137
W-absence,300,0.05,0.7,0.25,9,1098693319,M1,689752ec2d69,1.0,0.699,0.9222,0.5509,0.0778,0.0958,0.0723,,0.3358,167,0,137
W-absence,300,0.05,0.7,0.25,9,1098693319,M2,689752ec2d69,1.0,0.699,1.0,0.5868,0.0,0.0539,0.0093,,0.3358,167,0,137
W-absence,300,0.05,0.7,0.25,9,1098693319,M1+pausa,689752ec2d69,1.0,0.699,0.9222,0.5509,0.0778,0.0958,0.0723,,0.3358,167,0,137
W-absence,300,0.05,0.7,0.25,10,14853352,M0,689752ec2d69,1.0,0.699,0.9577,0.5634,0.0423,0.1197,0.0738,,0.3025,142,0,119
W-absence,300,0.05,0.7,0.25,10,14853352,M1,689752ec2d69,1.0,0.699,0.9577,0.5634,0.0423,0.1197,0.0438,,0.3025,142,0,119
W-absence,300,0.05,0.7,0.25,10,14853352,M2,689752ec2d69,1.0,0.699,1.0,0.5986,0.0,0.0986,0.0096,,0.3025,142,0,119
W-absence,300,0.05,0.7,0.25,10,14853352,M1+pausa,689752ec2d69,1.0,0.699,0.9577,0.5634,0.0423,0.1197,0.0438,,0.3025,142,0,119
W-absence,300,0.05,0.7,0.25,11,435787177,M0,689752ec2d69,1.0,0.699,0.9419,0.5419,0.0581,0.1161,0.0823,,0.3277,155,0,119
W-absence,300,0.05,0.7,0.25,11,435787177,M1,689752ec2d69,1.0,0.699,0.9419,0.5419,0.0581,0.1161,0.0565,,0.3277,155,0,119
W-absence,300,0.05,0.7,0.25,11,435787177,M2,689752ec2d69,1.0,0.699,1.0,0.5806,0.0,0.0903,0.0094,,0.3277,155,0,119
W-absence,300,0.05,0.7,0.25,11,435787177,M1+pausa,689752ec2d69,1.0,0.699,0.9419,0.5419,0.0581,0.1161,0.0565,,0.3277,155,0,119
W-absence,300,0.05,0.7,0.25,12,852805226,M0,689752ec2d69,1.0,0.699,0.9664,0.604,0.0336,0.1074,0.08,,0.2459,149,0,122
W-absence,300,0.05,0.7,0.25,12,852805226,M1,689752ec2d69,1.0,0.699,0.9664,0.604,0.0336,0.1074,0.0368,,0.2459,149,0,122
W-absence,300,0.05,0.7,0.25,12,852805226,M2,689752ec2d69,1.0,0.699,1.0,0.6174,0.0,0.0805,0.0097,,0.2459,149,0,122
W-absence,300,0.05,0.7,0.25,12,852805226,M1+pausa,689752ec2d69,1.0,0.699,0.9664,0.604,0.0336,0.1074,0.0368,,0.2459,149,0,122
W-absence,300,0.05,0.7,0.25,13,735049515,M0,689752ec2d69,1.0,0.699,0.9784,0.554,0.0216,0.1295,0.0721,,0.2984,139,0,124
W-absence,300,0.05,0.7,0.25,13,735049515,M1,689752ec2d69,1.0,0.699,0.9784,0.554,0.0216,0.1295,0.0273,,0.2984,139,0,124
W-absence,300,0.05,0.7,0.25,13,735049515,M2,689752ec2d69,1.0,0.699,1.0,0.5683,0.0,0.1151,0.0098,,0.2984,139,0,124
W-absence,300,0.05,0.7,0.25,13,735049515,M1+pausa,689752ec2d69,1.0,0.699,0.9784,0.554,0.0216,0.1295,0.0273,,0.2984,139,0,124
W-absence,300,0.05,0.7,0.25,14,1687052780,M0,689752ec2d69,1.0,0.699,0.9771,0.5878,0.0229,0.1374,0.0446,,0.3694,131,0,111
W-absence,300,0.05,0.7,0.25,14,1687052780,M1,689752ec2d69,1.0,0.699,0.9771,0.5878,0.0229,0.1374,0.0283,,0.3694,131,0,111
W-absence,300,0.05,0.7,0.25,14,1687052780,M2,689752ec2d69,1.0,0.699,1.0,0.6031,0.0,0.1221,0.0098,,0.3694,131,0,111
W-absence,300,0.05,0.7,0.25,14,1687052780,M1+pausa,689752ec2d69,1.0,0.699,0.9771,0.5878,0.0229,0.1374,0.0283,,0.3694,131,0,111
W-absence,300,0.05,0.7,0.25,15,2106937517,M0,689752ec2d69,1.0,0.699,0.9323,0.5263,0.0677,0.1203,0.0594,,0.3214,133,0,112
W-absence,300,0.05,0.7,0.25,15,2106937517,M1,689752ec2d69,1.0,0.699,0.9323,0.5263,0.0677,0.1203,0.0641,,0.3214,133,0,112
W-absence,300,0.05,0.7,0.25,15,2106937517,M2,689752ec2d69,1.0,0.699,1.0,0.5564,0.0,0.0752,0.0094,,0.3214,133,0,112
W-absence,300,0.05,0.7,0.25,15,2106937517,M1+pausa,689752ec2d69,1.0,0.699,0.9323,0.5263,0.0677,0.1203,0.0641,,0.3214,133,0,112
W-absence,300,0.05,0.7,0.25,16,1454900078,M0,689752ec2d69,1.0,0.699,0.9194,0.5645,0.0806,0.0968,0.074,,0.2453,124,0,106
W-absence,300,0.05,0.7,0.25,16,1454900078,M1,689752ec2d69,1.0,0.699,0.9194,0.5645,0.0806,0.0968,0.0745,,0.2453,124,0,106
W-absence,300,0.05,0.7,0.25,16,1454900078,M2,689752ec2d69,1.0,0.699,1.0,0.629,0.0,0.0645,0.0092,,0.2453,124,0,106
W-absence,300,0.05,0.7,0.25,16,1454900078,M1+pausa,689752ec2d69,1.0,0.699,0.9194,0.5645,0.0806,0.0968,0.0745,,0.2453,124,0,106
W-absence,300,0.05,0.7,0.25,17,1336095279,M0,689752ec2d69,1.0,0.699,0.9649,0.5789,0.0351,0.0936,0.0532,,0.2786,171,0,140
W-absence,300,0.05,0.7,0.25,17,1336095279,M1,689752ec2d69,1.0,0.699,0.9649,0.5789,0.0351,0.0936,0.0381,,0.2786,171,0,140
W-absence,300,0.05,0.7,0.25,17,1336095279,M2,689752ec2d69,1.0,0.699,1.0,0.6023,0.0,0.076,0.0097,,0.2786,171,0,140
W-absence,300,0.05,0.7,0.25,17,1336095279,M1+pausa,689752ec2d69,1.0,0.699,0.9649,0.5789,0.0351,0.0936,0.0381,,0.2786,171,0,140
W-absence,300,0.05,0.7,0.25,18,1211838176,M0,689752ec2d69,1.0,0.699,0.9716,0.6383,0.0284,0.0922,0.0289,,0.3423,141,0,111
W-absence,300,0.05,0.7,0.25,18,1211838176,M1,689752ec2d69,1.0,0.699,0.9716,0.6383,0.0284,0.0922,0.0327,,0.3423,141,0,111
W-absence,300,0.05,0.7,0.25,18,1211838176,M2,689752ec2d69,1.0,0.699,1.0,0.6525,0.0,0.0709,0.0097,,0.3423,141,0,111
W-absence,300,0.05,0.7,0.25,18,1211838176,M1+pausa,689752ec2d69,1.0,0.699,0.9716,0.6383,0.0284,0.0922,0.0327,,0.3423,141,0,111
W-absence,300,0.05,0.7,0.25,19,1361059745,M0,689752ec2d69,1.0,0.699,0.9671,0.5461,0.0329,0.1053,0.0908,,0.3023,152,0,129
W-absence,300,0.05,0.7,0.25,19,1361059745,M1,689752ec2d69,1.0,0.699,0.9671,0.5461,0.0329,0.1053,0.0363,,0.3023,152,0,129
W-absence,300,0.05,0.7,0.25,19,1361059745,M2,689752ec2d69,1.0,0.699,1.0,0.5724,0.0,0.0921,0.0097,,0.3023,152,0,129
W-absence,300,0.05,0.7,0.25,19,1361059745,M1+pausa,689752ec2d69,1.0,0.699,0.9671,0.5461,0.0329,0.1053,0.0363,,0.3023,152,0,129
W-absence,300,0.3,1.0,0.05,0,1008588583,M0,689752ec2d69,1.0,0.699,0.9164,0.7057,0.0836,0.0936,0.098,,0.3012,299,0,249
W-absence,300,0.3,1.0,0.05,0,1008588583,M1,689752ec2d69,1.0,0.699,0.9164,0.7057,0.0836,0.0936,0.0769,,0.3012,299,0,249
W-absence,300,0.3,1.0,0.05,0,1008588583,M2,689752ec2d69,1.0,0.699,1.0,0.7826,0.0,0.0702,0.0092,,0.3012,299,0,249
W-absence,300,0.3,1.0,0.05,0,1008588583,M1+pausa,689752ec2d69,1.0,0.699,0.9164,0.7057,0.0836,0.0936,0.0769,,0.3012,299,0,249
W-absence,300,0.3,1.0,0.05,1,621209190,M0,689752ec2d69,1.0,0.699,0.9331,0.6856,0.0669,0.0401,0.0955,,0.3135,299,0,252
W-absence,300,0.3,1.0,0.05,1,621209190,M1,689752ec2d69,1.0,0.699,0.9331,0.6856,0.0669,0.0401,0.0635,,0.3135,299,0,252
W-absence,300,0.3,1.0,0.05,1,621209190,M2,689752ec2d69,1.0,0.699,1.0,0.7458,0.0,0.0268,0.0094,,0.3135,299,0,252
W-absence,300,0.3,1.0,0.05,1,621209190,M1+pausa,689752ec2d69,1.0,0.699,0.9331,0.6856,0.0669,0.0401,0.0635,,0.3135,299,0,252
W-absence,300,0.3,1.0,0.05,2,237745573,M0,689752ec2d69,1.0,0.699,0.9498,0.6722,0.0502,0.0201,0.1256,,0.2989,299,0,271
W-absence,300,0.3,1.0,0.05,2,237745573,M1,689752ec2d69,1.0,0.699,0.9498,0.6722,0.0502,0.0201,0.0501,,0.2989,299,0,271
W-absence,300,0.3,1.0,0.05,2,237745573,M2,689752ec2d69,1.0,0.699,1.0,0.7191,0.0,0.0167,0.0095,,0.2989,299,0,271
W-absence,300,0.3,1.0,0.05,2,237745573,M1+pausa,689752ec2d69,1.0,0.699,0.9498,0.6722,0.0502,0.0201,0.0501,,0.2989,299,0,271
W-absence,300,0.3,1.0,0.05,3,389055716,M0,689752ec2d69,1.0,0.699,0.9298,0.6856,0.0702,0.0803,0.0682,,0.3013,299,0,239
W-absence,300,0.3,1.0,0.05,3,389055716,M1,689752ec2d69,1.0,0.699,0.9298,0.6856,0.0702,0.0803,0.0662,,0.3013,299,0,239
W-absence,300,0.3,1.0,0.05,3,389055716,M2,689752ec2d69,1.0,0.699,1.0,0.7559,0.0,0.0635,0.0093,,0.3013,299,0,239
W-absence,300,0.3,1.0,0.05,3,389055716,M1+pausa,689752ec2d69,1.0,0.699,0.9298,0.6856,0.0702,0.0803,0.0662,,0.3013,299,0,239
W-absence,300,0.3,1.0,0.05,4,1483805219,M0,689752ec2d69,1.0,0.699,0.9298,0.699,0.0702,0.0803,0.0927,,0.2915,299,0,247
W-absence,300,0.3,1.0,0.05,4,1483805219,M1,689752ec2d69,1.0,0.699,0.9298,0.699,0.0702,0.0803,0.0662,,0.2915,299,0,247
W-absence,300,0.3,1.0,0.05,4,1483805219,M2,689752ec2d69,1.0,0.699,1.0,0.7692,0.0,0.0569,0.0093,,0.2915,299,0,247
W-absence,300,0.3,1.0,0.05,4,1483805219,M1+pausa,689752ec2d69,1.0,0.699,0.9298,0.699,0.0702,0.0803,0.0662,,0.2915,299,0,247
W-absence,300,0.3,1.0,0.05,5,1097474914,M0,689752ec2d69,1.0,0.699,0.9231,0.709,0.0769,0.0635,0.0858,,0.3208,299,0,240
W-absence,300,0.3,1.0,0.05,5,1097474914,M1,689752ec2d69,1.0,0.699,0.9231,0.709,0.0769,0.0635,0.0715,,0.3208,299,0,240
W-absence,300,0.3,1.0,0.05,5,1097474914,M2,689752ec2d69,1.0,0.699,1.0,0.7793,0.0,0.0569,0.0093,,0.3208,299,0,240
W-absence,300,0.3,1.0,0.05,5,1097474914,M1+pausa,689752ec2d69,1.0,0.699,0.9231,0.709,0.0769,0.0635,0.0715,,0.3208,299,0,240
W-absence,300,0.3,1.0,0.05,6,1783066785,M0,689752ec2d69,1.0,0.699,0.9197,0.689,0.0803,0.1104,0.0865,,0.318,299,0,239
W-absence,300,0.3,1.0,0.05,6,1783066785,M1,689752ec2d69,1.0,0.699,0.9197,0.689,0.0803,0.1104,0.0742,,0.318,299,0,239
W-absence,300,0.3,1.0,0.05,6,1783066785,M2,689752ec2d69,1.0,0.699,1.0,0.7592,0.0,0.0769,0.0092,,0.318,299,0,239
W-absence,300,0.3,1.0,0.05,6,1783066785,M1+pausa,689752ec2d69,1.0,0.699,0.9197,0.689,0.0803,0.1104,0.0742,,0.318,299,0,239
W-absence,300,0.3,1.0,0.05,7,1935426016,M0,689752ec2d69,1.0,0.699,0.9365,0.7157,0.0635,0.087,0.0712,,0.2811,299,0,249
W-absence,300,0.3,1.0,0.05,7,1935426016,M1,689752ec2d69,1.0,0.699,0.9365,0.7157,0.0635,0.087,0.0608,,0.2811,299,0,249
W-absence,300,0.3,1.0,0.05,7,1935426016,M2,689752ec2d69,1.0,0.699,1.0,0.7759,0.0,0.0702,0.0094,,0.2811,299,0,249
W-absence,300,0.3,1.0,0.05,7,1935426016,M1+pausa,689752ec2d69,1.0,0.699,0.9365,0.7157,0.0635,0.087,0.0608,,0.2811,299,0,249
W-absence,300,0.3,1.0,0.05,8,1959025967,M0,689752ec2d69,1.0,0.699,0.9164,0.6722,0.0836,0.0936,0.0945,,0.292,299,0,250
W-absence,300,0.3,1.0,0.05,8,1959025967,M1,689752ec2d69,1.0,0.699,0.9164,0.6722,0.0836,0.0936,0.0769,,0.292,299,0,250
W-absence,300,0.3,1.0,0.05,8,1959025967,M2,689752ec2d69,1.0,0.699,1.0,0.7525,0.0,0.0635,0.0092,,0.292,299,0,250
W-absence,300,0.3,1.0,0.05,8,1959025967,M1+pausa,689752ec2d69,1.0,0.699,0.9164,0.6722,0.0836,0.0936,0.0769,,0.292,299,0,250
W-absence,300,0.3,1.0,0.05,9,1843358830,M0,689752ec2d69,1.0,0.699,0.9365,0.6689,0.0635,0.0635,0.0942,,0.2969,299,0,256
W-absence,300,0.3,1.0,0.05,9,1843358830,M1,689752ec2d69,1.0,0.699,0.9365,0.6689,0.0635,0.0635,0.0608,,0.2969,299,0,256
W-absence,300,0.3,1.0,0.05,9,1843358830,M2,689752ec2d69,1.0,0.699,1.0,0.7324,0.0,0.0502,0.0094,,0.2969,299,0,256
W-absence,300,0.3,1.0,0.05,9,1843358830,M1+pausa,689752ec2d69,1.0,0.699,0.9365,0.6689,0.0635,0.0635,0.0608,,0.2969,299,0,256
W-absence,300,0.3,1.0,0.05,10,801381490,M0,689752ec2d69,1.0,0.699,0.9298,0.7057,0.0702,0.0836,0.1241,,0.2964,299,0,253
W-absence,300,0.3,1.0,0.05,10,801381490,M1,689752ec2d69,1.0,0.699,0.9298,0.7057,0.0702,0.0836,0.0662,,0.2964,299,0,253
W-absence,300,0.3,1.0,0.05,10,801381490,M2,689752ec2d69,1.0,0.699,1.0,0.7659,0.0,0.0569,0.0093,,0.2964,299,0,253
W-absence,300,0.3,1.0,0.05,10,801381490,M1+pausa,689752ec2d69,1.0,0.699,0.9298,0.7057,0.0702,0.0836,0.0662,,0.2964,299,0,253
W-absence,300,0.3,1.0,0.05,11,920595763,M0,689752ec2d69,1.0,0.699,0.9365,0.7023,0.0635,0.0602,0.1708,,0.3022,299,0,268
W-absence,300,0.3,1.0,0.05,11,920595763,M1,689752ec2d69,1.0,0.699,0.9365,0.7023,0.0635,0.0602,0.0608,,0.3022,299,0,268
W-absence,300,0.3,1.0,0.05,11,920595763,M2,689752ec2d69,1.0,0.699,1.0,0.7559,0.0,0.0468,0.0094,,0.3022,299,0,268
W-absence,300,0.3,1.0,0.05,11,920595763,M1+pausa,689752ec2d69,1.0,0.699,0.9365,0.7023,0.0635,0.0602,0.0608,,0.3022,299,0,268
W-absence,300,0.3,1.0,0.05,12,502431472,M0,689752ec2d69,1.0,0.699,0.9365,0.699,0.0635,0.0468,0.0843,,0.2863,299,0,241
W-absence,300,0.3,1.0,0.05,12,502431472,M1,689752ec2d69,1.0,0.699,0.9365,0.699,0.0635,0.0468,0.0608,,0.2863,299,0,241
W-absence,300,0.3,1.0,0.05,12,502431472,M2,689752ec2d69,1.0,0.699,1.0,0.7592,0.0,0.0268,0.0094,,0.2863,299,0,241
W-absence,300,0.3,1.0,0.05,12,502431472,M1+pausa,689752ec2d69,1.0,0.699,0.9365,0.699,0.0635,0.0468,0.0608,,0.2863,299,0,241
W-absence,300,0.3,1.0,0.05,13,82399153,M0,689752ec2d69,1.0,0.699,0.9298,0.699,0.0702,0.087,0.089,,0.2922,299,0,243
W-absence,300,0.3,1.0,0.05,13,82399153,M1,689752ec2d69,1.0,0.699,0.9298,0.699,0.0702,0.087,0.0662,,0.2922,299,0,243
W-absence,300,0.3,1.0,0.05,13,82399153,M2,689752ec2d69,1.0,0.699,1.0,0.7592,0.0,0.0803,0.0093,,0.2922,299,0,243
W-absence,300,0.3,1.0,0.05,13,82399153,M1+pausa,689752ec2d69,1.0,0.699,0.9298,0.699,0.0702,0.087,0.0662,,0.2922,299,0,243
W-absence,300,0.3,1.0,0.05,14,1269356918,M0,689752ec2d69,1.0,0.699,0.9164,0.6789,0.0836,0.0803,0.0999,,0.3008,299,0,246
W-absence,300,0.3,1.0,0.05,14,1269356918,M1,689752ec2d69,1.0,0.699,0.9164,0.6789,0.0836,0.0803,0.0769,,0.3008,299,0,246
W-absence,300,0.3,1.0,0.05,14,1269356918,M2,689752ec2d69,1.0,0.699,1.0,0.7559,0.0,0.0535,0.0092,,0.3008,299,0,246
W-absence,300,0.3,1.0,0.05,14,1269356918,M1+pausa,689752ec2d69,1.0,0.699,0.9164,0.6789,0.0836,0.0803,0.0769,,0.3008,299,0,246
W-absence,300,0.3,1.0,0.05,15,1387522103,M0,689752ec2d69,1.0,0.699,0.9365,0.6689,0.0635,0.0535,0.1396,,0.3028,299,0,251
W-absence,300,0.3,1.0,0.05,15,1387522103,M1,689752ec2d69,1.0,0.699,0.9365,0.6689,0.0635,0.0535,0.0608,,0.3028,299,0,251
W-absence,300,0.3,1.0,0.05,15,1387522103,M2,689752ec2d69,1.0,0.699,1.0,0.7324,0.0,0.0401,0.0094,,0.3028,299,0,251
W-absence,300,0.3,1.0,0.05,15,1387522103,M1+pausa,689752ec2d69,1.0,0.699,0.9365,0.6689,0.0635,0.0535,0.0608,,0.3028,299,0,251
W-absence,300,0.3,1.0,0.05,16,2040445940,M0,689752ec2d69,1.0,0.699,0.9064,0.6823,0.0936,0.0635,0.1059,,0.2963,299,0,243
W-absence,300,0.3,1.0,0.05,16,2040445940,M1,689752ec2d69,1.0,0.699,0.9064,0.6823,0.0936,0.0635,0.0849,,0.2963,299,0,243
W-absence,300,0.3,1.0,0.05,16,2040445940,M2,689752ec2d69,1.0,0.699,1.0,0.7692,0.0,0.0435,0.0091,,0.2963,299,0,243
W-absence,300,0.3,1.0,0.05,16,2040445940,M1+pausa,689752ec2d69,1.0,0.699,0.9064,0.6823,0.0936,0.0635,0.0849,,0.2963,299,0,243
W-absence,300,0.3,1.0,0.05,17,1619364533,M0,689752ec2d69,1.0,0.699,0.9331,0.6923,0.0669,0.0769,0.0783,,0.3057,299,0,265
W-absence,300,0.3,1.0,0.05,17,1619364533,M1,689752ec2d69,1.0,0.699,0.9331,0.6923,0.0669,0.0769,0.0635,,0.3057,299,0,265
W-absence,300,0.3,1.0,0.05,17,1619364533,M2,689752ec2d69,1.0,0.699,1.0,0.7525,0.0,0.0502,0.0094,,0.3057,299,0,265
W-absence,300,0.3,1.0,0.05,17,1619364533,M1+pausa,689752ec2d69,1.0,0.699,0.9331,0.6923,0.0669,0.0769,0.0635,,0.3057,299,0,265
W-absence,300,0.3,1.0,0.05,18,1729992314,M0,689752ec2d69,1.0,0.699,0.9298,0.6923,0.0702,0.0702,0.1121,,0.2988,299,0,251
W-absence,300,0.3,1.0,0.05,18,1729992314,M1,689752ec2d69,1.0,0.699,0.9298,0.6923,0.0702,0.0702,0.0662,,0.2988,299,0,251
W-absence,300,0.3,1.0,0.05,18,1729992314,M2,689752ec2d69,1.0,0.699,1.0,0.7525,0.0,0.0635,0.0093,,0.2988,299,0,251
W-absence,300,0.3,1.0,0.05,18,1729992314,M1+pausa,689752ec2d69,1.0,0.699,0.9298,0.6923,0.0702,0.0702,0.0662,,0.2988,299,0,251
W-absence,300,0.3,1.0,0.05,19,2114365243,M0,689752ec2d69,1.0,0.699,0.9398,0.689,0.0602,0.097,0.0893,,0.2846,299,0,246
W-absence,300,0.3,1.0,0.05,19,2114365243,M1,689752ec2d69,1.0,0.699,0.9398,0.689,0.0602,0.097,0.0582,,0.2846,299,0,246
W-absence,300,0.3,1.0,0.05,19,2114365243,M2,689752ec2d69,1.0,0.699,1.0,0.7425,0.0,0.0769,0.0094,,0.2846,299,0,246
W-absence,300,0.3,1.0,0.05,19,2114365243,M1+pausa,689752ec2d69,1.0,0.699,0.9398,0.689,0.0602,0.097,0.0582,,0.2846,299,0,246
W-absence,300,0.3,1.0,0.25,0,1909814828,M0,689752ec2d69,1.0,0.699,0.9465,0.5619,0.0535,0.1237,0.0753,,0.3293,299,0,249
W-absence,300,0.3,1.0,0.25,0,1909814828,M1,689752ec2d69,1.0,0.699,0.9465,0.5619,0.0535,0.1237,0.0528,,0.3293,299,0,249
W-absence,300,0.3,1.0,0.25,0,1909814828,M2,689752ec2d69,1.0,0.699,1.0,0.592,0.0,0.0936,0.0095,,0.3293,299,0,249
W-absence,300,0.3,1.0,0.25,0,1909814828,M1+pausa,689752ec2d69,1.0,0.699,0.9465,0.5619,0.0535,0.1237,0.0528,,0.3293,299,0,249
W-absence,300,0.3,1.0,0.25,1,1758349165,M0,689752ec2d69,1.0,0.699,0.9498,0.5652,0.0502,0.1204,0.091,,0.3145,299,0,248
W-absence,300,0.3,1.0,0.25,1,1758349165,M1,689752ec2d69,1.0,0.699,0.9498,0.5652,0.0502,0.1204,0.0501,,0.3145,299,0,248
W-absence,300,0.3,1.0,0.25,1,1758349165,M2,689752ec2d69,1.0,0.699,1.0,0.592,0.0,0.0736,0.0095,,0.3145,299,0,248
W-absence,300,0.3,1.0,0.25,1,1758349165,M1+pausa,689752ec2d69,1.0,0.699,0.9498,0.5652,0.0502,0.1204,0.0501,,0.3145,299,0,248
W-absence,300,0.3,1.0,0.25,2,1138955438,M0,689752ec2d69,1.0,0.699,0.9465,0.5753,0.0535,0.1037,0.0897,,0.3176,299,0,255
W-absence,300,0.3,1.0,0.25,2,1138955438,M1,689752ec2d69,1.0,0.699,0.9465,0.5753,0.0535,0.1037,0.0528,,0.3176,299,0,255
W-absence,300,0.3,1.0,0.25,2,1138955438,M2,689752ec2d69,1.0,0.699,1.0,0.602,0.0,0.0803,0.0095,,0.3176,299,0,255
W-absence,300,0.3,1.0,0.25,2,1138955438,M1+pausa,689752ec2d69,1.0,0.699,0.9465,0.5753,0.0535,0.1037,0.0528,,0.3176,299,0,255
W-absence,300,0.3,1.0,0.25,3,1526212079,M0,689752ec2d69,1.0,0.699,0.9498,0.5552,0.0502,0.1304,0.0984,,0.3125,299,0,240
W-absence,300,0.3,1.0,0.25,3,1526212079,M1,689752ec2d69,1.0,0.699,0.9498,0.5552,0.0502,0.1304,0.0501,,0.3125,299,0,240
W-absence,300,0.3,1.0,0.25,3,1526212079,M2,689752ec2d69,1.0,0.699,1.0,0.5886,0.0,0.097,0.0095,,0.3125,299,0,240
W-absence,300,0.3,1.0,0.25,3,1526212079,M1+pausa,689752ec2d69,1.0,0.699,0.9498,0.5552,0.0502,0.1304,0.0501,,0.3125,299,0,240
W-absence,300,0.3,1.0,0.25,4,364491560,M0,689752ec2d69,1.0,0.699,0.9666,0.6054,0.0334,0.1237,0.113,,0.2874,299,0,247
W-absence,300,0.3,1.0,0.25,4,364491560,M1,689752ec2d69,1.0,0.699,0.9666,0.6054,0.0334,0.1237,0.0368,,0.2874,299,0,247
W-absence,300,0.3,1.0,0.25,4,364491560,M2,689752ec2d69,1.0,0.699,1.0,0.6288,0.0,0.1003,0.0097,,0.2874,299,0,247
W-absence,300,0.3,1.0,0.25,4,364491560,M1+pausa,689752ec2d69,1.0,0.699,0.9666,0.6054,0.0334,0.1237,0.0368,,0.2874,299,0,247
W-absence,300,0.3,1.0,0.25,5,211976809,M0,689752ec2d69,1.0,0.699,0.9465,0.5953,0.0535,0.1237,0.0856,,0.3074,299,0,270
W-absence,300,0.3,1.0,0.25,5,211976809,M1,689752ec2d69,1.0,0.699,0.9465,0.5953,0.0535,0.1237,0.0528,,0.3074,299,0,270
W-absence,300,0.3,1.0,0.25,5,211976809,M2,689752ec2d69,1.0,0.699,1.0,0.6288,0.0,0.0836,0.0095,,0.3074,299,0,270
W-absence,300,0.3,1.0,0.25,5,211976809,M1+pausa,689752ec2d69,1.0,0.699,0.9465,0.5953,0.0535,0.1237,0.0528,,0.3074,299,0,270
W-absence,300,0.3,1.0,0.25,6,663736746,M0,689752ec2d69,1.0,0.699,0.9532,0.5953,0.0468,0.0936,0.066,,0.313,299,0,246
W-absence,300,0.3,1.0,0.25,6,663736746,M1,689752ec2d69,1.0,0.699,0.9532,0.5953,0.0468,0.0936,0.0475,,0.313,299,0,246
W-absence,300,0.3,1.0,0.25,6,663736746,M2,689752ec2d69,1.0,0.699,1.0,0.6087,0.0,0.0702,0.0096,,0.313,299,0,246
W-absence,300,0.3,1.0,0.25,6,663736746,M1+pausa,689752ec2d69,1.0,0.699,0.9532,0.5953,0.0468,0.0936,0.0475,,0.313,299,0,246
W-absence,300,0.3,1.0,0.25,7,1049944299,M0,689752ec2d69,1.0,0.699,0.9465,0.602,0.0535,0.1037,0.0602,,0.3096,299,0,239
W-absence,300,0.3,1.0,0.25,7,1049944299,M1,689752ec2d69,1.0,0.699,0.9465,0.602,0.0535,0.1037,0.0528,,0.3096,299,0,239
W-absence,300,0.3,1.0,0.25,7,1049944299,M2,689752ec2d69,1.0,0.699,1.0,0.6355,0.0,0.0669,0.0095,,0.3096,299,0,239
W-absence,300,0.3,1.0,0.25,7,1049944299,M1+pausa,689752ec2d69,1.0,0.699,0.9465,0.602,0.0535,0.1037,0.0528,,0.3096,299,0,239
W-absence,300,0.3,1.0,0.25,8,957152292,M0,689752ec2d69,1.0,0.699,0.9565,0.5987,0.0435,0.097,0.0721,,0.2881,299,0,243
W-absence,300,0.3,1.0,0.25,8,957152292,M1,689752ec2d69,1.0,0.699,0.9565,0.5987,0.0435,0.097,0.0448,,0.2881,299,0,243
W-absence,300,0.3,1.0,0.25,8,957152292,M2,689752ec2d69,1.0,0.699,1.0,0.6221,0.0,0.0803,0.0096,,0.2881,299,0,243
W-absence,300,0.3,1.0,0.25,8,957152292,M1+pausa,689752ec2d69,1.0,0.699,0.9565,0.5987,0.0435,0.097,0.0448,,0.2881,299,0,243
W-absence,300,0.3,1.0,0.25,9,538430821,M0,689752ec2d69,1.0,0.699,0.9632,0.5552,0.0368,0.087,0.113,,0.2944,299,0,248
W-absence,300,0.3,1.0,0.25,9,538430821,M1,689752ec2d69,1.0,0.699,0.9632,0.5552,0.0368,0.087,0.0394,,0.2944,299,0,248
W-absence,300,0.3,1.0,0.25,9,538430821,M2,689752ec2d69,1.0,0.699,1.0,0.5853,0.0,0.0602,0.0096,,0.2944,299,0,248
W-absence,300,0.3,1.0,0.25,9,538430821,M1+pausa,689752ec2d69,1.0,0.699,0.9632,0.5552,0.0368,0.087,0.0394,,0.2944,299,0,248
W-absence,300,0.3,1.0,0.25,10,945491291,M0,689752ec2d69,1.0,0.699,0.9465,0.5886,0.0535,0.1037,0.0566,,0.296,299,0,250
W-absence,300,0.3,1.0,0.25,10,945491291,M1,689752ec2d69,1.0,0.699,0.9465,0.5886,0.0535,0.1037,0.0528,,0.296,299,0,250
W-absence,300,0.3,1.0,0.25,10,945491291,M2,689752ec2d69,1.0,0.699,1.0,0.6254,0.0,0.087,0.0095,,0.296,299,0,250
W-absence,300,0.3,1.0,0.25,10,945491291,M1+pausa,689752ec2d69,1.0,0.699,0.9465,0.5886,0.0535,0.1037,0.0528,,0.296,299,0,250
W-absence,300,0.3,1.0,0.25,11,557857818,M0,689752ec2d69,1.0,0.699,0.9632,0.6054,0.0368,0.1003,0.0416,,0.3071,299,0,254
W-absence,300,0.3,1.0,0.25,11,557857818,M1,689752ec2d69,1.0,0.699,0.9632,0.6054,0.0368,0.1003,0.0394,,0.3071,299,0,254
W-absence,300,0.3,1.0,0.25,11,557857818,M2,689752ec2d69,1.0,0.699,1.0,0.6254,0.0,0.0769,0.0096,,0.3071,299,0,254
W-absence,300,0.3,1.0,0.25,11,557857818,M1+pausa,689752ec2d69,1.0,0.699,0.9632,0.6054,0.0368,0.1003,0.0394,,0.3071,299,0,254
W-absence,300,0.3,1.0,0.25,12,174944217,M0,689752ec2d69,1.0,0.699,0.9498,0.5786,0.0502,0.1003,0.0877,,0.3004,299,0,253
W-absence,300,0.3,1.0,0.25,12,174944217,M1,689752ec2d69,1.0,0.699,0.9498,0.5786,0.0502,0.1003,0.0501,,0.3004,299,0,253
W-absence,300,0.3,1.0,0.25,12,174944217,M2,689752ec2d69,1.0,0.699,1.0,0.602,0.0,0.0702,0.0095,,0.3004,299,0,253
W-absence,300,0.3,1.0,0.25,12,174944217,M1+pausa,689752ec2d69,1.0,0.699,0.9498,0.5786,0.0502,0.1003,0.0501,,0.3004,299,0,253
W-absence,300,0.3,1.0,0.25,13,326524568,M0,689752ec2d69,1.0,0.699,0.9365,0.5987,0.0635,0.1003,0.0655,,0.318,299,0,261
W-absence,300,0.3,1.0,0.25,13,326524568,M1,689752ec2d69,1.0,0.699,0.9365,0.5987,0.0635,0.1003,0.0608,,0.318,299,0,261
W-absence,300,0.3,1.0,0.25,13,326524568,M2,689752ec2d69,1.0,0.699,1.0,0.6321,0.0,0.0803,0.0094,,0.318,299,0,261
W-absence,300,0.3,1.0,0.25,13,326524568,M1+pausa,689752ec2d69,1.0,0.699,0.9365,0.5987,0.0635,0.1003,0.0608,,0.318,299,0,261
W-absence,300,0.3,1.0,0.25,14,1547159647,M0,689752ec2d69,1.0,0.699,0.9431,0.6054,0.0569,0.107,0.0553,,0.3128,299,0,227
W-absence,300,0.3,1.0,0.25,14,1547159647,M1,689752ec2d69,1.0,0.699,0.9431,0.6054,0.0569,0.107,0.0555,,0.3128,299,0,227
W-absence,300,0.3,1.0,0.25,14,1547159647,M2,689752ec2d69,1.0,0.699,1.0,0.6455,0.0,0.0669,0.0095,,0.3128,299,0,227
W-absence,300,0.3,1.0,0.25,14,1547159647,M1+pausa,689752ec2d69,1.0,0.699,0.9431,0.6054,0.0569,0.107,0.0555,,0.3128,299,0,227
W-absence,300,0.3,1.0,0.25,15,1160575262,M0,689752ec2d69,1.0,0.699,0.9331,0.5619,0.0669,0.1338,0.0988,,0.3143,299,0,245
W-absence,300,0.3,1.0,0.25,15,1160575262,M1,689752ec2d69,1.0,0.699,0.9331,0.5619,0.0669,0.1338,0.0635,,0.3143,299,0,245
W-absence,300,0.3,1.0,0.25,15,1160575262,M2,689752ec2d69,1.0,0.699,1.0,0.6054,0.0,0.0936,0.0094,,0.3143,299,0,245
W-absence,300,0.3,1.0,0.25,15,1160575262,M1+pausa,689752ec2d69,1.0,0.699,0.9331,0.5619,0.0669,0.1338,0.0635,,0.3143,299,0,245
W-absence,300,0.3,1.0,0.25,16,1845603037,M0,689752ec2d69,1.0,0.699,0.9264,0.6187,0.0736,0.1037,0.093,,0.3172,299,0,268
W-absence,300,0.3,1.0,0.25,16,1845603037,M1,689752ec2d69,1.0,0.699,0.9264,0.6187,0.0736,0.1037,0.0689,,0.3172,299,0,268
W-absence,300,0.3,1.0,0.25,16,1845603037,M2,689752ec2d69,1.0,0.699,1.0,0.6656,0.0,0.0669,0.0093,,0.3172,299,0,268
W-absence,300,0.3,1.0,0.25,16,1845603037,M1+pausa,689752ec2d69,1.0,0.699,0.9264,0.6187,0.0736,0.1037,0.0689,,0.3172,299,0,268
W-absence,300,0.3,1.0,0.25,17,1998232476,M0,689752ec2d69,1.0,0.699,0.9331,0.6187,0.0669,0.1037,0.0744,,0.2767,299,0,253
W-absence,300,0.3,1.0,0.25,17,1998232476,M1,689752ec2d69,1.0,0.699,0.9331,0.6187,0.0669,0.1037,0.0635,,0.2767,299,0,253
W-absence,300,0.3,1.0,0.25,17,1998232476,M2,689752ec2d69,1.0,0.699,1.0,0.6555,0.0,0.0736,0.0094,,0.2767,299,0,253
W-absence,300,0.3,1.0,0.25,17,1998232476,M1+pausa,689752ec2d69,1.0,0.699,0.9331,0.6187,0.0669,0.1037,0.0635,,0.2767,299,0,253
W-absence,300,0.3,1.0,0.25,18,1887602515,M0,689752ec2d69,1.0,0.699,0.9365,0.6054,0.0635,0.0836,0.0631,,0.3143,299,0,245
W-absence,300,0.3,1.0,0.25,18,1887602515,M1,689752ec2d69,1.0,0.699,0.9365,0.6054,0.0635,0.0836,0.0608,,0.3143,299,0,245
W-absence,300,0.3,1.0,0.25,18,1887602515,M2,689752ec2d69,1.0,0.699,1.0,0.6388,0.0,0.0569,0.0094,,0.3143,299,0,245
W-absence,300,0.3,1.0,0.25,18,1887602515,M1+pausa,689752ec2d69,1.0,0.699,0.9365,0.6054,0.0635,0.0836,0.0608,,0.3143,299,0,245
W-absence,300,0.3,1.0,0.25,19,1771681298,M0,689752ec2d69,1.0,0.699,0.9465,0.6054,0.0535,0.087,0.073,,0.308,299,0,250
W-absence,300,0.3,1.0,0.25,19,1771681298,M1,689752ec2d69,1.0,0.699,0.9465,0.6054,0.0535,0.087,0.0528,,0.308,299,0,250
W-absence,300,0.3,1.0,0.25,19,1771681298,M2,689752ec2d69,1.0,0.699,1.0,0.6355,0.0,0.0569,0.0095,,0.308,299,0,250
W-absence,300,0.3,1.0,0.25,19,1771681298,M1+pausa,689752ec2d69,1.0,0.699,0.9465,0.6054,0.0535,0.087,0.0528,,0.308,299,0,250
W-absence,300,0.3,0.7,0.05,0,1219500833,M0,689752ec2d69,1.0,0.699,0.9079,0.6974,0.0921,0.0395,0.1056,,0.306,152,0,134
W-absence,300,0.3,0.7,0.05,0,1219500833,M1,689752ec2d69,1.0,0.699,0.9079,0.6974,0.0921,0.0395,0.0837,,0.306,152,0,134
W-absence,300,0.3,0.7,0.05,0,1219500833,M2,689752ec2d69,1.0,0.699,1.0,0.7763,0.0,0.0197,0.0091,,0.306,152,0,134
W-absence,300,0.3,0.7,0.05,0,1219500833,M1+pausa,689752ec2d69,1.0,0.699,0.9079,0.6974,0.0921,0.0395,0.0837,,0.306,152,0,134
W-absence,300,0.3,0.7,0.05,1,1370172000,M0,689752ec2d69,1.0,0.699,0.9179,0.6716,0.0821,0.1045,0.1203,,0.2661,134,0,109
W-absence,300,0.3,0.7,0.05,1,1370172000,M1,689752ec2d69,1.0,0.699,0.9179,0.6716,0.0821,0.1045,0.0757,,0.2661,134,0,109
W-absence,300,0.3,0.7,0.05,1,1370172000,M2,689752ec2d69,1.0,0.699,1.0,0.7463,0.0,0.0746,0.0092,,0.2661,134,0,109
W-absence,300,0.3,0.7,0.05,1,1370172000,M1+pausa,689752ec2d69,1.0,0.699,0.9179,0.6716,0.0821,0.1045,0.0757,,0.2661,134,0,109
W-absence,300,0.3,0.7,0.05,2,2055633315,M0,689752ec2d69,1.0,0.699,0.9236,0.7014,0.0764,0.0764,0.0944,,0.3277,144,0,119
W-absence,300,0.3,0.7,0.05,2,2055633315,M1,689752ec2d69,1.0,0.699,0.9236,0.7014,0.0764,0.0764,0.0711,,0.3277,144,0,119
W-absence,300,0.3,0.7,0.05,2,2055633315,M2,689752ec2d69,1.0,0.699,1.0,0.7708,0.0,0.0625,0.0093,,0.3277,144,0,119
W-absence,300,0.3,0.7,0.05,2,2055633315,M1+pausa,689752ec2d69,1.0,0.699,0.9236,0.7014,0.0764,0.0764,0.0711,,0.3277,144,0,119
W-absence,300,0.3,0.7,0.05,3,1671252194,M0,689752ec2d69,1.0,0.699,0.9231,0.6859,0.0769,0.0385,0.0957,,0.3015,156,0,136
W-absence,300,0.3,0.7,0.05,3,1671252194,M1,689752ec2d69,1.0,0.699,0.9231,0.6859,0.0769,0.0385,0.0715,,0.3015,156,0,136
W-absence,300,0.3,0.7,0.05,3,1671252194,M2,689752ec2d69,1.0,0.699,1.0,0.7564,0.0,0.0321,0.0093,,0.3015,156,0,136
W-absence,300,0.3,0.7,0.05,3,1671252194,M1+pausa,689752ec2d69,1.0,0.699,0.9231,0.6859,0.0769,0.0385,0.0715,,0.3015,156,0,136
W-absence,300,0.3,0.7,0.05,4,752672293,M0,689752ec2d69,1.0,0.699,0.9338,0.7219,0.0662,0.0927,0.1284,,0.265,151,0,117
W-absence,300,0.3,0.7,0.05,4,752672293,M1,689752ec2d69,1.0,0.699,0.9338,0.7219,0.0662,0.0927,0.063,,0.265,151,0,117
W-absence,300,0.3,0.7,0.05,4,752672293,M2,689752ec2d69,1.0,0.699,1.0,0.7881,0.0,0.053,0.0094,,0.265,151,0,117
W-absence,300,0.3,0.7,0.05,4,752672293,M1+pausa,689752ec2d69,1.0,0.699,0.9338,0.7219,0.0662,0.0927,0.063,,0.265,151,0,117
W-absence,300,0.3,0.7,0.05,5,902295396,M0,689752ec2d69,1.0,0.699,0.9231,0.7133,0.0769,0.0699,0.0885,,0.3186,143,0,113
W-absence,300,0.3,0.7,0.05,5,902295396,M1,689752ec2d69,1.0,0.699,0.9231,0.7133,0.0769,0.0699,0.0715,,0.3186,143,0,113
W-absence,300,0.3,0.7,0.05,5,902295396,M2,689752ec2d69,1.0,0.699,1.0,0.7902,0.0,0.0559,0.0093,,0.3186,143,0,113
W-absence,300,0.3,0.7,0.05,5,902295396,M1+pausa,689752ec2d69,1.0,0.699,0.9231,0.7133,0.0769,0.0699,0.0715,,0.3186,143,0,113
W-absence,300,0.3,0.7,0.05,6,518700199,M0,689752ec2d69,1.0,0.699,0.953,0.7047,0.047,0.0403,0.1023,,0.3136,149,0,118
W-absence,300,0.3,0.7,0.05,6,518700199,M1,689752ec2d69,1.0,0.699,0.953,0.7047,0.047,0.0403,0.0476,,0.3136,149,0,118
W-absence,300,0.3,0.7,0.05,6,518700199,M2,689752ec2d69,1.0,0.699,1.0,0.7517,0.0,0.0268,0.0095,,0.3136,149,0,118
W-absence,300,0.3,0.7,0.05,6,518700199,M1+pausa,689752ec2d69,1.0,0.699,0.953,0.7047,0.047,0.0403,0.0476,,0.3136,149,0,118
W-absence,300,0.3,0.7,0.05,7,133271014,M0,689752ec2d69,1.0,0.699,0.9362,0.6525,0.0638,0.0567,0.1033,,0.3043,141,0,115
W-absence,300,0.3,0.7,0.05,7,133271014,M1,689752ec2d69,1.0,0.699,0.9362,0.6525,0.0638,0.0567,0.0611,,0.3043,141,0,115
W-absence,300,0.3,0.7,0.05,7,133271014,M2,689752ec2d69,1.0,0.699,1.0,0.7163,0.0,0.0496,0.0094,,0.3043,141,0,115
W-absence,300,0.3,0.7,0.05,7,133271014,M1+pausa,689752ec2d69,1.0,0.699,0.9362,0.6525,0.0638,0.0567,0.0611,,0.3043,141,0,115
W-absence,300,0.3,0.7,0.05,8,6918441,M0,689752ec2d69,1.0,0.699,0.9323,0.7068,0.0677,0.0526,0.0586,,0.2636,133,0,110
W-absence,300,0.3,0.7,0.05,8,6918441,M1,689752ec2d69,1.0,0.699,0.9323,0.7068,0.0677,0.0526,0.0641,,0.2636,133,0,110
W-absence,300,0.3,0.7,0.05,8,6918441,M2,689752ec2d69,1.0,0.699,1.0,0.7669,0.0,0.0376,0.0094,,0.2636,133,0,110
W-absence,300,0.3,0.7,0.05,8,6918441,M1+pausa,689752ec2d69,1.0,0.699,0.9323,0.7068,0.0677,0.0526,0.0641,,0.2636,133,0,110
W-absence,300,0.3,0.7,0.05,9,426942568,M0,689752ec2d69,1.0,0.699,0.9231,0.6993,0.0769,0.028,0.0749,,0.2835,143,0,127
W-absence,300,0.3,0.7,0.05,9,426942568,M1,689752ec2d69,1.0,0.699,0.9231,0.6993,0.0769,0.028,0.0715,,0.2835,143,0,127
W-absence,300,0.3,0.7,0.05,9,426942568,M2,689752ec2d69,1.0,0.699,1.0,0.7552,0.0,0.021,0.0093,,0.2835,143,0,127
W-absence,300,0.3,0.7,0.05,9,426942568,M1+pausa,689752ec2d69,1.0,0.699,0.9231,0.6993,0.0769,0.028,0.0715,,0.2835,143,0,127
W-absence,300,0.3,0.7,0.05,10,1179849867,M0,689752ec2d69,1.0,0.699,0.9419,0.6774,0.0581,0.0452,0.0814,,0.306,155,0,134
W-absence,300,0.3,0.7,0.05,10,1179849867,M1,689752ec2d69,1.0,0.699,0.9419,0.6774,0.0581,0.0452,0.0565,,0.306,155,0,134
W-absence,300,0.3,0.7,0.05,10,1179849867,M2,689752ec2d69,1.0,0.699,1.0,0.7226,0.0,0.0452,0.0094,,0.306,155,0,134
W-absence,300,0.3,0.7,0.05,10,1179849867,M1+pausa,689752ec2d69,1.0,0.699,0.9419,0.6774,0.0581,0.0452,0.0565,,0.306,155,0,134
W-absence,300,0.3,0.7,0.05,11,1598563786,M0,689752ec2d69,1.0,0.699,0.9313,0.6875,0.0688,0.0625,0.1094,,0.2756,160,0,127
W-absence,300,0.3,0.7,0.05,11,1598563786,M1,689752ec2d69,1.0,0.699,0.9313,0.6875,0.0688,0.0625,0.065,,0.2756,160,0,127
W-absence,300,0.3,0.7,0.05,11,1598563786,M2,689752ec2d69,1.0,0.699,1.0,0.75,0.0,0.05,0.0093,,0.2756,160,0,127
W-absence,300,0.3,0.7,0.05,11,1598563786,M1+pausa,689752ec2d69,1.0,0.699,0.9313,0.6875,0.0688,0.0625,0.065,,0.2756,160,0,127
W-absence,300,0.3,0.7,0.05,12,1952806409,M0,689752ec2d69,1.0,0.699,0.9097,0.6968,0.0903,0.1032,0.1102,,0.3037,155,0,135
W-absence,300,0.3,0.7,0.05,12,1952806409,M1,689752ec2d69,1.0,0.699,0.9097,0.6968,0.0903,0.1032,0.0823,,0.3037,155,0,135
W-absence,300,0.3,0.7,0.05,12,1952806409,M2,689752ec2d69,1.0,0.699,1.0,0.7806,0.0,0.0645,0.0091,,0.3037,155,0,135
W-absence,300,0.3,0.7,0.05,12,1952806409,M1+pausa,689752ec2d69,1.0,0.699,0.9097,0.6968,0.0903,0.1032,0.0823,,0.3037,155,0,135
W-absence,300,0.3,0.7,0.05,13,1836992328,M0,689752ec2d69,1.0,0.699,0.8961,0.6623,0.1039,0.1169,0.0753,,0.3175,154,0,126
W-absence,300,0.3,0.7,0.05,13,1836992328,M1,689752ec2d69,1.0,0.699,0.8961,0.6623,0.1039,0.1169,0.0931,,0.3175,154,0,126
W-absence,300,0.3,0.7,0.05,13,1836992328,M2,689752ec2d69,1.0,0.699,1.0,0.7662,0.0,0.0649,0.009,,0.3175,154,0,126
W-absence,300,0.3,0.7,0.05,13,1836992328,M1+pausa,689752ec2d69,1.0,0.699,0.8961,0.6623,0.1039,0.1169,0.0931,,0.3175,154,0,126
W-absence,300,0.3,0.7,0.05,14,574607759,M0,689752ec2d69,1.0,0.699,0.8716,0.6284,0.1284,0.1351,0.1143,,0.3651,148,0,126
W-absence,300,0.3,0.7,0.05,14,574607759,M1,689752ec2d69,1.0,0.699,0.8716,0.6284,0.1284,0.1351,0.1127,,0.3651,148,0,126
W-absence,300,0.3,0.7,0.05,14,574607759,M2,689752ec2d69,1.0,0.699,1.0,0.7568,0.0,0.0676,0.0088,,0.3651,148,0,126
W-absence,300,0.3,0.7,0.05,14,574607759,M1+pausa,689752ec2d69,1.0,0.699,0.8716,0.6284,0.1284,0.1351,0.1127,,0.3651,148,0,126
W-absence,300,0.3,0.7,0.05,15,992272590,M0,689752ec2d69,1.0,0.699,0.9195,0.7248,0.0805,0.0805,0.0784,,0.2923,149,0,130
W-absence,300,0.3,0.7,0.05,15,992272590,M1,689752ec2d69,1.0,0.699,0.9195,0.7248,0.0805,0.0805,0.0744,,0.2923,149,0,130
W-absence,300,0.3,0.7,0.05,15,992272590,M2,689752ec2d69,1.0,0.699,1.0,0.7852,0.0,0.0537,0.0092,,0.2923,149,0,130
W-absence,300,0.3,0.7,0.05,15,992272590,M1+pausa,689752ec2d69,1.0,0.699,0.9195,0.7248,0.0805,0.0805,0.0744,,0.2923,149,0,130
W-absence,300,0.3,0.7,0.05,16,269071117,M0,689752ec2d69,1.0,0.699,0.9079,0.7105,0.0921,0.0855,0.0699,,0.2692,152,0,130
W-absence,300,0.3,0.7,0.05,16,269071117,M1,689752ec2d69,1.0,0.699,0.9079,0.7105,0.0921,0.0855,0.0837,,0.2692,152,0,130
W-absence,300,0.3,0.7,0.05,16,269071117,M2,689752ec2d69,1.0,0.699,1.0,0.7961,0.0,0.0592,0.0091,,0.2692,152,0,130
W-absence,300,0.3,0.7,0.05,16,269071117,M1+pausa,689752ec2d69,1.0,0.699,0.9079,0.7105,0.0921,0.0855,0.0837,,0.2692,152,0,130
W-absence,300,0.3,0.7,0.05,17,152207948,M0,689752ec2d69,1.0,0.699,0.9053,0.6982,0.0947,0.1538,0.1135,,0.2899,169,0,138
W-absence,300,0.3,0.7,0.05,17,152207948,M1,689752ec2d69,1.0,0.699,0.9053,0.6982,0.0947,0.1538,0.0857,,0.2899,169,0,138
W-absence,300,0.3,0.7,0.05,17,152207948,M2,689752ec2d69,1.0,0.699,1.0,0.787,0.0,0.1183,0.0091,,0.2899,169,0,138
W-absence,300,0.3,0.7,0.05,17,152207948,M1+pausa,689752ec2d69,1.0,0.699,0.9053,0.6982,0.0947,0.1538,0.0857,,0.2899,169,0,138
W-absence,300,0.3,0.7,0.05,18,243965571,M0,689752ec2d69,1.0,0.699,0.9281,0.6863,0.0719,0.098,0.1062,,0.3134,153,0,134
W-absence,300,0.3,0.7,0.05,18,243965571,M1,689752ec2d69,1.0,0.699,0.9281,0.6863,0.0719,0.098,0.0675,,0.3134,153,0,134
W-absence,300,0.3,0.7,0.05,18,243965571,M2,689752ec2d69,1.0,0.699,1.0,0.7451,0.0,0.0784,0.0093,,0.3134,153,0,134
W-absence,300,0.3,0.7,0.05,18,243965571,M1+pausa,689752ec2d69,1.0,0.699,0.9281,0.6863,0.0719,0.098,0.0675,,0.3134,153,0,134
W-absence,300,0.3,0.7,0.05,19,395423682,M0,689752ec2d69,1.0,0.699,0.9211,0.6908,0.0789,0.1118,0.1248,,0.2672,152,0,116
W-absence,300,0.3,0.7,0.05,19,395423682,M1,689752ec2d69,1.0,0.699,0.9211,0.6908,0.0789,0.1118,0.0732,,0.2672,152,0,116
W-absence,300,0.3,0.7,0.05,19,395423682,M2,689752ec2d69,1.0,0.699,1.0,0.7566,0.0,0.0724,0.0092,,0.2672,152,0,116
W-absence,300,0.3,0.7,0.05,19,395423682,M1+pausa,689752ec2d69,1.0,0.699,0.9211,0.6908,0.0789,0.1118,0.0732,,0.2672,152,0,116
W-absence,300,0.3,0.7,0.25,0,91798058,M0,689752ec2d69,1.0,0.699,0.9803,0.5395,0.0197,0.1184,0.0729,,0.3083,152,0,120
W-absence,300,0.3,0.7,0.25,0,91798058,M1,689752ec2d69,1.0,0.699,0.9803,0.5395,0.0197,0.1184,0.0258,,0.3083,152,0,120
W-absence,300,0.3,0.7,0.25,0,91798058,M2,689752ec2d69,1.0,0.699,1.0,0.5395,0.0,0.1053,0.0098,,0.3083,152,0,120
W-absence,300,0.3,0.7,0.25,0,91798058,M1+pausa,689752ec2d69,1.0,0.699,0.9803,0.5395,0.0197,0.1184,0.0258,,0.3083,152,0,120
W-absence,300,0.3,0.7,0.25,1,476285803,M0,689752ec2d69,1.0,0.699,0.9679,0.5705,0.0321,0.0705,0.0797,,0.2774,156,0,137
W-absence,300,0.3,0.7,0.25,1,476285803,M1,689752ec2d69,1.0,0.699,0.9679,0.5705,0.0321,0.0705,0.0356,,0.2774,156,0,137
W-absence,300,0.3,0.7,0.25,1,476285803,M2,689752ec2d69,1.0,0.699,1.0,0.5897,0.0,0.0577,0.0097,,0.2774,156,0,137
W-absence,300,0.3,0.7,0.25,1,476285803,M1+pausa,689752ec2d69,1.0,0.699,0.9679,0.5705,0.0321,0.0705,0.0356,,0.2774,156,0,137
W-absence,300,0.3,0.7,0.25,2,927914152,M0,689752ec2d69,1.0,0.699,0.9524,0.5442,0.0476,0.1156,0.0742,,0.2803,147,0,132
W-absence,300,0.3,0.7,0.25,2,927914152,M1,689752ec2d69,1.0,0.699,0.9524,0.5442,0.0476,0.1156,0.0481,,0.2803,147,0,132
W-absence,300,0.3,0.7,0.25,2,927914152,M2,689752ec2d69,1.0,0.699,1.0,0.5646,0.0,0.0884,0.0095,,0.2803,147,0,132
W-absence,300,0.3,0.7,0.25,2,927914152,M1+pausa,689752ec2d69,1.0,0.699,0.9524,0.5442,0.0476,0.1156,0.0481,,0.2803,147,0,132
W-absence,300,0.3,0.7,0.25,3,777382377,M0,689752ec2d69,1.0,0.699,0.96,0.6,0.04,0.12,0.0882,,0.2756,150,0,127
W-absence,300,0.3,0.7,0.25,3,777382377,M1,689752ec2d69,1.0,0.699,0.96,0.6,0.04,0.12,0.042,,0.2756,150,0,127
W-absence,300,0.3,0.7,0.25,3,777382377,M2,689752ec2d69,1.0,0.699,1.0,0.6333,0.0,0.1,0.0096,,0.2756,150,0,127
W-absence,300,0.3,0.7,0.25,3,777382377,M1+pausa,689752ec2d69,1.0,0.699,0.96,0.6,0.04,0.12,0.042,,0.2756,150,0,127
W-absence,300,0.3,0.7,0.25,4,1628733230,M0,689752ec2d69,1.0,0.699,0.9548,0.5537,0.0452,0.096,0.065,,0.3269,177,0,156
W-absence,300,0.3,0.7,0.25,4,1628733230,M1,689752ec2d69,1.0,0.699,0.9548,0.5537,0.0452,0.096,0.0462,,0.3269,177,0,156
W-absence,300,0.3,0.7,0.25,4,1628733230,M2,689752ec2d69,1.0,0.699,1.0,0.5706,0.0,0.0791,0.0096,,0.3269,177,0,156
W-absence,300,0.3,0.7,0.25,4,1628733230,M1+pausa,689752ec2d69,1.0,0.699,0.9548,0.5537,0.0452,0.096,0.0462,,0.3269,177,0,156
W-absence,300,0.3,0.7,0.25,5,2014269039,M0,689752ec2d69,1.0,0.699,0.9452,0.5616,0.0548,0.0959,0.0895,,0.322,146,0,118
W-absence,300,0.3,0.7,0.25,5,2014269039,M1,689752ec2d69,1.0,0.699,0.9452,0.5616,0.0548,0.0959,0.0538,,0.322,146,0,118
W-absence,300,0.3,0.7,0.25,5,2014269039,M2,689752ec2d69,1.0,0.699,1.0,0.6096,0.0,0.0548,0.0095,,0.322,146,0,118
W-absence,300,0.3,0.7,0.25,5,2014269039,M1+pausa,689752ec2d69,1.0,0.699,0.9452,0.5616,0.0548,0.0959,0.0538,,0.322,146,0,118
W-absence,300,0.3,0.7,0.25,6,1394744748,M0,689752ec2d69,1.0,0.699,0.9533,0.6,0.0467,0.1133,0.0394,,0.3047,150,0,128
W-absence,300,0.3,0.7,0.25,6,1394744748,M1,689752ec2d69,1.0,0.699,0.9533,0.6,0.0467,0.1133,0.0473,,0.3047,150,0,128
W-absence,300,0.3,0.7,0.25,6,1394744748,M2,689752ec2d69,1.0,0.699,1.0,0.6133,0.0,0.0867,0.0096,,0.3047,150,0,128
W-absence,300,0.3,0.7,0.25,6,1394744748,M1+pausa,689752ec2d69,1.0,0.699,0.9533,0.6,0.0467,0.1133,0.0473,,0.3047,150,0,128
W-absence,300,0.3,0.7,0.25,7,1245261037,M0,689752ec2d69,1.0,0.699,0.9675,0.6299,0.0325,0.0779,0.0564,,0.2536,154,0,138
W-absence,300,0.3,0.7,0.25,7,1245261037,M1,689752ec2d69,1.0,0.699,0.9675,0.6299,0.0325,0.0779,0.036,,0.2536,154,0,138
W-absence,300,0.3,0.7,0.25,7,1245261037,M2,689752ec2d69,1.0,0.699,1.0,0.6364,0.0,0.0649,0.0097,,0.2536,154,0,138
W-absence,300,0.3,0.7,0.25,7,1245261037,M1+pausa,689752ec2d69,1.0,0.699,0.9675,0.6299,0.0325,0.0779,0.036,,0.2536,154,0,138
W-absence,300,0.3,0.7,0.25,8,1302409250,M0,689752ec2d69,1.0,0.699,0.92,0.5733,0.08,0.0933,0.0921,,0.2562,150,0,121
W-absence,300,0.3,0.7,0.25,8,1302409250,M1,689752ec2d69,1.0,0.699,0.92,0.5733,0.08,0.0933,0.074,,0.2562,150,0,121
W-absence,300,0.3,0.7,0.25,8,1302409250,M2,689752ec2d69,1.0,0.699,1.0,0.6267,0.0,0.0533,0.0092,,0.2562,150,0,121
W-absence,300,0.3,0.7,0.25,8,1302409250,M1+pausa,689752ec2d69,1.0,0.699,0.92,0.5733,0.08,0.0933,0.074,,0.2562,150,0,121
W-absence,300,0.3,0.7,0.25,9,1421476195,M0,689752ec2d69,1.0,0.699,0.9603,0.5079,0.0397,0.1349,0.1359,,0.3333,126,0,117
W-absence,300,0.3,0.7,0.25,9,1421476195,M1,689752ec2d69,1.0,0.699,0.9603,0.5079,0.0397,0.1349,0.0417,,0.3333,126,0,117
W-absence,300,0.3,0.7,0.25,9,1421476195,M2,689752ec2d69,1.0,0.699,1.0,0.5317,0.0,0.1111,0.0096,,0.3333,126,0,117
W-absence,300,0.3,0.7,0.25,9,1421476195,M1+pausa,689752ec2d69,1.0,0.699,0.9603,0.5079,0.0397,0.1349,0.0417,,0.3333,126,0,117
W-absence,300,0.3,0.7,0.25,10,1372325282,M0,689752ec2d69,1.0,0.699,0.9427,0.5732,0.0573,0.1083,0.0614,,0.3443,157,0,122
W-absence,300,0.3,0.7,0.25,10,1372325282,M1,689752ec2d69,1.0,0.699,0.9427,0.5732,0.0573,0.1083,0.0559,,0.3443,157,0,122
W-absence,300,0.3,0.7,0.25,10,1372325282,M2,689752ec2d69,1.0,0.699,1.0,0.5987,0.0,0.0701,0.0094,,0.3443,157,0,122
W-absence,300,0.3,0.7,0.25,10,1372325282,M1+pausa,689752ec2d69,1.0,0.699,0.9427,0.5732,0.0573,0.1083,0.0559,,0.3443,157,0,122
W-absence,300,0.3,0.7,0.25,11,1222063331,M0,689752ec2d69,1.0,0.699,0.9451,0.5854,0.0549,0.0915,0.0781,,0.2568,164,0,148
W-absence,300,0.3,0.7,0.25,11,1222063331,M1,689752ec2d69,1.0,0.699,0.9451,0.5854,0.0549,0.0915,0.0539,,0.2568,164,0,148
W-absence,300,0.3,0.7,0.25,11,1222063331,M2,689752ec2d69,1.0,0.699,1.0,0.622,0.0,0.061,0.0095,,0.2568,164,0,148
W-absence,300,0.3,0.7,0.25,11,1222063331,M1+pausa,689752ec2d69,1.0,0.699,0.9451,0.5854,0.0549,0.0915,0.0539,,0.2568,164,0,148
W-absence,300,0.3,0.7,0.25,12,1677354784,M0,689752ec2d69,1.0,0.699,0.9759,0.6386,0.0241,0.0783,0.0469,,0.2283,166,0,127
W-absence,300,0.3,0.7,0.25,12,1677354784,M1,689752ec2d69,1.0,0.699,0.9759,0.6386,0.0241,0.0783,0.0293,,0.2283,166,0,127
W-absence,300,0.3,0.7,0.25,12,1677354784,M2,689752ec2d69,1.0,0.699,1.0,0.6627,0.0,0.0663,0.0098,,0.2283,166,0,127
W-absence,300,0.3,0.7,0.25,12,1677354784,M1+pausa,689752ec2d69,1.0,0.699,0.9759,0.6386,0.0241,0.0783,0.0293,,0.2283,166,0,127
W-absence,300,0.3,0.7,0.25,13,2061588065,M0,689752ec2d69,1.0,0.699,0.951,0.6084,0.049,0.0979,0.0692,,0.2742,143,0,124
W-absence,300,0.3,0.7,0.25,13,2061588065,M1,689752ec2d69,1.0,0.699,0.951,0.6084,0.049,0.0979,0.0492,,0.2742,143,0,124
W-absence,300,0.3,0.7,0.25,13,2061588065,M2,689752ec2d69,1.0,0.699,1.0,0.6294,0.0,0.0769,0.0095,,0.2742,143,0,124
W-absence,300,0.3,0.7,0.25,13,2061588065,M1+pausa,689752ec2d69,1.0,0.699,0.951,0.6084,0.049,0.0979,0.0492,,0.2742,143,0,124
W-absence,300,0.3,0.7,0.25,14,899727526,M0,689752ec2d69,1.0,0.699,0.9845,0.5891,0.0155,0.0853,0.0544,,0.2679,129,0,112
W-absence,300,0.3,0.7,0.25,14,899727526,M1,689752ec2d69,1.0,0.699,0.9845,0.5891,0.0155,0.0853,0.0224,,0.2679,129,0,112
W-absence,300,0.3,0.7,0.25,14,899727526,M2,689752ec2d69,1.0,0.699,1.0,0.5969,0.0,0.0698,0.0099,,0.2679,129,0,112
W-absence,300,0.3,0.7,0.25,14,899727526,M1+pausa,689752ec2d69,1.0,0.699,0.9845,0.5891,0.0155,0.0853,0.0224,,0.2679,129,0,112
W-absence,300,0.3,0.7,0.25,15,750514663,M0,689752ec2d69,1.0,0.699,0.9712,0.6403,0.0288,0.0647,0.063,,0.287,139,0,115
W-absence,300,0.3,0.7,0.25,15,750514663,M1,689752ec2d69,1.0,0.699,0.9712,0.6403,0.0288,0.0647,0.033,,0.287,139,0,115
W-absence,300,0.3,0.7,0.25,15,750514663,M2,689752ec2d69,1.0,0.699,1.0,0.6619,0.0,0.0432,0.0097,,0.287,139,0,115
W-absence,300,0.3,0.7,0.25,15,750514663,M1+pausa,689752ec2d69,1.0,0.699,0.9712,0.6403,0.0288,0.0647,0.033,,0.287,139,0,115
W-absence,300,0.3,0.7,0.25,16,127312420,M0,689752ec2d69,1.0,0.699,0.929,0.6,0.071,0.1032,0.0787,,0.374,155,0,123
W-absence,300,0.3,0.7,0.25,16,127312420,M1,689752ec2d69,1.0,0.699,0.929,0.6,0.071,0.1032,0.0668,,0.374,155,0,123
W-absence,300,0.3,0.7,0.25,16,127312420,M2,689752ec2d69,1.0,0.699,1.0,0.6387,0.0,0.0774,0.0093,,0.374,155,0,123
W-absence,300,0.3,0.7,0.25,16,127312420,M1+pausa,689752ec2d69,1.0,0.699,0.929,0.6,0.071,0.1032,0.0668,,0.374,155,0,123
W-absence,300,0.3,0.7,0.25,17,512594789,M0,689752ec2d69,1.0,0.699,0.9781,0.6204,0.0219,0.0876,0.0907,,0.3364,137,0,107
W-absence,300,0.3,0.7,0.25,17,512594789,M1,689752ec2d69,1.0,0.699,0.9781,0.6204,0.0219,0.0876,0.0275,,0.3364,137,0,107
W-absence,300,0.3,0.7,0.25,17,512594789,M2,689752ec2d69,1.0,0.699,1.0,0.6277,0.0,0.0803,0.0098,,0.3364,137,0,107
W-absence,300,0.3,0.7,0.25,17,512594789,M1+pausa,689752ec2d69,1.0,0.699,0.9781,0.6204,0.0219,0.0876,0.0275,,0.3364,137,0,107
W-absence,300,0.3,0.7,0.25,18,420843434,M0,689752ec2d69,1.0,0.699,0.9716,0.5745,0.0284,0.1135,0.0563,,0.3208,141,0,106
W-absence,300,0.3,0.7,0.25,18,420843434,M1,689752ec2d69,1.0,0.699,0.9716,0.5745,0.0284,0.1135,0.0327,,0.3208,141,0,106
W-absence,300,0.3,0.7,0.25,18,420843434,M2,689752ec2d69,1.0,0.699,1.0,0.5957,0.0,0.0922,0.0097,,0.3208,141,0,106
W-absence,300,0.3,0.7,0.25,18,420843434,M1+pausa,689752ec2d69,1.0,0.699,0.9716,0.5745,0.0284,0.1135,0.0327,,0.3208,141,0,106
W-absence,300,0.3,0.7,0.25,19,966379,M0,689752ec2d69,1.0,0.699,0.947,0.5828,0.053,0.1192,0.0406,,0.2969,151,0,128
W-absence,300,0.3,0.7,0.25,19,966379,M1,689752ec2d69,1.0,0.699,0.947,0.5828,0.053,0.1192,0.0524,,0.2969,151,0,128
W-absence,300,0.3,0.7,0.25,19,966379,M2,689752ec2d69,1.0,0.699,1.0,0.6159,0.0,0.0728,0.0095,,0.2969,151,0,128
W-absence,300,0.3,0.7,0.25,19,966379,M1+pausa,689752ec2d69,1.0,0.699,0.947,0.5828,0.053,0.1192,0.0524,,0.2969,151,0,128
W-absence,600,0.05,1.0,0.05,0,1106810875,M0,689752ec2d69,1.0,0.6995,0.9299,0.6828,0.0701,0.0751,0.0906,,0.2963,599,0,486
W-absence,600,0.05,1.0,0.05,0,1106810875,M1,689752ec2d69,1.0,0.6995,0.9299,0.6828,0.0701,0.0751,0.0661,,0.2963,599,0,486
W-absence,600,0.05,1.0,0.05,0,1106810875,M2,689752ec2d69,1.0,0.6995,1.0,0.7462,0.0,0.0568,0.0093,,0.2963,599,0,486
W-absence,600,0.05,1.0,0.05,0,1106810875,M1+pausa,689752ec2d69,1.0,0.6995,0.9299,0.6828,0.0701,0.0751,0.0661,,0.2963,599,0,486
W-absence,600,0.05,1.0,0.05,1,1491314362,M0,689752ec2d69,1.0,0.6995,0.9165,0.6878,0.0835,0.0601,0.0899,,0.2983,599,0,466
W-absence,600,0.05,1.0,0.05,1,1491314362,M1,689752ec2d69,1.0,0.6995,0.9165,0.6878,0.0835,0.0601,0.0768,,0.2983,599,0,466
W-absence,600,0.05,1.0,0.05,1,1491314362,M2,689752ec2d69,1.0,0.6995,1.0,0.7646,0.0,0.0434,0.0092,,0.2983,599,0,466
W-absence,600,0.05,1.0,0.05,1,1491314362,M1+pausa,689752ec2d69,1.0,0.6995,0.9165,0.6878,0.0835,0.0601,0.0768,,0.2983,599,0,466
W-absence,600,0.05,1.0,0.05,2,1942943097,M0,689752ec2d69,1.0,0.6995,0.9082,0.6811,0.0918,0.0868,0.1035,,0.3039,599,0,464
W-absence,600,0.05,1.0,0.05,2,1942943097,M1,689752ec2d69,1.0,0.6995,0.9082,0.6811,0.0918,0.0868,0.0835,,0.3039,599,0,464
W-absence,600,0.05,1.0,0.05,2,1942943097,M2,689752ec2d69,1.0,0.6995,1.0,0.7696,0.0,0.0568,0.0091,,0.3039,599,0,464
W-absence,600,0.05,1.0,0.05,2,1942943097,M1+pausa,689752ec2d69,1.0,0.6995,0.9082,0.6811,0.0918,0.0868,0.0835,,0.3039,599,0,464
W-absence,600,0.05,1.0,0.05,3,1792394296,M0,689752ec2d69,1.0,0.6995,0.9282,0.7028,0.0718,0.0885,0.0832,,0.2918,599,0,490
W-absence,600,0.05,1.0,0.05,3,1792394296,M1,689752ec2d69,1.0,0.6995,0.9282,0.7028,0.0718,0.0885,0.0674,,0.2918,599,0,490
W-absence,600,0.05,1.0,0.05,3,1792394296,M2,689752ec2d69,1.0,0.6995,1.0,0.7713,0.0,0.0651,0.0093,,0.2918,599,0,490
W-absence,600,0.05,1.0,0.05,3,1792394296,M1+pausa,689752ec2d69,1.0,0.6995,0.9282,0.7028,0.0718,0.0885,0.0674,,0.2918,599,0,490
W-absence,600,0.05,1.0,0.05,4,630477567,M0,689752ec2d69,1.0,0.6995,0.9449,0.6928,0.0551,0.0451,0.0698,,0.3048,599,0,538
W-absence,600,0.05,1.0,0.05,4,630477567,M1,689752ec2d69,1.0,0.6995,0.9449,0.6928,0.0551,0.0451,0.0541,,0.3048,599,0,538
W-absence,600,0.05,1.0,0.05,4,630477567,M2,689752ec2d69,1.0,0.6995,1.0,0.7446,0.0,0.0301,0.0095,,0.3048,599,0,538
W-absence,600,0.05,1.0,0.05,4,630477567,M1+pausa,689752ec2d69,1.0,0.6995,0.9449,0.6928,0.0551,0.0451,0.0541,,0.3048,599,0,538
W-absence,600,0.05,1.0,0.05,5,1016030142,M0,689752ec2d69,1.0,0.6995,0.9249,0.6945,0.0751,0.0651,0.0869,,0.3056,599,0,481
W-absence,600,0.05,1.0,0.05,5,1016030142,M1,689752ec2d69,1.0,0.6995,0.9249,0.6945,0.0751,0.0651,0.0701,,0.3056,599,0,481
W-absence,600,0.05,1.0,0.05,5,1016030142,M2,689752ec2d69,1.0,0.6995,1.0,0.7679,0.0,0.0534,0.0093,,0.3056,599,0,481
W-absence,600,0.05,1.0,0.05,5,1016030142,M1+pausa,689752ec2d69,1.0,0.6995,0.9249,0.6945,0.0751,0.0651,0.0701,,0.3056,599,0,481
W-absence,600,0.05,1.0,0.05,6,396505213,M0,689752ec2d69,1.0,0.6995,0.9399,0.6912,0.0601,0.0401,0.0992,,0.3032,599,0,498
W-absence,600,0.05,1.0,0.05,6,396505213,M1,689752ec2d69,1.0,0.6995,0.9399,0.6912,0.0601,0.0401,0.0581,,0.3032,599,0,498
W-absence,600,0.05,1.0,0.05,6,396505213,M2,689752ec2d69,1.0,0.6995,1.0,0.7496,0.0,0.0267,0.0094,,0.3032,599,0,498
W-absence,600,0.05,1.0,0.05,6,396505213,M1+pausa,689752ec2d69,1.0,0.6995,0.9399,0.6912,0.0601,0.0401,0.0581,,0.3032,599,0,498
W-absence,600,0.05,1.0,0.05,7,247005500,M0,689752ec2d69,1.0,0.6995,0.9249,0.6761,0.0751,0.0434,0.09,,0.3082,599,0,503
W-absence,600,0.05,1.0,0.05,7,247005500,M1,689752ec2d69,1.0,0.6995,0.9249,0.6761,0.0751,0.0434,0.0701,,0.3082,599,0,503
W-absence,600,0.05,1.0,0.05,7,247005500,M2,689752ec2d69,1.0,0.6995,1.0,0.7379,0.0,0.0317,0.0093,,0.3082,599,0,503
W-absence,600,0.05,1.0,0.05,7,247005500,M1+pausa,689752ec2d69,1.0,0.6995,0.9249,0.6761,0.0751,0.0434,0.0701,,0.3082,599,0,503
W-absence,600,0.05,1.0,0.05,8,153165299,M0,689752ec2d69,1.0,0.6995,0.9399,0.6778,0.0601,0.0835,0.0966,,0.2883,599,0,496
W-absence,600,0.05,1.0,0.05,8,153165299,M1,689752ec2d69,1.0,0.6995,0.9399,0.6778,0.0601,0.0835,0.0581,,0.2883,599,0,496
W-absence,600,0.05,1.0,0.05,8,153165299,M2,689752ec2d69,1.0,0.6995,1.0,0.7362,0.0,0.0668,0.0094,,0.2883,599,0,496
W-absence,600,0.05,1.0,0.05,8,153165299,M1+pausa,689752ec2d69,1.0,0.6995,0.9399,0.6778,0.0601,0.0835,0.0581,,0.2883,599,0,496
W-absence,600,0.05,1.0,0.05,9,272247986,M0,689752ec2d69,1.0,0.6995,0.9416,0.6978,0.0584,0.0968,0.1309,,0.2942,599,0,486
W-absence,600,0.05,1.0,0.05,9,272247986,M1,689752ec2d69,1.0,0.6995,0.9416,0.6978,0.0584,0.0968,0.0567,,0.2942,599,0,486
W-absence,600,0.05,1.0,0.05,9,272247986,M2,689752ec2d69,1.0,0.6995,1.0,0.7479,0.0,0.0768,0.0094,,0.2942,599,0,486
W-absence,600,0.05,1.0,0.05,9,272247986,M1+pausa,689752ec2d69,1.0,0.6995,0.9416,0.6978,0.0584,0.0968,0.0567,,0.2942,599,0,486
W-absence,600,0.05,1.0,0.05,10,551315405,M0,689752ec2d69,1.0,0.6995,0.9349,0.6845,0.0651,0.0684,0.0853,,0.2961,599,0,483
W-absence,600,0.05,1.0,0.05,10,551315405,M1,689752ec2d69,1.0,0.6995,0.9349,0.6845,0.0651,0.0684,0.0621,,0.2961,599,0,483
W-absence,600,0.05,1.0,0.05,10,551315405,M2,689752ec2d69,1.0,0.6995,1.0,0.7446,0.0,0.0467,0.0094,,0.2961,599,0,483
W-absence,600,0.05,1.0,0.05,10,551315405,M1+pausa,689752ec2d69,1.0,0.6995,0.9349,0.6845,0.0651,0.0684,0.0621,,0.2961,599,0,483
W-absence,600,0.05,1.0,0.05,11,969365132,M0,689752ec2d69,1.0,0.6995,0.9132,0.6661,0.0868,0.0985,0.1035,,0.2904,599,0,489
W-absence,600,0.05,1.0,0.05,11,969365132,M1,689752ec2d69,1.0,0.6995,0.9132,0.6661,0.0868,0.0985,0.0794,,0.2904,599,0,489
W-absence,600,0.05,1.0,0.05,11,969365132,M2,689752ec2d69,1.0,0.6995,1.0,0.7429,0.0,0.0634,0.0092,,0.2904,599,0,489
W-absence,600,0.05,1.0,0.05,11,969365132,M1+pausa,689752ec2d69,1.0,0.6995,0.9132,0.6661,0.0868,0.0985,0.0794,,0.2904,599,0,489
W-absence,600,0.05,1.0,0.05,12,317326671,M0,689752ec2d69,1.0,0.6995,0.9115,0.6711,0.0885,0.0684,0.1082,,0.3053,599,0,475
W-absence,600,0.05,1.0,0.05,12,317326671,M1,689752ec2d69,1.0,0.6995,0.9115,0.6711,0.0885,0.0684,0.0808,,0.3053,599,0,475
W-absence,600,0.05,1.0,0.05,12,317326671,M2,689752ec2d69,1.0,0.6995,1.0,0.7529,0.0,0.0451,0.0092,,0.3053,599,0,475
W-absence,600,0.05,1.0,0.05,12,317326671,M1+pausa,689752ec2d69,1.0,0.6995,0.9115,0.6711,0.0885,0.0684,0.0808,,0.3053,599,0,475
W-absence,600,0.05,1.0,0.05,13,200356878,M0,689752ec2d69,1.0,0.6995,0.9215,0.6811,0.0785,0.0718,0.0888,,0.3165,599,0,496
W-absence,600,0.05,1.0,0.05,13,200356878,M1,689752ec2d69,1.0,0.6995,0.9215,0.6811,0.0785,0.0718,0.0728,,0.3165,599,0,496
W-absence,600,0.05,1.0,0.05,13,200356878,M2,689752ec2d69,1.0,0.6995,1.0,0.7496,0.0,0.0534,0.0092,,0.3165,599,0,496
W-absence,600,0.05,1.0,0.05,13,200356878,M1+pausa,689752ec2d69,1.0,0.6995,0.9215,0.6811,0.0785,0.0718,0.0728,,0.3165,599,0,496
W-absence,600,0.05,1.0,0.05,14,1152426697,M0,689752ec2d69,1.0,0.6995,0.9316,0.6628,0.0684,0.0518,0.0819,,0.3028,599,0,492
W-absence,600,0.05,1.0,0.05,14,1152426697,M1,689752ec2d69,1.0,0.6995,0.9316,0.6628,0.0684,0.0518,0.0648,,0.3028,599,0,492
W-absence,600,0.05,1.0,0.05,14,1152426697,M2,689752ec2d69,1.0,0.6995,1.0,0.7262,0.0,0.0334,0.0093,,0.3028,599,0,492
W-absence,600,0.05,1.0,0.05,14,1152426697,M1+pausa,689752ec2d69,1.0,0.6995,0.9316,0.6628,0.0684,0.0518,0.0648,,0.3028,599,0,492
W-absence,600,0.05,1.0,0.05,15,1571525512,M0,689752ec2d69,1.0,0.6995,0.9265,0.6895,0.0735,0.0835,0.0799,,0.3066,599,0,486
W-absence,600,0.05,1.0,0.05,15,1571525512,M1,689752ec2d69,1.0,0.6995,0.9265,0.6895,0.0735,0.0835,0.0688,,0.3066,599,0,486
W-absence,600,0.05,1.0,0.05,15,1571525512,M2,689752ec2d69,1.0,0.6995,1.0,0.7563,0.0,0.0551,0.0093,,0.3066,599,0,486
W-absence,600,0.05,1.0,0.05,15,1571525512,M1+pausa,689752ec2d69,1.0,0.6995,0.9265,0.6895,0.0735,0.0835,0.0688,,0.3066,599,0,486
W-absence,600,0.05,1.0,0.05,16,1988542539,M0,689752ec2d69,1.0,0.6995,0.9299,0.6895,0.0701,0.0684,0.0844,,0.2913,599,0,508
W-absence,600,0.05,1.0,0.05,16,1988542539,M1,689752ec2d69,1.0,0.6995,0.9299,0.6895,0.0701,0.0684,0.0661,,0.2913,599,0,508
W-absence,600,0.05,1.0,0.05,16,1988542539,M2,689752ec2d69,1.0,0.6995,1.0,0.7529,0.0,0.0568,0.0093,,0.2913,599,0,508
W-absence,600,0.05,1.0,0.05,16,1988542539,M1+pausa,689752ec2d69,1.0,0.6995,0.9299,0.6895,0.0701,0.0684,0.0661,,0.2913,599,0,508
W-absence,600,0.05,1.0,0.05,17,1872621834,M0,689752ec2d69,1.0,0.6995,0.9349,0.6778,0.0651,0.0718,0.0738,,0.3072,599,0,485
W-absence,600,0.05,1.0,0.05,17,1872621834,M1,689752ec2d69,1.0,0.6995,0.9349,0.6778,0.0651,0.0718,0.0621,,0.3072,599,0,485
W-absence,600,0.05,1.0,0.05,17,1872621834,M2,689752ec2d69,1.0,0.6995,1.0,0.7379,0.0,0.0551,0.0094,,0.3072,599,0,485
W-absence,600,0.05,1.0,0.05,17,1872621834,M1+pausa,689752ec2d69,1.0,0.6995,0.9349,0.6778,0.0651,0.0718,0.0621,,0.3072,599,0,485
W-absence,600,0.05,1.0,0.05,18,1745219013,M0,689752ec2d69,1.0,0.6995,0.9249,0.6995,0.0751,0.0618,0.0826,,0.3107,599,0,486
W-absence,600,0.05,1.0,0.05,18,1745219013,M1,689752ec2d69,1.0,0.6995,0.9249,0.6995,0.0751,0.0618,0.0701,,0.3107,599,0,486
W-absence,600,0.05,1.0,0.05,18,1745219013,M2,689752ec2d69,1.0,0.6995,1.0,0.7663,0.0,0.0417,0.0093,,0.3107,599,0,486
W-absence,600,0.05,1.0,0.05,18,1745219013,M1+pausa,689752ec2d69,1.0,0.6995,0.9249,0.6995,0.0751,0.0618,0.0701,,0.3107,599,0,486
W-absence,600,0.05,1.0,0.05,19,1897847940,M0,689752ec2d69,1.0,0.6995,0.9282,0.6878,0.0718,0.0584,0.1055,,0.3,599,0,560
W-absence,600,0.05,1.0,0.05,19,1897847940,M1,689752ec2d69,1.0,0.6995,0.9282,0.6878,0.0718,0.0584,0.0674,,0.3,599,0,560
W-absence,600,0.05,1.0,0.05,19,1897847940,M2,689752ec2d69,1.0,0.6995,1.0,0.7546,0.0,0.0451,0.0093,,0.3,599,0,560
W-absence,600,0.05,1.0,0.05,19,1897847940,M1+pausa,689752ec2d69,1.0,0.6995,0.9282,0.6878,0.0718,0.0584,0.0674,,0.3,599,0,560
W-absence,600,0.05,1.0,0.25,0,204486384,M0,689752ec2d69,1.0,0.6995,0.9616,0.5826,0.0384,0.1085,0.0623,,0.3035,599,0,514
W-absence,600,0.05,1.0,0.25,0,204486384,M1,689752ec2d69,1.0,0.6995,0.9616,0.5826,0.0384,0.1085,0.0407,,0.3035,599,0,514
W-absence,600,0.05,1.0,0.25,0,204486384,M2,689752ec2d69,1.0,0.6995,1.0,0.5993,0.0,0.0851,0.0096,,0.3035,599,0,514
W-absence,600,0.05,1.0,0.25,0,204486384,M1+pausa,689752ec2d69,1.0,0.6995,0.9616,0.5826,0.0384,0.1085,0.0407,,0.3035,599,0,514
W-absence,600,0.05,1.0,0.25,1,355141553,M0,689752ec2d69,1.0,0.6995,0.9566,0.5993,0.0434,0.1185,0.0467,,0.312,599,0,500
W-absence,600,0.05,1.0,0.25,1,355141553,M1,689752ec2d69,1.0,0.6995,0.9566,0.5993,0.0434,0.1185,0.0447,,0.312,599,0,500
W-absence,600,0.05,1.0,0.25,1,355141553,M2,689752ec2d69,1.0,0.6995,1.0,0.6244,0.0,0.0952,0.0096,,0.312,599,0,500
W-absence,600,0.05,1.0,0.25,1,355141553,M1+pausa,689752ec2d69,1.0,0.6995,0.9566,0.5993,0.0434,0.1185,0.0447,,0.312,599,0,500
W-absence,600,0.05,1.0,0.25,2,1040602226,M0,689752ec2d69,1.0,0.6995,0.9482,0.5843,0.0518,0.0968,0.0679,,0.3126,599,0,483
W-absence,600,0.05,1.0,0.25,2,1040602226,M1,689752ec2d69,1.0,0.6995,0.9482,0.5843,0.0518,0.0968,0.0514,,0.3126,599,0,483
W-absence,600,0.05,1.0,0.25,2,1040602226,M2,689752ec2d69,1.0,0.6995,1.0,0.606,0.0,0.0684,0.0095,,0.3126,599,0,483
W-absence,600,0.05,1.0,0.25,2,1040602226,M1+pausa,689752ec2d69,1.0,0.6995,0.9482,0.5843,0.0518,0.0968,0.0514,,0.3126,599,0,483
W-absence,600,0.05,1.0,0.25,3,656237875,M0,689752ec2d69,1.0,0.6995,0.9599,0.5743,0.0401,0.1052,0.0501,,0.2921,599,0,493
W-absence,600,0.05,1.0,0.25,3,656237875,M1,689752ec2d69,1.0,0.6995,0.9599,0.5743,0.0401,0.1052,0.0421,,0.2921,599,0,493
W-absence,600,0.05,1.0,0.25,3,656237875,M2,689752ec2d69,1.0,0.6995,1.0,0.601,0.0,0.0801,0.0096,,0.2921,599,0,493
W-absence,600,0.05,1.0,0.25,3,656237875,M1+pausa,689752ec2d69,1.0,0.6995,0.9599,0.5743,0.0401,0.1052,0.0421,,0.2921,599,0,493
W-absence,600,0.05,1.0,0.25,4,1750922228,M0,689752ec2d69,1.0,0.6995,0.9499,0.5943,0.0501,0.1085,0.0661,,0.3024,599,0,496
W-absence,600,0.05,1.0,0.25,4,1750922228,M1,689752ec2d69,1.0,0.6995,0.9499,0.5943,0.0501,0.1085,0.0501,,0.3024,599,0,496
W-absence,600,0.05,1.0,0.25,4,1750922228,M2,689752ec2d69,1.0,0.6995,1.0,0.621,0.0,0.0735,0.0095,,0.3024,599,0,496
W-absence,600,0.05,1.0,0.25,4,1750922228,M1+pausa,689752ec2d69,1.0,0.6995,0.9499,0.5943,0.0501,0.1085,0.0501,,0.3024,599,0,496
W-absence,600,0.05,1.0,0.25,5,1900528309,M0,689752ec2d69,1.0,0.6995,0.9599,0.5977,0.0401,0.1119,0.0447,,0.2931,599,0,481
W-absence,600,0.05,1.0,0.25,5,1900528309,M1,689752ec2d69,1.0,0.6995,0.9599,0.5977,0.0401,0.1119,0.0421,,0.2931,599,0,481
W-absence,600,0.05,1.0,0.25,5,1900528309,M2,689752ec2d69,1.0,0.6995,1.0,0.616,0.0,0.0818,0.0096,,0.2931,599,0,481
W-absence,600,0.05,1.0,0.25,5,1900528309,M1+pausa,689752ec2d69,1.0,0.6995,0.9599,0.5977,0.0401,0.1119,0.0421,,0.2931,599,0,481
W-absence,600,0.05,1.0,0.25,6,1516933494,M0,689752ec2d69,1.0,0.6995,0.9666,0.5927,0.0334,0.1119,0.0474,,0.3037,599,0,484
W-absence,600,0.05,1.0,0.25,6,1516933494,M1,689752ec2d69,1.0,0.6995,0.9666,0.5927,0.0334,0.1119,0.0367,,0.3037,599,0,484
W-absence,600,0.05,1.0,0.25,6,1516933494,M2,689752ec2d69,1.0,0.6995,1.0,0.6144,0.0,0.0868,0.0097,,0.3037,599,0,484
W-absence,600,0.05,1.0,0.25,6,1516933494,M1+pausa,689752ec2d69,1.0,0.6995,0.9666,0.5927,0.0334,0.1119,0.0367,,0.3037,599,0,484
W-absence,600,0.05,1.0,0.25,7,1131520055,M0,689752ec2d69,1.0,0.6995,0.9583,0.5893,0.0417,0.1135,0.0941,,0.286,599,0,500
W-absence,600,0.05,1.0,0.25,7,1131520055,M1,689752ec2d69,1.0,0.6995,0.9583,0.5893,0.0417,0.1135,0.0434,,0.286,599,0,500
W-absence,600,0.05,1.0,0.25,7,1131520055,M2,689752ec2d69,1.0,0.6995,1.0,0.6144,0.0,0.0902,0.0096,,0.286,599,0,500
W-absence,600,0.05,1.0,0.25,7,1131520055,M1+pausa,689752ec2d69,1.0,0.6995,0.9583,0.5893,0.0417,0.1135,0.0434,,0.286,599,0,500
W-absence,600,0.05,1.0,0.25,8,1156168952,M0,689752ec2d69,1.0,0.6995,0.9566,0.5659,0.0434,0.1152,0.0609,,0.3002,599,0,483
W-absence,600,0.05,1.0,0.25,8,1156168952,M1,689752ec2d69,1.0,0.6995,0.9566,0.5659,0.0434,0.1152,0.0447,,0.3002,599,0,483
W-absence,600,0.05,1.0,0.25,8,1156168952,M2,689752ec2d69,1.0,0.6995,1.0,0.5943,0.0,0.0902,0.0096,,0.3002,599,0,483
W-absence,600,0.05,1.0,0.25,8,1156168952,M1+pausa,689752ec2d69,1.0,0.6995,0.9566,0.5659,0.0434,0.1152,0.0447,,0.3002,599,0,483
W-absence,600,0.05,1.0,0.25,9,1576177081,M0,689752ec2d69,1.0,0.6995,0.9566,0.6444,0.0434,0.1152,0.106,,0.3055,599,0,491
W-absence,600,0.05,1.0,0.25,9,1576177081,M1,689752ec2d69,1.0,0.6995,0.9566,0.6444,0.0434,0.1152,0.0447,,0.3055,599,0,491
W-absence,600,0.05,1.0,0.25,9,1576177081,M2,689752ec2d69,1.0,0.6995,1.0,0.6644,0.0,0.0885,0.0096,,0.3055,599,0,491
W-absence,600,0.05,1.0,0.25,9,1576177081,M1+pausa,689752ec2d69,1.0,0.6995,0.9566,0.6444,0.0434,0.1152,0.0447,,0.3055,599,0,491
W-absence,600,0.05,1.0,0.25,10,927168228,M0,689752ec2d69,1.0,0.6995,0.9466,0.5876,0.0534,0.0935,0.0674,,0.3065,599,0,509
W-absence,600,0.05,1.0,0.25,10,927168228,M1,689752ec2d69,1.0,0.6995,0.9466,0.5876,0.0534,0.0935,0.0527,,0.3065,599,0,509
W-absence,600,0.05,1.0,0.25,10,927168228,M2,689752ec2d69,1.0,0.6995,1.0,0.616,0.0,0.0668,0.0095,,0.3065,599,0,509
W-absence,600,0.05,1.0,0.25,10,927168228,M1+pausa,689752ec2d69,1.0,0.6995,0.9466,0.5876,0.0534,0.0935,0.0527,,0.3065,599,0,509
W-absence,600,0.05,1.0,0.25,11,777537445,M0,689752ec2d69,1.0,0.6995,0.9449,0.601,0.0551,0.1068,0.0747,,0.3078,599,0,510
W-absence,600,0.05,1.0,0.25,11,777537445,M1,689752ec2d69,1.0,0.6995,0.9449,0.601,0.0551,0.1068,0.0541,,0.3078,599,0,510
W-absence,600,0.05,1.0,0.25,11,777537445,M2,689752ec2d69,1.0,0.6995,1.0,0.6344,0.0,0.0668,0.0095,,0.3078,599,0,510
W-absence,600,0.05,1.0,0.25,11,777537445,M1+pausa,689752ec2d69,1.0,0.6995,0.9449,0.601,0.0551,0.1068,0.0541,,0.3078,599,0,510
W-absence,600,0.05,1.0,0.25,12,91559014,M0,689752ec2d69,1.0,0.6995,0.9482,0.571,0.0518,0.1102,0.0823,,0.2973,599,0,518
W-absence,600,0.05,1.0,0.25,12,91559014,M1,689752ec2d69,1.0,0.6995,0.9482,0.571,0.0518,0.1102,0.0514,,0.2973,599,0,518
W-absence,600,0.05,1.0,0.25,12,91559014,M2,689752ec2d69,1.0,0.6995,1.0,0.611,0.0,0.0768,0.0095,,0.2973,599,0,518
W-absence,600,0.05,1.0,0.25,12,91559014,M1+pausa,689752ec2d69,1.0,0.6995,0.9482,0.571,0.0518,0.1102,0.0514,,0.2973,599,0,518
W-absence,600,0.05,1.0,0.25,13,476980519,M0,689752ec2d69,1.0,0.6995,0.9533,0.5826,0.0467,0.1052,0.0679,,0.2958,599,0,497
W-absence,600,0.05,1.0,0.25,13,476980519,M1,689752ec2d69,1.0,0.6995,0.9533,0.5826,0.0467,0.1052,0.0474,,0.2958,599,0,497
W-absence,600,0.05,1.0,0.25,13,476980519,M2,689752ec2d69,1.0,0.6995,1.0,0.611,0.0,0.0801,0.0096,,0.2958,599,0,497
W-absence,600,0.05,1.0,0.25,13,476980519,M1+pausa,689752ec2d69,1.0,0.6995,0.9533,0.5826,0.0467,0.1052,0.0474,,0.2958,599,0,497
W-absence,600,0.05,1.0,0.25,14,1395635168,M0,689752ec2d69,1.0,0.6995,0.9649,0.5843,0.0351,0.0851,0.0449,,0.2998,599,0,557
W-absence,600,0.05,1.0,0.25,14,1395635168,M1,689752ec2d69,1.0,0.6995,0.9649,0.5843,0.0351,0.0851,0.038,,0.2998,599,0,557
W-absence,600,0.05,1.0,0.25,14,1395635168,M2,689752ec2d69,1.0,0.6995,1.0,0.606,0.0,0.0634,0.0097,,0.2998,599,0,557
W-absence,600,0.05,1.0,0.25,14,1395635168,M1+pausa,689752ec2d69,1.0,0.6995,0.9649,0.5843,0.0351,0.0851,0.038,,0.2998,599,0,557
W-absence,600,0.05,1.0,0.25,15,1244955297,M0,689752ec2d69,1.0,0.6995,0.9583,0.5927,0.0417,0.1185,0.0822,,0.299,599,0,525
W-absence,600,0.05,1.0,0.25,15,1244955297,M1,689752ec2d69,1.0,0.6995,0.9583,0.5927,0.0417,0.1185,0.0434,,0.299,599,0,525
W-absence,600,0.05,1.0,0.25,15,1244955297,M2,689752ec2d69,1.0,0.6995,1.0,0.6127,0.0,0.0902,0.0096,,0.299,599,0,525
W-absence,600,0.05,1.0,0.25,15,1244955297,M1+pausa,689752ec2d69,1.0,0.6995,0.9583,0.5927,0.0417,0.1185,0.0434,,0.299,599,0,525
W-absence,600,0.05,1.0,0.25,16,1629081954,M0,689752ec2d69,1.0,0.6995,0.9599,0.5943,0.0401,0.1002,0.0581,,0.3139,599,0,462
W-absence,600,0.05,1.0,0.25,16,1629081954,M1,689752ec2d69,1.0,0.6995,0.9599,0.5943,0.0401,0.1002,0.0421,,0.3139,599,0,462
W-absence,600,0.05,1.0,0.25,16,1629081954,M2,689752ec2d69,1.0,0.6995,1.0,0.6127,0.0,0.0718,0.0096,,0.3139,599,0,462
W-absence,600,0.05,1.0,0.25,16,1629081954,M1+pausa,689752ec2d69,1.0,0.6995,0.9599,0.5943,0.0401,0.1002,0.0421,,0.3139,599,0,462
W-absence,600,0.05,1.0,0.25,17,2013454371,M0,689752ec2d69,1.0,0.6995,0.9516,0.5876,0.0484,0.1119,0.0566,,0.3,599,0,510
W-absence,600,0.05,1.0,0.25,17,2013454371,M1,689752ec2d69,1.0,0.6995,0.9516,0.5876,0.0484,0.1119,0.0487,,0.3,599,0,510
W-absence,600,0.05,1.0,0.25,17,2013454371,M2,689752ec2d69,1.0,0.6995,1.0,0.6194,0.0,0.0918,0.0095,,0.3,599,0,510
W-absence,600,0.05,1.0,0.25,17,2013454371,M1+pausa,689752ec2d69,1.0,0.6995,0.9516,0.5876,0.0484,0.1119,0.0487,,0.3,599,0,510
W-absence,600,0.05,1.0,0.25,18,2140863724,M0,689752ec2d69,1.0,0.6995,0.9482,0.591,0.0518,0.1135,0.0525,,0.2992,599,0,478
W-absence,600,0.05,1.0,0.25,18,2140863724,M1,689752ec2d69,1.0,0.6995,0.9482,0.591,0.0518,0.1135,0.0514,,0.2992,599,0,478
W-absence,600,0.05,1.0,0.25,18,2140863724,M2,689752ec2d69,1.0,0.6995,1.0,0.621,0.0,0.0785,0.0095,,0.2992,599,0,478
W-absence,600,0.05,1.0,0.25,18,2140863724,M1+pausa,689752ec2d69,1.0,0.6995,0.9482,0.591,0.0518,0.1135,0.0514,,0.2992,599,0,478
W-absence,600,0.05,1.0,0.25,19,1719782829,M0,689752ec2d69,1.0,0.6995,0.9466,0.5609,0.0534,0.1152,0.0745,,0.3175,599,0,548
W-absence,600,0.05,1.0,0.25,19,1719782829,M1,689752ec2d69,1.0,0.6995,0.9466,0.5609,0.0534,0.1152,0.0527,,0.3175,599,0,548
W-absence,600,0.05,1.0,0.25,19,1719782829,M2,689752ec2d69,1.0,0.6995,1.0,0.586,0.0,0.0885,0.0095,,0.3175,599,0,548
W-absence,600,0.05,1.0,0.25,19,1719782829,M1+pausa,689752ec2d69,1.0,0.6995,0.9466,0.5609,0.0534,0.1152,0.0527,,0.3175,599,0,548
W-absence,600,0.05,0.7,0.05,0,894786557,M0,689752ec2d69,1.0,0.6995,0.9418,0.7021,0.0582,0.0582,0.0832,,0.3047,292,0,256
W-absence,600,0.05,0.7,0.05,0,894786557,M1,689752ec2d69,1.0,0.6995,0.9418,0.7021,0.0582,0.0582,0.0566,,0.3047,292,0,256
W-absence,600,0.05,0.7,0.05,0,894786557,M2,689752ec2d69,1.0,0.6995,1.0,0.7568,0.0,0.0411,0.0094,,0.3047,292,0,256
W-absence,600,0.05,0.7,0.05,0,894786557,M1+pausa,689752ec2d69,1.0,0.6995,0.9418,0.7021,0.0582,0.0582,0.0566,,0.3047,292,0,256
W-absence,600,0.05,0.7,0.05,1,743336636,M0,689752ec2d69,1.0,0.6995,0.9338,0.6838,0.0662,0.0735,0.0766,,0.3066,272,0,212
W-absence,600,0.05,0.7,0.05,1,743336636,M1,689752ec2d69,1.0,0.6995,0.9338,0.6838,0.0662,0.0735,0.0629,,0.3066,272,0,212
W-absence,600,0.05,0.7,0.05,1,743336636,M2,689752ec2d69,1.0,0.6995,1.0,0.7426,0.0,0.0588,0.0094,,0.3066,272,0,212
W-absence,600,0.05,0.7,0.05,1,743336636,M1+pausa,689752ec2d69,1.0,0.6995,0.9338,0.6838,0.0662,0.0735,0.0629,,0.3066,272,0,212
W-absence,600,0.05,0.7,0.05,2,123943295,M0,689752ec2d69,1.0,0.6995,0.9314,0.732,0.0686,0.0719,0.0717,,0.2585,306,0,236
W-absence,600,0.05,0.7,0.05,2,123943295,M1,689752ec2d69,1.0,0.6995,0.9314,0.732,0.0686,0.0719,0.0649,,0.2585,306,0,236
W-absence,600,0.05,0.7,0.05,2,123943295,M2,689752ec2d69,1.0,0.6995,1.0,0.7941,0.0,0.0523,0.0093,,0.2585,306,0,236
W-absence,600,0.05,0.7,0.05,2,123943295,M1+pausa,689752ec2d69,1.0,0.6995,0.9314,0.732,0.0686,0.0719,0.0649,,0.2585,306,0,236
W-absence,600,0.05,0.7,0.05,3,511182910,M0,689752ec2d69,1.0,0.6995,0.9391,0.6738,0.0609,0.0466,0.0999,,0.2983,279,0,238
W-absence,600,0.05,0.7,0.05,3,511182910,M1,689752ec2d69,1.0,0.6995,0.9391,0.6738,0.0609,0.0466,0.0587,,0.2983,279,0,238
W-absence,600,0.05,0.7,0.05,3,511182910,M2,689752ec2d69,1.0,0.6995,1.0,0.7276,0.0,0.043,0.0094,,0.2983,279,0,238
W-absence,600,0.05,0.7,0.05,3,511182910,M1+pausa,689752ec2d69,1.0,0.6995,0.9391,0.6738,0.0609,0.0466,0.0587,,0.2983,279,0,238
W-absence,600,0.05,0.7,0.05,4,1362730745,M0,689752ec2d69,1.0,0.6995,0.9326,0.7079,0.0674,0.0449,0.0747,,0.2771,267,0,231
W-absence,600,0.05,0.7,0.05,4,1362730745,M1,689752ec2d69,1.0,0.6995,0.9326,0.7079,0.0674,0.0449,0.0639,,0.2771,267,0,231
W-absence,600,0.05,0.7,0.05,4,1362730745,M2,689752ec2d69,1.0,0.6995,1.0,0.764,0.0,0.0337,0.0094,,0.2771,267,0,231
W-absence,600,0.05,0.7,0.05,4,1362730745,M1+pausa,689752ec2d69,1.0,0.6995,0.9326,0.7079,0.0674,0.0449,0.0639,,0.2771,267,0,231
W-absence,600,0.05,0.7,0.05,5,1210232760,M0,689752ec2d69,1.0,0.6995,0.9349,0.6747,0.0651,0.0753,0.0845,,0.3158,292,0,247
W-absence,600,0.05,0.7,0.05,5,1210232760,M1,689752ec2d69,1.0,0.6995,0.9349,0.6747,0.0651,0.0753,0.0621,,0.3158,292,0,247
W-absence,600,0.05,0.7,0.05,5,1210232760,M2,689752ec2d69,1.0,0.6995,1.0,0.7363,0.0,0.0582,0.0094,,0.3158,292,0,247
W-absence,600,0.05,0.7,0.05,5,1210232760,M1+pausa,689752ec2d69,1.0,0.6995,0.9349,0.6747,0.0651,0.0753,0.0621,,0.3158,292,0,247
W-absence,600,0.05,0.7,0.05,6,1661992059,M0,689752ec2d69,1.0,0.6995,0.9317,0.6758,0.0683,0.0717,0.1065,,0.3404,293,0,235
W-absence,600,0.05,0.7,0.05,6,1661992059,M1,689752ec2d69,1.0,0.6995,0.9317,0.6758,0.0683,0.0717,0.0646,,0.3404,293,0,235
W-absence,600,0.05,0.7,0.05,6,1661992059,M2,689752ec2d69,1.0,0.6995,1.0,0.7338,0.0,0.0614,0.0093,,0.3404,293,0,235
W-absence,600,0.05,0.7,0.05,6,1661992059,M1+pausa,689752ec2d69,1.0,0.6995,0.9317,0.6758,0.0683,0.0717,0.0646,,0.3404,293,0,235
W-absence,600,0.05,0.7,0.05,7,2048183610,M0,689752ec2d69,1.0,0.6995,0.9573,0.694,0.0427,0.089,0.1586,,0.3392,281,0,227
W-absence,600,0.05,0.7,0.05,7,2048183610,M1,689752ec2d69,1.0,0.6995,0.9573,0.694,0.0427,0.089,0.0442,,0.3392,281,0,227
W-absence,600,0.05,0.7,0.05,7,2048183610,M2,689752ec2d69,1.0,0.6995,1.0,0.7367,0.0,0.0819,0.0096,,0.3392,281,0,227
W-absence,600,0.05,0.7,0.05,7,2048183610,M1+pausa,689752ec2d69,1.0,0.6995,0.9573,0.694,0.0427,0.089,0.0442,,0.3392,281,0,227
W-absence,600,0.05,0.7,0.05,8,2106380789,M0,689752ec2d69,1.0,0.6995,0.919,0.662,0.081,0.0669,0.088,,0.3487,284,0,238
W-absence,600,0.05,0.7,0.05,8,2106380789,M1,689752ec2d69,1.0,0.6995,0.919,0.662,0.081,0.0669,0.0748,,0.3487,284,0,238
W-absence,600,0.05,0.7,0.05,8,2106380789,M2,689752ec2d69,1.0,0.6995,1.0,0.7359,0.0,0.0423,0.0092,,0.3487,284,0,238
W-absence,600,0.05,0.7,0.05,8,2106380789,M1+pausa,689752ec2d69,1.0,0.6995,0.919,0.662,0.081,0.0669,0.0748,,0.3487,284,0,238
W-absence,600,0.05,0.7,0.05,9,1687675060,M0,689752ec2d69,1.0,0.6995,0.9342,0.7303,0.0658,0.0724,0.0882,,0.2828,304,0,244
W-absence,600,0.05,0.7,0.05,9,1687675060,M1,689752ec2d69,1.0,0.6995,0.9342,0.7303,0.0658,0.0724,0.0626,,0.2828,304,0,244
W-absence,600,0.05,0.7,0.05,9,1687675060,M2,689752ec2d69,1.0,0.6995,1.0,0.7895,0.0,0.0559,0.0094,,0.2828,304,0,244
W-absence,600,0.05,0.7,0.05,9,1687675060,M1+pausa,689752ec2d69,1.0,0.6995,0.9342,0.7303,0.0658,0.0724,0.0626,,0.2828,304,0,244
W-absence,600,0.05,0.7,0.05,10,1229680436,M0,689752ec2d69,1.0,0.6995,0.9075,0.6644,0.0925,0.0445,0.0874,,0.3269,292,0,260
W-absence,600,0.05,0.7,0.05,10,1229680436,M1,689752ec2d69,1.0,0.6995,0.9075,0.6644,0.0925,0.0445,0.084,,0.3269,292,0,260
W-absence,600,0.05,0.7,0.05,10,1229680436,M2,689752ec2d69,1.0,0.6995,1.0,0.7466,0.0,0.0342,0.0091,,0.3269,292,0,260
W-absence,600,0.05,0.7,0.05,10,1229680436,M1+pausa,689752ec2d69,1.0,0.6995,0.9075,0.6644,0.0925,0.0445,0.084,,0.3269,292,0,260
W-absence,600,0.05,0.7,0.05,11,1347444341,M0,689752ec2d69,1.0,0.6995,0.9468,0.691,0.0532,0.0897,0.0666,,0.2803,301,0,239
W-absence,600,0.05,0.7,0.05,11,1347444341,M1,689752ec2d69,1.0,0.6995,0.9468,0.691,0.0532,0.0897,0.0525,,0.2803,301,0,239
W-absence,600,0.05,0.7,0.05,11,1347444341,M2,689752ec2d69,1.0,0.6995,1.0,0.7409,0.0,0.0698,0.0095,,0.2803,301,0,239
W-absence,600,0.05,0.7,0.05,11,1347444341,M1+pausa,689752ec2d69,1.0,0.6995,0.9468,0.691,0.0532,0.0897,0.0525,,0.2803,301,0,239
W-absence,600,0.05,0.7,0.05,12,2071793078,M0,689752ec2d69,1.0,0.6995,0.9416,0.7113,0.0584,0.079,0.1393,,0.2911,291,0,237
W-absence,600,0.05,0.7,0.05,12,2071793078,M1,689752ec2d69,1.0,0.6995,0.9416,0.7113,0.0584,0.079,0.0567,,0.2911,291,0,237
W-absence,600,0.05,0.7,0.05,12,2071793078,M2,689752ec2d69,1.0,0.6995,1.0,0.7629,0.0,0.0481,0.0094,,0.2911,291,0,237
W-absence,600,0.05,0.7,0.05,12,2071793078,M1+pausa,689752ec2d69,1.0,0.6995,0.9416,0.7113,0.0584,0.079,0.0567,,0.2911,291,0,237
W-absence,600,0.05,0.7,0.05,13,1650867447,M0,689752ec2d69,1.0,0.6995,0.9444,0.7099,0.0556,0.0864,0.0889,,0.2825,324,0,269
W-absence,600,0.05,0.7,0.05,13,1650867447,M1,689752ec2d69,1.0,0.6995,0.9444,0.7099,0.0556,0.0864,0.0544,,0.2825,324,0,269
W-absence,600,0.05,0.7,0.05,13,1650867447,M2,689752ec2d69,1.0,0.6995,1.0,0.7623,0.0,0.0648,0.0095,,0.2825,324,0,269
W-absence,600,0.05,0.7,0.05,13,1650867447,M1+pausa,689752ec2d69,1.0,0.6995,0.9444,0.7099,0.0556,0.0864,0.0544,,0.2825,324,0,269
W-absence,600,0.05,0.7,0.05,14,757574192,M0,689752ec2d69,1.0,0.6995,0.9175,0.7045,0.0825,0.0584,0.0886,,0.2471,291,0,259
W-absence,600,0.05,0.7,0.05,14,757574192,M1,689752ec2d69,1.0,0.6995,0.9175,0.7045,0.0825,0.0584,0.076,,0.2471,291,0,259
W-absence,600,0.05,0.7,0.05,14,757574192,M2,689752ec2d69,1.0,0.6995,1.0,0.7869,0.0,0.0447,0.0092,,0.2471,291,0,259
W-absence,600,0.05,0.7,0.05,14,757574192,M1+pausa,689752ec2d69,1.0,0.6995,0.9175,0.7045,0.0825,0.0584,0.076,,0.2471,291,0,259
W-absence,600,0.05,0.7,0.05,15,876387185,M0,689752ec2d69,1.0,0.6995,0.924,0.7034,0.076,0.0722,0.1058,,0.3036,263,0,224
W-absence,600,0.05,0.7,0.05,15,876387185,M1,689752ec2d69,1.0,0.6995,0.924,0.7034,0.076,0.0722,0.0708,,0.3036,263,0,224
W-absence,600,0.05,0.7,0.05,15,876387185,M2,689752ec2d69,1.0,0.6995,1.0,0.7567,0.0,0.0494,0.0093,,0.3036,263,0,224
W-absence,600,0.05,0.7,0.05,15,876387185,M1+pausa,689752ec2d69,1.0,0.6995,0.924,0.7034,0.076,0.0722,0.0708,,0.3036,263,0,224
W-absence,600,0.05,0.7,0.05,16,521259186,M0,689752ec2d69,1.0,0.6995,0.9139,0.6788,0.0861,0.0662,0.0772,,0.3145,302,0,248
W-absence,600,0.05,0.7,0.05,16,521259186,M1,689752ec2d69,1.0,0.6995,0.9139,0.6788,0.0861,0.0662,0.0789,,0.3145,302,0,248
W-absence,600,0.05,0.7,0.05,16,521259186,M2,689752ec2d69,1.0,0.6995,1.0,0.7616,0.0,0.0464,0.0092,,0.3145,302,0,248
W-absence,600,0.05,0.7,0.05,16,521259186,M1+pausa,689752ec2d69,1.0,0.6995,0.9139,0.6788,0.0861,0.0662,0.0789,,0.3145,302,0,248
W-absence,600,0.05,0.7,0.05,17,101382643,M0,689752ec2d69,1.0,0.6995,0.9392,0.723,0.0608,0.0304,0.107,,0.2954,296,0,237
W-absence,600,0.05,0.7,0.05,17,101382643,M1,689752ec2d69,1.0,0.6995,0.9392,0.723,0.0608,0.0304,0.0586,,0.2954,296,0,237
W-absence,600,0.05,0.7,0.05,17,101382643,M2,689752ec2d69,1.0,0.6995,1.0,0.7804,0.0,0.027,0.0094,,0.2954,296,0,237
W-absence,600,0.05,0.7,0.05,17,101382643,M1+pausa,689752ec2d69,1.0,0.6995,0.9392,0.723,0.0608,0.0304,0.0586,,0.2954,296,0,237
W-absence,600,0.05,0.7,0.05,18,26404156,M0,689752ec2d69,1.0,0.6995,0.9457,0.7029,0.0543,0.0671,0.0573,,0.2873,313,0,268
W-absence,600,0.05,0.7,0.05,18,26404156,M1,689752ec2d69,1.0,0.6995,0.9457,0.7029,0.0543,0.0671,0.0535,,0.2873,313,0,268
W-absence,600,0.05,0.7,0.05,18,26404156,M2,689752ec2d69,1.0,0.6995,1.0,0.754,0.0,0.0447,0.0095,,0.2873,313,0,268
W-absence,600,0.05,0.7,0.05,18,26404156,M1+pausa,689752ec2d69,1.0,0.6995,0.9457,0.7029,0.0543,0.0671,0.0535,,0.2873,313,0,268
W-absence,600,0.05,0.7,0.05,19,411686013,M0,689752ec2d69,1.0,0.6995,0.9375,0.6513,0.0625,0.1184,0.1203,,0.2846,304,0,246
W-absence,600,0.05,0.7,0.05,19,411686013,M1,689752ec2d69,1.0,0.6995,0.9375,0.6513,0.0625,0.1184,0.06,,0.2846,304,0,246
W-absence,600,0.05,0.7,0.05,19,411686013,M2,689752ec2d69,1.0,0.6995,1.0,0.6974,0.0,0.0888,0.0094,,0.2846,304,0,246
W-absence,600,0.05,0.7,0.05,19,411686013,M1+pausa,689752ec2d69,1.0,0.6995,0.9375,0.6513,0.0625,0.1184,0.06,,0.2846,304,0,246
W-absence,600,0.05,0.7,0.25,0,2023619318,M0,689752ec2d69,1.0,0.6995,0.9458,0.5776,0.0542,0.1083,0.0739,,0.2629,277,0,232
W-absence,600,0.05,0.7,0.25,0,2023619318,M1,689752ec2d69,1.0,0.6995,0.9458,0.5776,0.0542,0.1083,0.0533,,0.2629,277,0,232
W-absence,600,0.05,0.7,0.25,0,2023619318,M2,689752ec2d69,1.0,0.6995,1.0,0.6137,0.0,0.065,0.0095,,0.2629,277,0,232
W-absence,600,0.05,0.7,0.25,0,2023619318,M1+pausa,689752ec2d69,1.0,0.6995,0.9458,0.5776,0.0542,0.1083,0.0533,,0.2629,277,0,232
W-absence,600,0.05,0.7,0.25,1,1636223927,M0,689752ec2d69,1.0,0.6995,0.9333,0.5733,0.0667,0.1067,0.0737,,0.295,300,0,261
W-absence,600,0.05,0.7,0.25,1,1636223927,M1,689752ec2d69,1.0,0.6995,0.9333,0.5733,0.0667,0.1067,0.0633,,0.295,300,0,261
W-absence,600,0.05,0.7,0.25,1,1636223927,M2,689752ec2d69,1.0,0.6995,1.0,0.61,0.0,0.0633,0.0094,,0.295,300,0,261
W-absence,600,0.05,0.7,0.25,1,1636223927,M1+pausa,689752ec2d69,1.0,0.6995,0.9333,0.5733,0.0667,0.1067,0.0633,,0.295,300,0,261
W-absence,600,0.05,0.7,0.25,2,1252759668,M0,689752ec2d69,1.0,0.6995,0.9317,0.5802,0.0683,0.0956,0.0549,,0.3233,293,0,266
W-absence,600,0.05,0.7,0.25,2,1252759668,M1,689752ec2d69,1.0,0.6995,0.9317,0.5802,0.0683,0.0956,0.0646,,0.3233,293,0,266
W-absence,600,0.05,0.7,0.25,2,1252759668,M2,689752ec2d69,1.0,0.6995,1.0,0.6212,0.0,0.0546,0.0093,,0.3233,293,0,266
W-absence,600,0.05,0.7,0.25,2,1252759668,M1+pausa,689752ec2d69,1.0,0.6995,0.9317,0.5802,0.0683,0.0956,0.0646,,0.3233,293,0,266
W-absence,600,0.05,0.7,0.25,3,1404086581,M0,689752ec2d69,1.0,0.6995,0.9721,0.5817,0.0279,0.1036,0.0331,,0.31,251,0,200
W-absence,600,0.05,0.7,0.25,3,1404086581,M1,689752ec2d69,1.0,0.6995,0.9721,0.5817,0.0279,0.1036,0.0323,,0.31,251,0,200
W-absence,600,0.05,0.7,0.25,3,1404086581,M2,689752ec2d69,1.0,0.6995,1.0,0.5936,0.0,0.0797,0.0097,,0.31,251,0,200
W-absence,600,0.05,0.7,0.25,3,1404086581,M1+pausa,689752ec2d69,1.0,0.6995,0.9721,0.5817,0.0279,0.1036,0.0323,,0.31,251,0,200
W-absence,600,0.05,0.7,0.25,4,485572594,M0,689752ec2d69,1.0,0.6995,0.9609,0.5658,0.0391,0.1068,0.0624,,0.2888,281,0,232
W-absence,600,0.05,0.7,0.25,4,485572594,M1,689752ec2d69,1.0,0.6995,0.9609,0.5658,0.0391,0.1068,0.0413,,0.2888,281,0,232
W-absence,600,0.05,0.7,0.25,4,485572594,M2,689752ec2d69,1.0,0.6995,1.0,0.5872,0.0,0.0854,0.0096,,0.2888,281,0,232
W-absence,600,0.05,0.7,0.25,4,485572594,M1+pausa,689752ec2d69,1.0,0.6995,0.9609,0.5658,0.0391,0.1068,0.0413,,0.2888,281,0,232
W-absence,600,0.05,0.7,0.25,5,99225267,M0,689752ec2d69,1.0,0.6995,0.9444,0.559,0.0556,0.1076,0.0504,,0.2929,288,0,239
W-absence,600,0.05,0.7,0.25,5,99225267,M1,689752ec2d69,1.0,0.6995,0.9444,0.559,0.0556,0.1076,0.0544,,0.2929,288,0,239
W-absence,600,0.05,0.7,0.25,5,99225267,M2,689752ec2d69,1.0,0.6995,1.0,0.5764,0.0,0.0729,0.0095,,0.2929,288,0,239
W-absence,600,0.05,0.7,0.25,5,99225267,M1+pausa,689752ec2d69,1.0,0.6995,0.9444,0.559,0.0556,0.1076,0.0544,,0.2929,288,0,239
W-absence,600,0.05,0.7,0.25,6,784817520,M0,689752ec2d69,1.0,0.6995,0.9544,0.6,0.0456,0.1123,0.0525,,0.3224,285,0,245
W-absence,600,0.05,0.7,0.25,6,784817520,M1,689752ec2d69,1.0,0.6995,0.9544,0.6,0.0456,0.1123,0.0465,,0.3224,285,0,245
W-absence,600,0.05,0.7,0.25,6,784817520,M2,689752ec2d69,1.0,0.6995,1.0,0.6281,0.0,0.0912,0.0096,,0.3224,285,0,245
W-absence,600,0.05,0.7,0.25,6,784817520,M1+pausa,689752ec2d69,1.0,0.6995,0.9544,0.6,0.0456,0.1123,0.0465,,0.3224,285,0,245
W-absence,600,0.05,0.7,0.25,7,937192497,M0,689752ec2d69,1.0,0.6995,0.9576,0.5818,0.0424,0.1091,0.0566,,0.2979,330,0,282
W-absence,600,0.05,0.7,0.25,7,937192497,M1,689752ec2d69,1.0,0.6995,0.9576,0.5818,0.0424,0.1091,0.0439,,0.2979,330,0,282
W-absence,600,0.05,0.7,0.25,7,937192497,M2,689752ec2d69,1.0,0.6995,1.0,0.6121,0.0,0.0788,0.0096,,0.2979,330,0,282
W-absence,600,0.05,0.7,0.25,7,937192497,M1+pausa,689752ec2d69,1.0,0.6995,0.9576,0.5818,0.0424,0.1091,0.0439,,0.2979,330,0,282
W-absence,600,0.05,0.7,0.25,8,809791742,M0,689752ec2d69,1.0,0.6995,0.9593,0.6037,0.0407,0.1111,0.0505,,0.2918,270,0,233
W-absence,600,0.05,0.7,0.25,8,809791742,M1,689752ec2d69,1.0,0.6995,0.9593,0.6037,0.0407,0.1111,0.0426,,0.2918,270,0,233
W-absence,600,0.05,0.7,0.25,8,809791742,M2,689752ec2d69,1.0,0.6995,1.0,0.6259,0.0,0.0815,0.0096,,0.2918,270,0,233
W-absence,600,0.05,0.7,0.25,8,809791742,M1+pausa,689752ec2d69,1.0,0.6995,0.9593,0.6037,0.0407,0.1111,0.0426,,0.2918,270,0,233
W-absence,600,0.05,0.7,0.25,9,694108607,M0,689752ec2d69,1.0,0.6995,0.9414,0.5938,0.0586,0.1328,0.0681,,0.2886,256,0,201
W-absence,600,0.05,0.7,0.25,9,694108607,M1,689752ec2d69,1.0,0.6995,0.9414,0.5938,0.0586,0.1328,0.0569,,0.2886,256,0,201
W-absence,600,0.05,0.7,0.25,9,694108607,M2,689752ec2d69,1.0,0.6995,1.0,0.6289,0.0,0.0898,0.0094,,0.2886,256,0,201
W-absence,600,0.05,0.7,0.25,9,694108607,M1+pausa,689752ec2d69,1.0,0.6995,0.9414,0.5938,0.0586,0.1328,0.0569,,0.2886,256,0,201
W-absence,600,0.05,0.7,0.25,10,1590984221,M0,689752ec2d69,1.0,0.6995,0.9655,0.5552,0.0345,0.1483,0.0864,,0.3281,290,0,253
W-absence,600,0.05,0.7,0.25,10,1590984221,M1,689752ec2d69,1.0,0.6995,0.9655,0.5552,0.0345,0.1483,0.0376,,0.3281,290,0,253
W-absence,600,0.05,0.7,0.25,10,1590984221,M2,689752ec2d69,1.0,0.6995,1.0,0.5759,0.0,0.1207,0.0097,,0.3281,290,0,253
W-absence,600,0.05,0.7,0.25,10,1590984221,M1+pausa,689752ec2d69,1.0,0.6995,0.9655,0.5552,0.0345,0.1483,0.0376,,0.3281,290,0,253
W-absence,600,0.05,0.7,0.25,11,1204768604,M0,689752ec2d69,1.0,0.6995,0.9465,0.5786,0.0535,0.1006,0.0478,,0.2808,318,0,260
W-absence,600,0.05,0.7,0.25,11,1204768604,M1,689752ec2d69,1.0,0.6995,0.9465,0.5786,0.0535,0.1006,0.0528,,0.2808,318,0,260
W-absence,600,0.05,0.7,0.25,11,1204768604,M2,689752ec2d69,1.0,0.6995,1.0,0.6132,0.0,0.0629,0.0095,,0.2808,318,0,260
W-absence,600,0.05,0.7,0.25,11,1204768604,M1+pausa,689752ec2d69,1.0,0.6995,0.9465,0.5786,0.0535,0.1006,0.0528,,0.2808,318,0,260
W-absence,600,0.05,0.7,0.25,12,1826757791,M0,689752ec2d69,1.0,0.6995,0.9785,0.5591,0.0215,0.0789,0.0753,,0.3154,279,0,241
W-absence,600,0.05,0.7,0.25,12,1826757791,M1,689752ec2d69,1.0,0.6995,0.9785,0.5591,0.0215,0.0789,0.0272,,0.3154,279,0,241
W-absence,600,0.05,0.7,0.25,12,1826757791,M2,689752ec2d69,1.0,0.6995,1.0,0.5663,0.0,0.0645,0.0098,,0.3154,279,0,241
W-absence,600,0.05,0.7,0.25,12,1826757791,M1+pausa,689752ec2d69,1.0,0.6995,0.9785,0.5591,0.0215,0.0789,0.0272,,0.3154,279,0,241
W-absence,600,0.05,0.7,0.25,13,1979264478,M0,689752ec2d69,1.0,0.6995,0.9825,0.6421,0.0175,0.1158,0.029,,0.3038,285,0,237
W-absence,600,0.05,0.7,0.25,13,1979264478,M1,689752ec2d69,1.0,0.6995,0.9825,0.6421,0.0175,0.1158,0.024,,0.3038,285,0,237
W-absence,600,0.05,0.7,0.25,13,1979264478,M2,689752ec2d69,1.0,0.6995,1.0,0.6491,0.0,0.1088,0.0098,,0.3038,285,0,237
W-absence,600,0.05,0.7,0.25,13,1979264478,M1+pausa,689752ec2d69,1.0,0.6995,0.9825,0.6421,0.0175,0.1158,0.024,,0.3038,285,0,237
W-absence,600,0.05,0.7,0.25,14,985185049,M0,689752ec2d69,1.0,0.6995,0.9517,0.5502,0.0483,0.1041,0.0586,,0.3394,269,0,221
W-absence,600,0.05,0.7,0.25,14,985185049,M1,689752ec2d69,1.0,0.6995,0.9517,0.5502,0.0483,0.1041,0.0487,,0.3394,269,0,221
W-absence,600,0.05,0.7,0.25,14,985185049,M2,689752ec2d69,1.0,0.6995,1.0,0.5799,0.0,0.0781,0.0095,,0.3394,269,0,221
W-absence,600,0.05,0.7,0.25,14,985185049,M1+pausa,689752ec2d69,1.0,0.6995,0.9517,0.5502,0.0483,0.1041,0.0487,,0.3394,269,0,221
W-absence,600,0.05,0.7,0.25,15,597920344,M0,689752ec2d69,1.0,0.6995,0.9416,0.5636,0.0584,0.1409,0.065,,0.3074,291,0,244
W-absence,600,0.05,0.7,0.25,15,597920344,M1,689752ec2d69,1.0,0.6995,0.9416,0.5636,0.0584,0.1409,0.0567,,0.3074,291,0,244
W-absence,600,0.05,0.7,0.25,15,597920344,M2,689752ec2d69,1.0,0.6995,1.0,0.5945,0.0,0.0962,0.0094,,0.3074,291,0,244
W-absence,600,0.05,0.7,0.25,15,597920344,M1+pausa,689752ec2d69,1.0,0.6995,0.9416,0.5636,0.0584,0.1409,0.0567,,0.3074,291,0,244
W-absence,600,0.05,0.7,0.25,16,143579547,M0,689752ec2d69,1.0,0.6995,0.949,0.6019,0.051,0.1369,0.0774,,0.306,314,0,281
W-absence,600,0.05,0.7,0.25,16,143579547,M1,689752ec2d69,1.0,0.6995,0.949,0.6019,0.051,0.1369,0.0508,,0.306,314,0,281
W-absence,600,0.05,0.7,0.25,16,143579547,M2,689752ec2d69,1.0,0.6995,1.0,0.6274,0.0,0.0987,0.0095,,0.306,314,0,281
W-absence,600,0.05,0.7,0.25,16,143579547,M1+pausa,689752ec2d69,1.0,0.6995,0.949,0.6019,0.051,0.1369,0.0508,,0.306,314,0,281
W-absence,600,0.05,0.7,0.25,17,295037146,M0,689752ec2d69,1.0,0.6995,0.949,0.5987,0.051,0.1242,0.0733,,0.2905,314,0,241
W-absence,600,0.05,0.7,0.25,17,295037146,M1,689752ec2d69,1.0,0.6995,0.949,0.5987,0.051,0.1242,0.0508,,0.2905,314,0,241
W-absence,600,0.05,0.7,0.25,17,295037146,M2,689752ec2d69,1.0,0.6995,1.0,0.6306,0.0,0.0892,0.0095,,0.2905,314,0,241
W-absence,600,0.05,0.7,0.25,17,295037146,M1+pausa,689752ec2d69,1.0,0.6995,0.949,0.5987,0.051,0.1242,0.0508,,0.2905,314,0,241
W-absence,600,0.05,0.7,0.25,18,370013205,M0,689752ec2d69,1.0,0.6995,0.9488,0.5597,0.0512,0.099,0.0642,,0.2976,293,0,252
W-absence,600,0.05,0.7,0.25,18,370013205,M1,689752ec2d69,1.0,0.6995,0.9488,0.5597,0.0512,0.099,0.051,,0.2976,293,0,252
W-absence,600,0.05,0.7,0.25,18,370013205,M2,689752ec2d69,1.0,0.6995,1.0,0.5904,0.0,0.0751,0.0095,,0.2976,293,0,252
W-absence,600,0.05,0.7,0.25,18,370013205,M1+pausa,689752ec2d69,1.0,0.6995,0.9488,0.5597,0.0512,0.099,0.051,,0.2976,293,0,252
W-absence,600,0.05,0.7,0.25,19,253150548,M0,689752ec2d69,1.0,0.6995,0.9556,0.6159,0.0444,0.1175,0.0603,,0.2952,315,0,271
W-absence,600,0.05,0.7,0.25,19,253150548,M1,689752ec2d69,1.0,0.6995,0.9556,0.6159,0.0444,0.1175,0.0456,,0.2952,315,0,271
W-absence,600,0.05,0.7,0.25,19,253150548,M2,689752ec2d69,1.0,0.6995,1.0,0.6476,0.0,0.0921,0.0096,,0.2952,315,0,271
W-absence,600,0.05,0.7,0.25,19,253150548,M1+pausa,689752ec2d69,1.0,0.6995,0.9556,0.6159,0.0444,0.1175,0.0456,,0.2952,315,0,271
W-absence,600,0.3,1.0,0.05,0,657628256,M0,689752ec2d69,1.0,0.6995,0.9399,0.6845,0.0601,0.0401,0.108,,0.3027,599,0,489
W-absence,600,0.3,1.0,0.05,0,657628256,M1,689752ec2d69,1.0,0.6995,0.9399,0.6845,0.0601,0.0401,0.0581,,0.3027,599,0,489
W-absence,600,0.3,1.0,0.05,0,657628256,M2,689752ec2d69,1.0,0.6995,1.0,0.7346,0.0,0.0267,0.0094,,0.3027,599,0,489
W-absence,600,0.3,1.0,0.05,0,657628256,M1+pausa,689752ec2d69,1.0,0.6995,0.9399,0.6845,0.0601,0.0401,0.0581,,0.3027,599,0,489
W-absence,600,0.3,1.0,0.05,1,1042918689,M0,689752ec2d69,1.0,0.6995,0.9382,0.6878,0.0618,0.1018,0.1108,,0.3069,599,0,492
W-absence,600,0.3,1.0,0.05,1,1042918689,M1,689752ec2d69,1.0,0.6995,0.9382,0.6878,0.0618,0.1018,0.0594,,0.3069,599,0,492
W-absence,600,0.3,1.0,0.05,1,1042918689,M2,689752ec2d69,1.0,0.6995,1.0,0.7446,0.0,0.0735,0.0094,,0.3069,599,0,492
W-absence,600,0.3,1.0,0.05,1,1042918689,M1+pausa,689752ec2d69,1.0,0.6995,0.9382,0.6878,0.0618,0.1018,0.0594,,0.3069,599,0,492
W-absence,600,0.3,1.0,0.05,2,352648930,M0,689752ec2d69,1.0,0.6995,0.9382,0.6895,0.0618,0.0751,0.0995,,0.2938,599,0,497
W-absence,600,0.3,1.0,0.05,2,352648930,M1,689752ec2d69,1.0,0.6995,0.9382,0.6895,0.0618,0.0751,0.0594,,0.2938,599,0,497
W-absence,600,0.3,1.0,0.05,2,352648930,M2,689752ec2d69,1.0,0.6995,1.0,0.7412,0.0,0.0601,0.0094,,0.2938,599,0,497
W-absence,600,0.3,1.0,0.05,2,352648930,M1+pausa,689752ec2d69,1.0,0.6995,0.9382,0.6895,0.0618,0.0751,0.0594,,0.2938,599,0,497
W-absence,600,0.3,1.0,0.05,3,203411363,M0,689752ec2d69,1.0,0.6995,0.9382,0.7078,0.0618,0.0918,0.1073,,0.2965,599,0,489
W-absence,600,0.3,1.0,0.05,3,203411363,M1,689752ec2d69,1.0,0.6995,0.9382,0.7078,0.0618,0.0918,0.0594,,0.2965,599,0,489
W-absence,600,0.3,1.0,0.05,3,203411363,M2,689752ec2d69,1.0,0.6995,1.0,0.7679,0.0,0.0684,0.0094,,0.2965,599,0,489
W-absence,600,0.3,1.0,0.05,3,203411363,M1+pausa,689752ec2d69,1.0,0.6995,0.9382,0.7078,0.0618,0.0918,0.0594,,0.2965,599,0,489
W-absence,600,0.3,1.0,0.05,4,1130256740,M0,689752ec2d69,1.0,0.6995,0.9215,0.6845,0.0785,0.0801,0.0967,,0.3121,599,0,503
W-absence,600,0.3,1.0,0.05,4,1130256740,M1,689752ec2d69,1.0,0.6995,0.9215,0.6845,0.0785,0.0801,0.0728,,0.3121,599,0,503
W-absence,600,0.3,1.0,0.05,4,1130256740,M2,689752ec2d69,1.0,0.6995,1.0,0.7579,0.0,0.0551,0.0092,,0.3121,599,0,503
W-absence,600,0.3,1.0,0.05,4,1130256740,M1+pausa,689752ec2d69,1.0,0.6995,0.9215,0.6845,0.0785,0.0801,0.0728,,0.3121,599,0,503
W-absence,600,0.3,1.0,0.05,5,1514498085,M0,689752ec2d69,1.0,0.6995,0.9182,0.6995,0.0818,0.0902,0.1096,,0.3082,599,0,503
W-absence,600,0.3,1.0,0.05,5,1514498085,M1,689752ec2d69,1.0,0.6995,0.9182,0.6995,0.0818,0.0902,0.0754,,0.3082,599,0,503
W-absence,600,0.3,1.0,0.05,5,1514498085,M2,689752ec2d69,1.0,0.6995,1.0,0.7746,0.0,0.0618,0.0092,,0.3082,599,0,503
W-absence,600,0.3,1.0,0.05,5,1514498085,M1+pausa,689752ec2d69,1.0,0.6995,0.9182,0.6995,0.0818,0.0902,0.0754,,0.3082,599,0,503
W-absence,600,0.3,1.0,0.05,6,1902656486,M0,689752ec2d69,1.0,0.6995,0.9265,0.6845,0.0735,0.0384,0.1318,,0.2902,599,0,510
W-absence,600,0.3,1.0,0.05,6,1902656486,M1,689752ec2d69,1.0,0.6995,0.9265,0.6845,0.0735,0.0384,0.0688,,0.2902,599,0,510
W-absence,600,0.3,1.0,0.05,6,1902656486,M2,689752ec2d69,1.0,0.6995,1.0,0.7546,0.0,0.0284,0.0093,,0.2902,599,0,510
W-absence,600,0.3,1.0,0.05,6,1902656486,M1+pausa,689752ec2d69,1.0,0.6995,0.9265,0.6845,0.0735,0.0384,0.0688,,0.2902,599,0,510
W-absence,600,0.3,1.0,0.05,7,1752369831,M0,689752ec2d69,1.0,0.6995,0.9366,0.7012,0.0634,0.0334,0.096,,0.2966,599,0,553
W-absence,600,0.3,1.0,0.05,7,1752369831,M1,689752ec2d69,1.0,0.6995,0.9366,0.7012,0.0634,0.0334,0.0608,,0.2966,599,0,553
W-absence,600,0.3,1.0,0.05,7,1752369831,M2,689752ec2d69,1.0,0.6995,1.0,0.7579,0.0,0.0217,0.0094,,0.2966,599,0,553
W-absence,600,0.3,1.0,0.05,7,1752369831,M1+pausa,689752ec2d69,1.0,0.6995,0.9366,0.7012,0.0634,0.0334,0.0608,,0.2966,599,0,553
W-absence,600,0.3,1.0,0.05,8,1877677672,M0,689752ec2d69,1.0,0.6995,0.9299,0.6845,0.0701,0.0584,0.0899,,0.3108,599,0,473
W-absence,600,0.3,1.0,0.05,8,1877677672,M1,689752ec2d69,1.0,0.6995,0.9299,0.6845,0.0701,0.0584,0.0661,,0.3108,599,0,473
W-absence,600,0.3,1.0,0.05,8,1877677672,M2,689752ec2d69,1.0,0.6995,1.0,0.7462,0.0,0.0467,0.0093,,0.3108,599,0,473
W-absence,600,0.3,1.0,0.05,8,1877677672,M1+pausa,689752ec2d69,1.0,0.6995,0.9299,0.6845,0.0701,0.0584,0.0661,,0.3108,599,0,473
W-absence,600,0.3,1.0,0.05,9,1995450153,M0,689752ec2d69,1.0,0.6995,0.9366,0.6861,0.0634,0.0267,0.1009,,0.3119,599,0,545
W-absence,600,0.3,1.0,0.05,9,1995450153,M1,689752ec2d69,1.0,0.6995,0.9366,0.6861,0.0634,0.0267,0.0608,,0.3119,599,0,545
W-absence,600,0.3,1.0,0.05,9,1995450153,M2,689752ec2d69,1.0,0.6995,1.0,0.7429,0.0,0.0217,0.0094,,0.3119,599,0,545
W-absence,600,0.3,1.0,0.05,9,1995450153,M1+pausa,689752ec2d69,1.0,0.6995,0.9366,0.6861,0.0634,0.0267,0.0608,,0.3119,599,0,545
W-absence,600,0.3,1.0,0.05,10,1206380298,M0,689752ec2d69,1.0,0.6995,0.9416,0.6878,0.0584,0.0317,0.1052,,0.2968,599,0,539
W-absence,600,0.3,1.0,0.05,10,1206380298,M1,689752ec2d69,1.0,0.6995,0.9416,0.6878,0.0584,0.0317,0.0567,,0.2968,599,0,539
W-absence,600,0.3,1.0,0.05,10,1206380298,M2,689752ec2d69,1.0,0.6995,1.0,0.7362,0.0,0.0234,0.0094,,0.2968,599,0,539
W-absence,600,0.3,1.0,0.05,10,1206380298,M1+pausa,689752ec2d69,1.0,0.6995,0.9416,0.6878,0.0584,0.0317,0.0567,,0.2968,599,0,539
W-absence,600,0.3,1.0,0.05,11,1593628235,M0,689752ec2d69,1.0,0.6995,0.9449,0.6978,0.0551,0.0684,0.1022,,0.3125,599,0,480
W-absence,600,0.3,1.0,0.05,11,1593628235,M1,689752ec2d69,1.0,0.6995,0.9449,0.6978,0.0551,0.0684,0.0541,,0.3125,599,0,480
W-absence,600,0.3,1.0,0.05,11,1593628235,M2,689752ec2d69,1.0,0.6995,1.0,0.7496,0.0,0.0551,0.0095,,0.3125,599,0,480
W-absence,600,0.3,1.0,0.05,11,1593628235,M1+pausa,689752ec2d69,1.0,0.6995,0.9449,0.6978,0.0551,0.0684,0.0541,,0.3125,599,0,480
W-absence,600,0.3,1.0,0.05,12,1976665480,M0,689752ec2d69,1.0,0.6995,0.9316,0.6895,0.0684,0.0484,0.0976,,0.2898,599,0,490
W-absence,600,0.3,1.0,0.05,12,1976665480,M1,689752ec2d69,1.0,0.6995,0.9316,0.6895,0.0684,0.0484,0.0648,,0.2898,599,0,490
W-absence,600,0.3,1.0,0.05,12,1976665480,M2,689752ec2d69,1.0,0.6995,1.0,0.7513,0.0,0.0401,0.0093,,0.2898,599,0,490
W-absence,600,0.3,1.0,0.05,12,1976665480,M1+pausa,689752ec2d69,1.0,0.6995,0.9316,0.6895,0.0684,0.0484,0.0648,,0.2898,599,0,490
W-absence,600,0.3,1.0,0.05,13,1825223881,M0,689752ec2d69,1.0,0.6995,0.9232,0.6978,0.0768,0.0701,0.0873,,0.3008,599,0,492
W-absence,600,0.3,1.0,0.05,13,1825223881,M1,689752ec2d69,1.0,0.6995,0.9232,0.6978,0.0768,0.0701,0.0714,,0.3008,599,0,492
W-absence,600,0.3,1.0,0.05,13,1825223881,M2,689752ec2d69,1.0,0.6995,1.0,0.7646,0.0,0.0484,0.0093,,0.3008,599,0,492
W-absence,600,0.3,1.0,0.05,13,1825223881,M1+pausa,689752ec2d69,1.0,0.6995,0.9232,0.6978,0.0768,0.0701,0.0714,,0.3008,599,0,492
W-absence,600,0.3,1.0,0.05,14,596320782,M0,689752ec2d69,1.0,0.6995,0.9366,0.7028,0.0634,0.0701,0.1031,,0.3115,599,0,488
W-absence,600,0.3,1.0,0.05,14,596320782,M1,689752ec2d69,1.0,0.6995,0.9366,0.7028,0.0634,0.0701,0.0608,,0.3115,599,0,488
W-absence,600,0.3,1.0,0.05,14,596320782,M2,689752ec2d69,1.0,0.6995,1.0,0.7613,0.0,0.0584,0.0094,,0.3115,599,0,488
W-absence,600,0.3,1.0,0.05,14,596320782,M1+pausa,689752ec2d69,1.0,0.6995,0.9366,0.7028,0.0634,0.0701,0.0608,,0.3115,599,0,488
W-absence,600,0.3,1.0,0.05,15,982520655,M0,689752ec2d69,1.0,0.6995,0.9299,0.6795,0.0701,0.0467,0.1186,,0.2967,599,0,519
W-absence,600,0.3,1.0,0.05,15,982520655,M1,689752ec2d69,1.0,0.6995,0.9299,0.6795,0.0701,0.0467,0.0661,,0.2967,599,0,519
W-absence,600,0.3,1.0,0.05,15,982520655,M2,689752ec2d69,1.0,0.6995,1.0,0.7429,0.0,0.0317,0.0093,,0.2967,599,0,519
W-absence,600,0.3,1.0,0.05,15,982520655,M1+pausa,689752ec2d69,1.0,0.6995,0.9299,0.6795,0.0701,0.0467,0.0661,,0.2967,599,0,519
W-absence,600,0.3,1.0,0.05,16,297615500,M0,689752ec2d69,1.0,0.6995,0.9316,0.7078,0.0684,0.1002,0.0961,,0.2996,599,0,484
W-absence,600,0.3,1.0,0.05,16,297615500,M1,689752ec2d69,1.0,0.6995,0.9316,0.7078,0.0684,0.1002,0.0648,,0.2996,599,0,484
W-absence,600,0.3,1.0,0.05,16,297615500,M2,689752ec2d69,1.0,0.6995,1.0,0.7663,0.0,0.0801,0.0093,,0.2996,599,0,484
W-absence,600,0.3,1.0,0.05,16,297615500,M1+pausa,689752ec2d69,1.0,0.6995,0.9316,0.7078,0.0684,0.1002,0.0648,,0.2996,599,0,484
W-absence,600,0.3,1.0,0.05,17,145125837,M0,689752ec2d69,1.0,0.6995,0.9299,0.6895,0.0701,0.0534,0.0975,,0.3099,599,0,513
W-absence,600,0.3,1.0,0.05,17,145125837,M1,689752ec2d69,1.0,0.6995,0.9299,0.6895,0.0701,0.0534,0.0661,,0.3099,599,0,513
W-absence,600,0.3,1.0,0.05,17,145125837,M2,689752ec2d69,1.0,0.6995,1.0,0.7546,0.0,0.0417,0.0093,,0.3099,599,0,513
W-absence,600,0.3,1.0,0.05,17,145125837,M1+pausa,689752ec2d69,1.0,0.6995,0.9299,0.6895,0.0701,0.0534,0.0661,,0.3099,599,0,513
W-absence,600,0.3,1.0,0.05,18,255749378,M0,689752ec2d69,1.0,0.6995,0.9432,0.6828,0.0568,0.0584,0.103,,0.3205,599,0,493
W-absence,600,0.3,1.0,0.05,18,255749378,M1,689752ec2d69,1.0,0.6995,0.9432,0.6828,0.0568,0.0584,0.0554,,0.3205,599,0,493
W-absence,600,0.3,1.0,0.05,18,255749378,M2,689752ec2d69,1.0,0.6995,1.0,0.7346,0.0,0.0467,0.0095,,0.3205,599,0,493
W-absence,600,0.3,1.0,0.05,18,255749378,M1+pausa,689752ec2d69,1.0,0.6995,0.9432,0.6828,0.0568,0.0584,0.0554,,0.3205,599,0,493
W-absence,600,0.3,1.0,0.05,19,371547203,M0,689752ec2d69,1.0,0.6995,0.9082,0.6928,0.0918,0.0634,0.0934,,0.2943,599,0,547
W-absence,600,0.3,1.0,0.05,19,371547203,M1,689752ec2d69,1.0,0.6995,0.9082,0.6928,0.0918,0.0634,0.0835,,0.2943,599,0,547
W-absence,600,0.3,1.0,0.05,19,371547203,M2,689752ec2d69,1.0,0.6995,1.0,0.7696,0.0,0.0384,0.0091,,0.2943,599,0,547
W-absence,600,0.3,1.0,0.05,19,371547203,M1+pausa,689752ec2d69,1.0,0.6995,0.9082,0.6928,0.0918,0.0634,0.0835,,0.2943,599,0,547
W-absence,600,0.3,1.0,0.25,0,1794784619,M0,689752ec2d69,1.0,0.6995,0.9649,0.596,0.0351,0.1068,0.0922,,0.2854,599,0,487
W-absence,600,0.3,1.0,0.25,0,1794784619,M1,689752ec2d69,1.0,0.6995,0.9649,0.596,0.0351,0.1068,0.038,,0.2854,599,0,487
W-absence,600,0.3,1.0,0.25,0,1794784619,M2,689752ec2d69,1.0,0.6995,1.0,0.621,0.0,0.0818,0.0097,,0.2854,599,0,487
W-absence,600,0.3,1.0,0.25,0,1794784619,M1+pausa,689752ec2d69,1.0,0.6995,0.9649,0.596,0.0351,0.1068,0.038,,0.2854,599,0,487
W-absence,600,0.3,1.0,0.25,1,1944128554,M0,689752ec2d69,1.0,0.6995,0.9566,0.5593,0.0434,0.1085,0.0498,,0.2899,599,0,483
W-absence,600,0.3,1.0,0.25,1,1944128554,M1,689752ec2d69,1.0,0.6995,0.9566,0.5593,0.0434,0.1085,0.0447,,0.2899,599,0,483
W-absence,600,0.3,1.0,0.25,1,1944128554,M2,689752ec2d69,1.0,0.6995,1.0,0.5793,0.0,0.0885,0.0096,,0.2899,599,0,483
W-absence,600,0.3,1.0,0.25,1,1944128554,M1+pausa,689752ec2d69,1.0,0.6995,0.9566,0.5593,0.0434,0.1085,0.0447,,0.2899,599,0,483
W-absence,600,0.3,1.0,0.25,2,1489788905,M0,689752ec2d69,1.0,0.6995,0.9516,0.611,0.0484,0.1135,0.0906,,0.2986,599,0,509
W-absence,600,0.3,1.0,0.25,2,1489788905,M1,689752ec2d69,1.0,0.6995,0.9516,0.611,0.0484,0.1135,0.0487,,0.2986,599,0,509
W-absence,600,0.3,1.0,0.25,2,1489788905,M2,689752ec2d69,1.0,0.6995,1.0,0.6361,0.0,0.0868,0.0095,,0.2986,599,0,509
W-absence,600,0.3,1.0,0.25,2,1489788905,M1+pausa,689752ec2d69,1.0,0.6995,0.9516,0.611,0.0484,0.1135,0.0487,,0.2986,599,0,509
W-absence,600,0.3,1.0,0.25,3,1104637608,M0,689752ec2d69,1.0,0.6995,0.9533,0.5826,0.0467,0.1002,0.0629,,0.3004,599,0,486
W-absence,600,0.3,1.0,0.25,3,1104637608,M1,689752ec2d69,1.0,0.6995,0.9533,0.5826,0.0467,0.1002,0.0474,,0.3004,599,0,486
W-absence,600,0.3,1.0,0.25,3,1104637608,M2,689752ec2d69,1.0,0.6995,1.0,0.6144,0.0,0.0751,0.0096,,0.3004,599,0,486
W-absence,600,0.3,1.0,0.25,3,1104637608,M1+pausa,689752ec2d69,1.0,0.6995,0.9533,0.5826,0.0467,0.1002,0.0474,,0.3004,599,0,486
W-absence,600,0.3,1.0,0.25,4,244775023,M0,689752ec2d69,1.0,0.6995,0.9633,0.6093,0.0367,0.1018,0.0714,,0.2985,599,0,546
W-absence,600,0.3,1.0,0.25,4,244775023,M1,689752ec2d69,1.0,0.6995,0.9633,0.6093,0.0367,0.1018,0.0394,,0.2985,599,0,546
W-absence,600,0.3,1.0,0.25,4,244775023,M2,689752ec2d69,1.0,0.6995,1.0,0.6277,0.0,0.0768,0.0096,,0.2985,599,0,546
W-absence,600,0.3,1.0,0.25,4,244775023,M1+pausa,689752ec2d69,1.0,0.6995,0.9633,0.6093,0.0367,0.1018,0.0394,,0.2985,599,0,546
W-absence,600,0.3,1.0,0.25,5,395168046,M0,689752ec2d69,1.0,0.6995,0.9482,0.571,0.0518,0.1235,0.073,,0.2929,599,0,495
W-absence,600,0.3,1.0,0.25,5,395168046,M1,689752ec2d69,1.0,0.6995,0.9482,0.571,0.0518,0.1235,0.0514,,0.2929,599,0,495
W-absence,600,0.3,1.0,0.25,5,395168046,M2,689752ec2d69,1.0,0.6995,1.0,0.6027,0.0,0.0868,0.0095,,0.2929,599,0,495
W-absence,600,0.3,1.0,0.25,5,395168046,M1+pausa,689752ec2d69,1.0,0.6995,0.9482,0.571,0.0518,0.1235,0.0514,,0.2929,599,0,495
W-absence,600,0.3,1.0,0.25,6,1017158381,M0,689752ec2d69,1.0,0.6995,0.9466,0.5676,0.0534,0.1269,0.0731,,0.2963,599,0,486
W-absence,600,0.3,1.0,0.25,6,1017158381,M1,689752ec2d69,1.0,0.6995,0.9466,0.5676,0.0534,0.1269,0.0527,,0.2963,599,0,486
W-absence,600,0.3,1.0,0.25,6,1017158381,M2,689752ec2d69,1.0,0.6995,1.0,0.606,0.0,0.0968,0.0095,,0.2963,599,0,486
W-absence,600,0.3,1.0,0.25,6,1017158381,M1+pausa,689752ec2d69,1.0,0.6995,0.9466,0.5676,0.0534,0.1269,0.0527,,0.2963,599,0,486
W-absence,600,0.3,1.0,0.25,7,633056172,M0,689752ec2d69,1.0,0.6995,0.9566,0.571,0.0434,0.1035,0.0801,,0.2895,599,0,487
W-absence,600,0.3,1.0,0.25,7,633056172,M1,689752ec2d69,1.0,0.6995,0.9566,0.571,0.0434,0.1035,0.0447,,0.2895,599,0,487
W-absence,600,0.3,1.0,0.25,7,633056172,M2,689752ec2d69,1.0,0.6995,1.0,0.5876,0.0,0.0751,0.0096,,0.2895,599,0,487
W-absence,600,0.3,1.0,0.25,7,633056172,M1+pausa,689752ec2d69,1.0,0.6995,0.9566,0.571,0.0434,0.1035,0.0447,,0.2895,599,0,487
W-absence,600,0.3,1.0,0.25,8,572766051,M0,689752ec2d69,1.0,0.6995,0.9482,0.601,0.0518,0.1119,0.1122,,0.2983,599,0,476
W-absence,600,0.3,1.0,0.25,8,572766051,M1,689752ec2d69,1.0,0.6995,0.9482,0.601,0.0518,0.1119,0.0514,,0.2983,599,0,476
W-absence,600,0.3,1.0,0.25,8,572766051,M2,689752ec2d69,1.0,0.6995,1.0,0.6277,0.0,0.0835,0.0095,,0.2983,599,0,476
W-absence,600,0.3,1.0,0.25,8,572766051,M1+pausa,689752ec2d69,1.0,0.6995,0.9482,0.601,0.0518,0.1119,0.0514,,0.2983,599,0,476
W-absence,600,0.3,1.0,0.25,9,993560098,M0,689752ec2d69,1.0,0.6995,0.9449,0.5977,0.0551,0.1219,0.0778,,0.3143,599,0,490
W-absence,600,0.3,1.0,0.25,9,993560098,M1,689752ec2d69,1.0,0.6995,0.9449,0.5977,0.0551,0.1219,0.0541,,0.3143,599,0,490
W-absence,600,0.3,1.0,0.25,9,993560098,M2,689752ec2d69,1.0,0.6995,1.0,0.6277,0.0,0.0902,0.0095,,0.3143,599,0,490
W-absence,600,0.3,1.0,0.25,9,993560098,M1+pausa,689752ec2d69,1.0,0.6995,0.9449,0.5977,0.0551,0.1219,0.0541,,0.3143,599,0,490
W-absence,600,0.3,1.0,0.25,10,1350104611,M0,689752ec2d69,1.0,0.6995,0.9599,0.5776,0.0401,0.0985,0.0685,,0.2979,599,0,470
W-absence,600,0.3,1.0,0.25,10,1350104611,M1,689752ec2d69,1.0,0.6995,0.9599,0.5776,0.0401,0.0985,0.0421,,0.2979,599,0,470
W-absence,600,0.3,1.0,0.25,10,1350104611,M2,689752ec2d69,1.0,0.6995,1.0,0.5993,0.0,0.0668,0.0096,,0.2979,599,0,470
W-absence,600,0.3,1.0,0.25,10,1350104611,M1+pausa,689752ec2d69,1.0,0.6995,0.9599,0.5776,0.0401,0.0985,0.0421,,0.2979,599,0,470
W-absence,600,0.3,1.0,0.25,11,1231275874,M0,689752ec2d69,1.0,0.6995,0.9699,0.6043,0.0301,0.1169,0.0677,,0.2893,599,0,484
W-absence,600,0.3,1.0,0.25,11,1231275874,M1,689752ec2d69,1.0,0.6995,0.9699,0.6043,0.0301,0.1169,0.034,,0.2893,599,0,484
W-absence,600,0.3,1.0,0.25,11,1231275874,M2,689752ec2d69,1.0,0.6995,1.0,0.6294,0.0,0.0985,0.0097,,0.2893,599,0,484
W-absence,600,0.3,1.0,0.25,11,1231275874,M1+pausa,689752ec2d69,1.0,0.6995,0.9699,0.6043,0.0301,0.1169,0.034,,0.2893,599,0,484
W-absence,600,0.3,1.0,0.25,12,1649317025,M0,689752ec2d69,1.0,0.6995,0.9566,0.5726,0.0434,0.0935,0.0685,,0.3015,599,0,481
W-absence,600,0.3,1.0,0.25,12,1649317025,M1,689752ec2d69,1.0,0.6995,0.9566,0.5726,0.0434,0.0935,0.0447,,0.3015,599,0,481
W-absence,600,0.3,1.0,0.25,12,1649317025,M2,689752ec2d69,1.0,0.6995,1.0,0.5977,0.0,0.0684,0.0096,,0.3015,599,0,481
W-absence,600,0.3,1.0,0.25,12,1649317025,M1+pausa,689752ec2d69,1.0,0.6995,0.9566,0.5726,0.0434,0.0935,0.0447,,0.3015,599,0,481
W-absence,600,0.3,1.0,0.25,13,2069210592,M0,689752ec2d69,1.0,0.6995,0.9466,0.611,0.0534,0.1052,0.0597,,0.3056,599,0,468
W-absence,600,0.3,1.0,0.25,13,2069210592,M1,689752ec2d69,1.0,0.6995,0.9466,0.611,0.0534,0.1052,0.0527,,0.3056,599,0,468
W-absence,600,0.3,1.0,0.25,13,2069210592,M2,689752ec2d69,1.0,0.6995,1.0,0.6377,0.0,0.0751,0.0095,,0.3056,599,0,468
W-absence,600,0.3,1.0,0.25,13,2069210592,M1+pausa,689752ec2d69,1.0,0.6995,0.9466,0.611,0.0534,0.1052,0.0527,,0.3056,599,0,468
W-absence,600,0.3,1.0,0.25,14,873739047,M0,689752ec2d69,1.0,0.6995,0.9599,0.596,0.0401,0.1052,0.0704,,0.2932,599,0,498
W-absence,600,0.3,1.0,0.25,14,873739047,M1,689752ec2d69,1.0,0.6995,0.9599,0.596,0.0401,0.1052,0.0421,,0.2932,599,0,498
W-absence,600,0.3,1.0,0.25,14,873739047,M2,689752ec2d69,1.0,0.6995,1.0,0.6177,0.0,0.0868,0.0096,,0.2932,599,0,498
W-absence,600,0.3,1.0,0.25,14,873739047,M1+pausa,689752ec2d69,1.0,0.6995,0.9599,0.596,0.0401,0.1052,0.0421,,0.2932,599,0,498
W-absence,600,0.3,1.0,0.25,15,755958374,M0,689752ec2d69,1.0,0.6995,0.9516,0.6127,0.0484,0.1135,0.0614,,0.2918,599,0,490
W-absence,600,0.3,1.0,0.25,15,755958374,M1,689752ec2d69,1.0,0.6995,0.9516,0.6127,0.0484,0.1135,0.0487,,0.2918,599,0,490
W-absence,600,0.3,1.0,0.25,15,755958374,M2,689752ec2d69,1.0,0.6995,1.0,0.6361,0.0,0.0902,0.0095,,0.2918,599,0,490
W-absence,600,0.3,1.0,0.25,15,755958374,M1+pausa,689752ec2d69,1.0,0.6995,0.9516,0.6127,0.0484,0.1135,0.0487,,0.2918,599,0,490
W-absence,600,0.3,1.0,0.25,16,102912421,M0,689752ec2d69,1.0,0.6995,0.9499,0.5676,0.0501,0.1035,0.0741,,0.2988,599,0,492
W-absence,600,0.3,1.0,0.25,16,102912421,M1,689752ec2d69,1.0,0.6995,0.9499,0.5676,0.0501,0.1035,0.0501,,0.2988,599,0,492
W-absence,600,0.3,1.0,0.25,16,102912421,M2,689752ec2d69,1.0,0.6995,1.0,0.5826,0.0,0.0785,0.0095,,0.2988,599,0,492
W-absence,600,0.3,1.0,0.25,16,102912421,M1+pausa,689752ec2d69,1.0,0.6995,0.9499,0.5676,0.0501,0.1035,0.0501,,0.2988,599,0,492
W-absence,600,0.3,1.0,0.25,17,523854052,M0,689752ec2d69,1.0,0.6995,0.9432,0.571,0.0568,0.1152,0.0866,,0.2985,599,0,479
W-absence,600,0.3,1.0,0.25,17,523854052,M1,689752ec2d69,1.0,0.6995,0.9432,0.571,0.0568,0.1152,0.0554,,0.2985,599,0,479
W-absence,600,0.3,1.0,0.25,17,523854052,M2,689752ec2d69,1.0,0.6995,1.0,0.6093,0.0,0.0768,0.0095,,0.2985,599,0,479
W-absence,600,0.3,1.0,0.25,17,523854052,M1+pausa,689752ec2d69,1.0,0.6995,0.9432,0.571,0.0568,0.1152,0.0554,,0.2985,599,0,479
W-absence,600,0.3,1.0,0.25,18,413236267,M0,689752ec2d69,1.0,0.6995,0.9449,0.576,0.0551,0.1202,0.0615,,0.2912,599,0,498
W-absence,600,0.3,1.0,0.25,18,413236267,M1,689752ec2d69,1.0,0.6995,0.9449,0.576,0.0551,0.1202,0.0541,,0.2912,599,0,498
W-absence,600,0.3,1.0,0.25,18,413236267,M2,689752ec2d69,1.0,0.6995,1.0,0.5993,0.0,0.0835,0.0095,,0.2912,599,0,498
W-absence,600,0.3,1.0,0.25,18,413236267,M1+pausa,689752ec2d69,1.0,0.6995,0.9449,0.576,0.0551,0.1202,0.0541,,0.2912,599,0,498
W-absence,600,0.3,1.0,0.25,19,28986730,M0,689752ec2d69,1.0,0.6995,0.9599,0.586,0.0401,0.1068,0.0527,,0.2972,599,0,498
W-absence,600,0.3,1.0,0.25,19,28986730,M1,689752ec2d69,1.0,0.6995,0.9599,0.586,0.0401,0.1068,0.0421,,0.2972,599,0,498
W-absence,600,0.3,1.0,0.25,19,28986730,M2,689752ec2d69,1.0,0.6995,1.0,0.6127,0.0,0.0818,0.0096,,0.2972,599,0,498
W-absence,600,0.3,1.0,0.25,19,28986730,M1+pausa,689752ec2d69,1.0,0.6995,0.9599,0.586,0.0401,0.1068,0.0421,,0.2972,599,0,498
W-absence,600,0.3,0.7,0.05,0,1402949734,M0,689752ec2d69,1.0,0.6995,0.9397,0.6986,0.0603,0.0745,0.1732,,0.2982,282,0,228
W-absence,600,0.3,0.7,0.05,0,1402949734,M1,689752ec2d69,1.0,0.6995,0.9397,0.6986,0.0603,0.0745,0.0582,,0.2982,282,0,228
W-absence,600,0.3,0.7,0.05,0,1402949734,M2,689752ec2d69,1.0,0.6995,1.0,0.7518,0.0,0.0674,0.0094,,0.2982,282,0,228
W-absence,600,0.3,0.7,0.05,0,1402949734,M1+pausa,689752ec2d69,1.0,0.6995,0.9397,0.6986,0.0603,0.0745,0.0582,,0.2982,282,0,228
W-absence,600,0.3,0.7,0.05,1,1250189607,M0,689752ec2d69,1.0,0.6995,0.9206,0.6895,0.0794,0.065,0.1515,,0.2882,277,0,229
W-absence,600,0.3,0.7,0.05,1,1250189607,M1,689752ec2d69,1.0,0.6995,0.9206,0.6895,0.0794,0.065,0.0735,,0.2882,277,0,229
W-absence,600,0.3,0.7,0.05,1,1250189607,M2,689752ec2d69,1.0,0.6995,1.0,0.7653,0.0,0.0542,0.0092,,0.2882,277,0,229
W-absence,600,0.3,0.7,0.05,1,1250189607,M1+pausa,689752ec2d69,1.0,0.6995,0.9206,0.6895,0.0794,0.065,0.0735,,0.2882,277,0,229
W-absence,600,0.3,0.7,0.05,2,1638478564,M0,689752ec2d69,1.0,0.6995,0.9308,0.7266,0.0692,0.0484,0.0695,,0.2925,289,0,253
W-absence,600,0.3,0.7,0.05,2,1638478564,M1,689752ec2d69,1.0,0.6995,0.9308,0.7266,0.0692,0.0484,0.0654,,0.2925,289,0,253
W-absence,600,0.3,0.7,0.05,2,1638478564,M2,689752ec2d69,1.0,0.6995,1.0,0.7924,0.0,0.0381,0.0093,,0.2925,289,0,253
W-absence,600,0.3,0.7,0.05,2,1638478564,M1+pausa,689752ec2d69,1.0,0.6995,0.9308,0.7266,0.0692,0.0484,0.0654,,0.2925,289,0,253
W-absence,600,0.3,0.7,0.05,3,2024932261,M0,689752ec2d69,1.0,0.6995,0.9345,0.6552,0.0655,0.0655,0.1026,,0.3452,290,0,252
W-absence,600,0.3,0.7,0.05,3,2024932261,M1,689752ec2d69,1.0,0.6995,0.9345,0.6552,0.0655,0.0655,0.0624,,0.3452,290,0,252
W-absence,600,0.3,0.7,0.05,3,2024932261,M2,689752ec2d69,1.0,0.6995,1.0,0.7172,0.0,0.0552,0.0094,,0.3452,290,0,252
W-absence,600,0.3,0.7,0.05,3,2024932261,M1+pausa,689752ec2d69,1.0,0.6995,0.9345,0.6552,0.0655,0.0655,0.0624,,0.3452,290,0,252
W-absence,600,0.3,0.7,0.05,4,938710370,M0,689752ec2d69,1.0,0.6995,0.9197,0.6756,0.0803,0.0435,0.0899,,0.3008,299,0,256
W-absence,600,0.3,0.7,0.05,4,938710370,M1,689752ec2d69,1.0,0.6995,0.9197,0.6756,0.0803,0.0435,0.0742,,0.3008,299,0,256
W-absence,600,0.3,0.7,0.05,4,938710370,M2,689752ec2d69,1.0,0.6995,1.0,0.7492,0.0,0.0268,0.0092,,0.3008,299,0,256
W-absence,600,0.3,0.7,0.05,4,938710370,M1+pausa,689752ec2d69,1.0,0.6995,0.9197,0.6756,0.0803,0.0435,0.0742,,0.3008,299,0,256
W-absence,600,0.3,0.7,0.05,5,786998307,M0,689752ec2d69,1.0,0.6995,0.9276,0.7171,0.0724,0.0461,0.1016,,0.3192,304,0,260
W-absence,600,0.3,0.7,0.05,5,786998307,M1,689752ec2d69,1.0,0.6995,0.9276,0.7171,0.0724,0.0461,0.0679,,0.3192,304,0,260
W-absence,600,0.3,0.7,0.05,5,786998307,M2,689752ec2d69,1.0,0.6995,1.0,0.7829,0.0,0.0296,0.0093,,0.3192,304,0,260
W-absence,600,0.3,0.7,0.05,5,786998307,M1+pausa,689752ec2d69,1.0,0.6995,0.9276,0.7171,0.0724,0.0461,0.0679,,0.3192,304,0,260
W-absence,600,0.3,0.7,0.05,6,96860128,M0,689752ec2d69,1.0,0.6995,0.9458,0.6859,0.0542,0.083,0.1211,,0.3122,277,0,221
W-absence,600,0.3,0.7,0.05,6,96860128,M1,689752ec2d69,1.0,0.6995,0.9458,0.6859,0.0542,0.083,0.0533,,0.3122,277,0,221
W-absence,600,0.3,0.7,0.05,6,96860128,M2,689752ec2d69,1.0,0.6995,1.0,0.7256,0.0,0.0722,0.0095,,0.3122,277,0,221
W-absence,600,0.3,0.7,0.05,6,96860128,M1+pausa,689752ec2d69,1.0,0.6995,0.9458,0.6859,0.0542,0.083,0.0533,,0.3122,277,0,221
W-absence,600,0.3,0.7,0.05,7,484361889,M0,689752ec2d69,1.0,0.6995,0.9577,0.6938,0.0423,0.0782,0.1984,,0.2984,307,0,248
W-absence,600,0.3,0.7,0.05,7,484361889,M1,689752ec2d69,1.0,0.6995,0.9577,0.6938,0.0423,0.0782,0.0439,,0.2984,307,0,248
W-absence,600,0.3,0.7,0.05,7,484361889,M2,689752ec2d69,1.0,0.6995,1.0,0.7362,0.0,0.0684,0.0096,,0.2984,307,0,248
W-absence,600,0.3,0.7,0.05,7,484361889,M1+pausa,689752ec2d69,1.0,0.6995,0.9577,0.6938,0.0423,0.0782,0.0439,,0.2984,307,0,248
W-absence,600,0.3,0.7,0.05,8,457628270,M0,689752ec2d69,1.0,0.6995,0.9335,0.6772,0.0665,0.0443,0.1028,,0.3004,316,0,253
W-absence,600,0.3,0.7,0.05,8,457628270,M1,689752ec2d69,1.0,0.6995,0.9335,0.6772,0.0665,0.0443,0.0632,,0.3004,316,0,253
W-absence,600,0.3,0.7,0.05,8,457628270,M2,689752ec2d69,1.0,0.6995,1.0,0.7373,0.0,0.0411,0.0094,,0.3004,316,0,253
W-absence,600,0.3,0.7,0.05,8,457628270,M1+pausa,689752ec2d69,1.0,0.6995,0.9335,0.6772,0.0665,0.0443,0.0632,,0.3004,316,0,253
W-absence,600,0.3,0.7,0.05,9,39709487,M0,689752ec2d69,1.0,0.6995,0.9028,0.6928,0.0972,0.069,0.1013,,0.2797,319,0,261
W-absence,600,0.3,0.7,0.05,9,39709487,M1,689752ec2d69,1.0,0.6995,0.9028,0.6928,0.0972,0.069,0.0877,,0.2797,319,0,261
W-absence,600,0.3,0.7,0.05,9,39709487,M2,689752ec2d69,1.0,0.6995,1.0,0.7806,0.0,0.0408,0.0091,,0.2797,319,0,261
W-absence,600,0.3,0.7,0.05,9,39709487,M1+pausa,689752ec2d69,1.0,0.6995,0.9028,0.6928,0.0972,0.069,0.0877,,0.2797,319,0,261
W-absence,600,0.3,0.7,0.05,10,779153395,M0,689752ec2d69,1.0,0.6995,0.9236,0.7257,0.0764,0.0938,0.0827,,0.2723,288,0,224
W-absence,600,0.3,0.7,0.05,10,779153395,M1,689752ec2d69,1.0,0.6995,0.9236,0.7257,0.0764,0.0938,0.0711,,0.2723,288,0,224
W-absence,600,0.3,0.7,0.05,10,779153395,M2,689752ec2d69,1.0,0.6995,1.0,0.8021,0.0,0.0556,0.0093,,0.2723,288,0,224
W-absence,600,0.3,0.7,0.05,10,779153395,M1+pausa,689752ec2d69,1.0,0.6995,0.9236,0.7257,0.0764,0.0938,0.0711,,0.2723,288,0,224
W-absence,600,0.3,0.7,0.05,11,929816242,M0,689752ec2d69,1.0,0.6995,0.934,0.7261,0.066,0.0759,0.1262,,0.2724,303,0,268
W-absence,600,0.3,0.7,0.05,11,929816242,M1,689752ec2d69,1.0,0.6995,0.934,0.7261,0.066,0.0759,0.0628,,0.2724,303,0,268
W-absence,600,0.3,0.7,0.05,11,929816242,M2,689752ec2d69,1.0,0.6995,1.0,0.7921,0.0,0.0462,0.0094,,0.2724,303,0,268
W-absence,600,0.3,0.7,0.05,11,929816242,M1+pausa,689752ec2d69,1.0,0.6995,0.934,0.7261,0.066,0.0759,0.0628,,0.2724,303,0,268
W-absence,600,0.3,0.7,0.05,12,474385777,M0,689752ec2d69,1.0,0.6995,0.9495,0.7239,0.0505,0.0505,0.1373,,0.3029,297,0,241
W-absence,600,0.3,0.7,0.05,12,474385777,M1,689752ec2d69,1.0,0.6995,0.9495,0.7239,0.0505,0.0505,0.0504,,0.3029,297,0,241
W-absence,600,0.3,0.7,0.05,12,474385777,M2,689752ec2d69,1.0,0.6995,1.0,0.7643,0.0,0.0471,0.0095,,0.3029,297,0,241
W-absence,600,0.3,0.7,0.05,12,474385777,M1+pausa,689752ec2d69,1.0,0.6995,0.9495,0.7239,0.0505,0.0505,0.0504,,0.3029,297,0,241
W-absence,600,0.3,0.7,0.05,13,90029104,M0,689752ec2d69,1.0,0.6995,0.9239,0.7029,0.0761,0.0326,0.0955,,0.2885,276,0,253
W-absence,600,0.3,0.7,0.05,13,90029104,M1,689752ec2d69,1.0,0.6995,0.9239,0.7029,0.0761,0.0326,0.0709,,0.2885,276,0,253
W-absence,600,0.3,0.7,0.05,13,90029104,M2,689752ec2d69,1.0,0.6995,1.0,0.7717,0.0,0.0254,0.0093,,0.2885,276,0,253
W-absence,600,0.3,0.7,0.05,13,90029104,M1+pausa,689752ec2d69,1.0,0.6995,0.9239,0.7029,0.0761,0.0326,0.0709,,0.2885,276,0,253
W-absence,600,0.3,0.7,0.05,14,1243359991,M0,689752ec2d69,1.0,0.6995,0.9377,0.7016,0.0623,0.059,0.0927,,0.2857,305,0,238
W-absence,600,0.3,0.7,0.05,14,1243359991,M1,689752ec2d69,1.0,0.6995,0.9377,0.7016,0.0623,0.059,0.0598,,0.2857,305,0,238
W-absence,600,0.3,0.7,0.05,14,1243359991,M2,689752ec2d69,1.0,0.6995,1.0,0.7574,0.0,0.0426,0.0094,,0.2857,305,0,238
W-absence,600,0.3,0.7,0.05,14,1243359991,M1+pausa,689752ec2d69,1.0,0.6995,0.9377,0.7016,0.0623,0.059,0.0598,,0.2857,305,0,238
W-absence,600,0.3,0.7,0.05,15,1392974774,M0,689752ec2d69,1.0,0.6995,0.9521,0.7089,0.0479,0.089,0.1118,,0.3117,292,0,231
W-absence,600,0.3,0.7,0.05,15,1392974774,M1,689752ec2d69,1.0,0.6995,0.9521,0.7089,0.0479,0.089,0.0484,,0.3117,292,0,231
W-absence,600,0.3,0.7,0.05,15,1392974774,M2,689752ec2d69,1.0,0.6995,1.0,0.7568,0.0,0.0753,0.0095,,0.3117,292,0,231
W-absence,600,0.3,0.7,0.05,15,1392974774,M1+pausa,689752ec2d69,1.0,0.6995,0.9521,0.7089,0.0479,0.089,0.0484,,0.3117,292,0,231
W-absence,600,0.3,0.7,0.05,16,2016036981,M0,689752ec2d69,1.0,0.6995,0.9065,0.6619,0.0935,0.0755,0.1138,,0.321,278,0,243
W-absence,600,0.3,0.7,0.05,16,2016036981,M1,689752ec2d69,1.0,0.6995,0.9065,0.6619,0.0935,0.0755,0.0848,,0.321,278,0,243
W-absence,600,0.3,0.7,0.05,16,2016036981,M2,689752ec2d69,1.0,0.6995,1.0,0.7554,0.0,0.0612,0.0091,,0.321,278,0,243
W-absence,600,0.3,0.7,0.05,16,2016036981,M1+pausa,689752ec2d69,1.0,0.6995,0.9065,0.6619,0.0935,0.0755,0.0848,,0.321,278,0,243
W-absence,600,0.3,0.7,0.05,17,1630632244,M0,689752ec2d69,1.0,0.6995,0.9365,0.7023,0.0635,0.0435,0.1063,,0.2898,299,0,245
W-absence,600,0.3,0.7,0.05,17,1630632244,M1,689752ec2d69,1.0,0.6995,0.9365,0.7023,0.0635,0.0435,0.0608,,0.2898,299,0,245
W-absence,600,0.3,0.7,0.05,17,1630632244,M2,689752ec2d69,1.0,0.6995,1.0,0.7592,0.0,0.0334,0.0094,,0.2898,299,0,245
W-absence,600,0.3,0.7,0.05,17,1630632244,M1+pausa,689752ec2d69,1.0,0.6995,0.9365,0.7023,0.0635,0.0435,0.0608,,0.2898,299,0,245
W-absence,600,0.3,0.7,0.05,18,1722377723,M0,689752ec2d69,1.0,0.6995,0.9382,0.7236,0.0618,0.0436,0.0558,,0.2699,275,0,226
W-absence,600,0.3,0.7,0.05,18,1722377723,M1,689752ec2d69,1.0,0.6995,0.9382,0.7236,0.0618,0.0436,0.0595,,0.2699,275,0,226
W-absence,600,0.3,0.7,0.05,18,1722377723,M2,689752ec2d69,1.0,0.6995,1.0,0.7782,0.0,0.0364,0.0094,,0.2699,275,0,226
W-absence,600,0.3,0.7,0.05,18,1722377723,M1+pausa,689752ec2d69,1.0,0.6995,0.9382,0.7236,0.0618,0.0436,0.0595,,0.2699,275,0,226
W-absence,600,0.3,0.7,0.05,19,2142393530,M0,689752ec2d69,1.0,0.6995,0.9233,0.7029,0.0767,0.0958,0.0871,,0.2944,313,0,248
W-absence,600,0.3,0.7,0.05,19,2142393530,M1,689752ec2d69,1.0,0.6995,0.9233,0.7029,0.0767,0.0958,0.0713,,0.2944,313,0,248
W-absence,600,0.3,0.7,0.05,19,2142393530,M2,689752ec2d69,1.0,0.6995,1.0,0.7732,0.0,0.0511,0.0093,,0.2944,313,0,248
W-absence,600,0.3,0.7,0.05,19,2142393530,M1+pausa,689752ec2d69,1.0,0.6995,0.9233,0.7029,0.0767,0.0958,0.0713,,0.2944,313,0,248
W-absence,600,0.3,0.7,0.25,0,509079917,M0,689752ec2d69,1.0,0.6995,0.957,0.5795,0.043,0.0894,0.0506,,0.3164,302,0,256
W-absence,600,0.3,0.7,0.25,0,509079917,M1,689752ec2d69,1.0,0.6995,0.957,0.5795,0.043,0.0894,0.0444,,0.3164,302,0,256
W-absence,600,0.3,0.7,0.25,0,509079917,M2,689752ec2d69,1.0,0.6995,1.0,0.6126,0.0,0.0596,0.0096,,0.3164,302,0,256
W-absence,600,0.3,0.7,0.25,0,509079917,M1+pausa,689752ec2d69,1.0,0.6995,0.957,0.5795,0.043,0.0894,0.0444,,0.3164,302,0,256
W-absence,600,0.3,0.7,0.25,1,122470444,M0,689752ec2d69,1.0,0.6995,0.946,0.5651,0.054,0.1238,0.1151,,0.3283,315,0,265
W-absence,600,0.3,0.7,0.25,1,122470444,M1,689752ec2d69,1.0,0.6995,0.946,0.5651,0.054,0.1238,0.0532,,0.3283,315,0,265
W-absence,600,0.3,0.7,0.25,1,122470444,M2,689752ec2d69,1.0,0.6995,1.0,0.5937,0.0,0.0889,0.0095,,0.3283,315,0,265
W-absence,600,0.3,0.7,0.25,1,122470444,M1+pausa,689752ec2d69,1.0,0.6995,0.946,0.5651,0.054,0.1238,0.0532,,0.3283,315,0,265
W-absence,600,0.3,0.7,0.25,2,744592367,M0,689752ec2d69,1.0,0.6995,0.9441,0.6151,0.0559,0.1316,0.0758,,0.3102,304,0,245
W-absence,600,0.3,0.7,0.25,2,744592367,M1,689752ec2d69,1.0,0.6995,0.9441,0.6151,0.0559,0.1316,0.0547,,0.3102,304,0,245
W-absence,600,0.3,0.7,0.25,2,744592367,M2,689752ec2d69,1.0,0.6995,1.0,0.6349,0.0,0.0921,0.0095,,0.3102,304,0,245
W-absence,600,0.3,0.7,0.25,2,744592367,M1+pausa,689752ec2d69,1.0,0.6995,0.9441,0.6151,0.0559,0.1316,0.0547,,0.3102,304,0,245
W-absence,600,0.3,0.7,0.25,3,897229486,M0,689752ec2d69,1.0,0.6995,0.9645,0.6099,0.0355,0.117,0.0696,,0.298,282,0,255
W-absence,600,0.3,0.7,0.25,3,897229486,M1,689752ec2d69,1.0,0.6995,0.9645,0.6099,0.0355,0.117,0.0384,,0.298,282,0,255
W-absence,600,0.3,0.7,0.25,3,897229486,M2,689752ec2d69,1.0,0.6995,1.0,0.6312,0.0,0.0922,0.0097,,0.298,282,0,255
W-absence,600,0.3,0.7,0.25,3,897229486,M1+pausa,689752ec2d69,1.0,0.6995,0.9645,0.6099,0.0355,0.117,0.0384,,0.298,282,0,255
W-absence,600,0.3,0.7,0.25,4,2050700393,M0,689752ec2d69,1.0,0.6995,0.9673,0.6,0.0327,0.1018,0.0759,,0.3009,275,0,216
W-absence,600,0.3,0.7,0.25,4,2050700393,M1,689752ec2d69,1.0,0.6995,0.9673,0.6,0.0327,0.1018,0.0362,,0.3009,275,0,216
W-absence,600,0.3,0.7,0.25,4,2050700393,M2,689752ec2d69,1.0,0.6995,1.0,0.6218,0.0,0.08,0.0097,,0.3009,275,0,216
W-absence,600,0.3,0.7,0.25,4,2050700393,M1+pausa,689752ec2d69,1.0,0.6995,0.9673,0.6,0.0327,0.1018,0.0362,,0.3009,275,0,216
W-absence,600,0.3,0.7,0.25,5,1663042856,M0,689752ec2d69,1.0,0.6995,0.9507,0.5888,0.0493,0.1086,0.0617,,0.2868,304,0,258
W-absence,600,0.3,0.7,0.25,5,1663042856,M1,689752ec2d69,1.0,0.6995,0.9507,0.5888,0.0493,0.1086,0.0495,,0.2868,304,0,258
W-absence,600,0.3,0.7,0.25,5,1663042856,M2,689752ec2d69,1.0,0.6995,1.0,0.6184,0.0,0.0855,0.0095,,0.2868,304,0,258
W-absence,600,0.3,0.7,0.25,5,1663042856,M1+pausa,689752ec2d69,1.0,0.6995,0.9507,0.5888,0.0493,0.1086,0.0495,,0.2868,304,0,258
W-absence,600,0.3,0.7,0.25,6,1208833771,M0,689752ec2d69,1.0,0.6995,0.9623,0.5959,0.0377,0.137,0.1076,,0.3031,292,0,254
W-absence,600,0.3,0.7,0.25,6,1208833771,M1,689752ec2d69,1.0,0.6995,0.9623,0.5959,0.0377,0.137,0.0401,,0.3031,292,0,254
W-absence,600,0.3,0.7,0.25,6,1208833771,M2,689752ec2d69,1.0,0.6995,1.0,0.613,0.0,0.1062,0.0096,,0.3031,292,0,254
W-absence,600,0.3,0.7,0.25,6,1208833771,M1+pausa,689752ec2d69,1.0,0.6995,0.9623,0.5959,0.0377,0.137,0.0401,,0.3031,292,0,254
W-absence,600,0.3,0.7,0.25,7,1360422826,M0,689752ec2d69,1.0,0.6995,0.959,0.5768,0.041,0.1058,0.0981,,0.3346,293,0,254
W-absence,600,0.3,0.7,0.25,7,1360422826,M1,689752ec2d69,1.0,0.6995,0.959,0.5768,0.041,0.1058,0.0428,,0.3346,293,0,254
W-absence,600,0.3,0.7,0.25,7,1360422826,M2,689752ec2d69,1.0,0.6995,1.0,0.6075,0.0,0.0887,0.0096,,0.3346,293,0,254
W-absence,600,0.3,0.7,0.25,7,1360422826,M1+pausa,689752ec2d69,1.0,0.6995,0.959,0.5768,0.041,0.1058,0.0428,,0.3346,293,0,254
W-absence,600,0.3,0.7,0.25,8,1452178277,M0,689752ec2d69,1.0,0.6995,0.9601,0.5906,0.0399,0.087,0.0823,,0.2876,276,0,226
W-absence,600,0.3,0.7,0.25,8,1452178277,M1,689752ec2d69,1.0,0.6995,0.9601,0.5906,0.0399,0.087,0.0419,,0.2876,276,0,226
W-absence,600,0.3,0.7,0.25,8,1452178277,M2,689752ec2d69,1.0,0.6995,1.0,0.5978,0.0,0.0761,0.0096,,0.2876,276,0,226
W-absence,600,0.3,0.7,0.25,8,1452178277,M1+pausa,689752ec2d69,1.0,0.6995,0.9601,0.5906,0.0399,0.087,0.0419,,0.2876,276,0,226
W-absence,600,0.3,0.7,0.25,9,1335183908,M0,689752ec2d69,1.0,0.6995,0.9515,0.5933,0.0485,0.1045,0.1013,,0.274,268,0,219
W-absence,600,0.3,0.7,0.25,9,1335183908,M1,689752ec2d69,1.0,0.6995,0.9515,0.5933,0.0485,0.1045,0.0488,,0.274,268,0,219
W-absence,600,0.3,0.7,0.25,9,1335183908,M2,689752ec2d69,1.0,0.6995,1.0,0.6194,0.0,0.0821,0.0095,,0.274,268,0,219
W-absence,600,0.3,0.7,0.25,9,1335183908,M1+pausa,689752ec2d69,1.0,0.6995,0.9515,0.5933,0.0485,0.1045,0.0488,,0.274,268,0,219
W-absence,600,0.3,0.7,0.25,10,972029658,M0,689752ec2d69,1.0,0.6995,0.9762,0.585,0.0238,0.0918,0.1293,,0.2769,294,0,260
W-absence,600,0.3,0.7,0.25,10,972029658,M1,689752ec2d69,1.0,0.6995,0.9762,0.585,0.0238,0.0918,0.029,,0.2769,294,0,260
W-absence,600,0.3,0.7,0.25,10,972029658,M2,689752ec2d69,1.0,0.6995,1.0,0.5986,0.0,0.0748,0.0098,,0.2769,294,0,260
W-absence,600,0.3,0.7,0.25,10,972029658,M1+pausa,689752ec2d69,1.0,0.6995,0.9762,0.585,0.0238,0.0918,0.029,,0.2769,294,0,260
W-absence,600,0.3,0.7,0.25,11,552914843,M0,689752ec2d69,1.0,0.6995,0.9437,0.5951,0.0563,0.1232,0.0452,,0.3184,284,0,223
W-absence,600,0.3,0.7,0.25,11,552914843,M1,689752ec2d69,1.0,0.6995,0.9437,0.5951,0.0563,0.1232,0.0551,,0.3184,284,0,223
W-absence,600,0.3,0.7,0.25,11,552914843,M2,689752ec2d69,1.0,0.6995,1.0,0.6197,0.0,0.0845,0.0095,,0.3184,284,0,223
W-absence,600,0.3,0.7,0.25,11,552914843,M1+pausa,689752ec2d69,1.0,0.6995,0.9437,0.5951,0.0563,0.1232,0.0551,,0.3184,284,0,223
W-absence,600,0.3,0.7,0.25,12,198810712,M0,689752ec2d69,1.0,0.6995,0.9743,0.5993,0.0257,0.0993,0.0975,,0.2946,272,0,224
W-absence,600,0.3,0.7,0.25,12,198810712,M1,689752ec2d69,1.0,0.6995,0.9743,0.5993,0.0257,0.0993,0.0306,,0.2946,272,0,224
W-absence,600,0.3,0.7,0.25,12,198810712,M2,689752ec2d69,1.0,0.6995,1.0,0.6176,0.0,0.0846,0.0098,,0.2946,272,0,224
W-absence,600,0.3,0.7,0.25,12,198810712,M1+pausa,689752ec2d69,1.0,0.6995,0.9743,0.5993,0.0257,0.0993,0.0306,,0.2946,272,0,224
W-absence,600,0.3,0.7,0.25,13,314748185,M0,689752ec2d69,1.0,0.6995,0.9335,0.6171,0.0665,0.1139,0.073,,0.2941,316,0,289
W-absence,600,0.3,0.7,0.25,13,314748185,M1,689752ec2d69,1.0,0.6995,0.9335,0.6171,0.0665,0.1139,0.0632,,0.2941,316,0,289
W-absence,600,0.3,0.7,0.25,13,314748185,M2,689752ec2d69,1.0,0.6995,1.0,0.6709,0.0,0.0823,0.0094,,0.2941,316,0,289
W-absence,600,0.3,0.7,0.25,13,314748185,M1+pausa,689752ec2d69,1.0,0.6995,0.9335,0.6171,0.0665,0.1139,0.0632,,0.2941,316,0,289
W-absence,600,0.3,0.7,0.25,14,1568881630,M0,689752ec2d69,1.0,0.6995,0.9325,0.6174,0.0675,0.135,0.0691,,0.314,311,0,258
W-absence,600,0.3,0.7,0.25,14,1568881630,M1,689752ec2d69,1.0,0.6995,0.9325,0.6174,0.0675,0.135,0.064,,0.314,311,0,258
W-absence,600,0.3,0.7,0.25,14,1568881630,M2,689752ec2d69,1.0,0.6995,1.0,0.6592,0.0,0.09,0.0094,,0.314,311,0,258
W-absence,600,0.3,0.7,0.25,14,1568881630,M1+pausa,689752ec2d69,1.0,0.6995,0.9325,0.6174,0.0675,0.135,0.064,,0.314,311,0,258
W-absence,600,0.3,0.7,0.25,15,1150814879,M0,689752ec2d69,1.0,0.6995,0.9552,0.569,0.0448,0.0897,0.0748,,0.3092,290,0,249
W-absence,600,0.3,0.7,0.25,15,1150814879,M1,689752ec2d69,1.0,0.6995,0.9552,0.569,0.0448,0.0897,0.0459,,0.3092,290,0,249
W-absence,600,0.3,0.7,0.25,15,1150814879,M2,689752ec2d69,1.0,0.6995,1.0,0.5897,0.0,0.0655,0.0096,,0.3092,290,0,249
W-absence,600,0.3,0.7,0.25,15,1150814879,M1+pausa,689752ec2d69,1.0,0.6995,0.9552,0.569,0.0448,0.0897,0.0459,,0.3092,290,0,249
W-absence,600,0.3,0.7,0.25,16,1874155868,M0,689752ec2d69,1.0,0.6995,0.9562,0.5547,0.0438,0.1058,0.0731,,0.2885,274,0,253
W-absence,600,0.3,0.7,0.25,16,1874155868,M1,689752ec2d69,1.0,0.6995,0.9562,0.5547,0.0438,0.1058,0.045,,0.2885,274,0,253
W-absence,600,0.3,0.7,0.25,16,1874155868,M2,689752ec2d69,1.0,0.6995,1.0,0.5766,0.0,0.0766,0.0096,,0.2885,274,0,253
W-absence,600,0.3,0.7,0.25,16,1874155868,M1+pausa,689752ec2d69,1.0,0.6995,0.9562,0.5547,0.0438,0.1058,0.045,,0.2885,274,0,253
W-absence,600,0.3,0.7,0.25,17,1991141405,M0,689752ec2d69,1.0,0.6995,0.9388,0.5884,0.0612,0.1224,0.068,,0.3136,294,0,236
W-absence,600,0.3,0.7,0.25,17,1991141405,M1,689752ec2d69,1.0,0.6995,0.9388,0.5884,0.0612,0.1224,0.059,,0.3136,294,0,236
W-absence,600,0.3,0.7,0.25,17,1991141405,M2,689752ec2d69,1.0,0.6995,1.0,0.6259,0.0,0.085,0.0094,,0.3136,294,0,236
W-absence,600,0.3,0.7,0.25,17,1991141405,M1+pausa,689752ec2d69,1.0,0.6995,0.9388,0.5884,0.0612,0.1224,0.059,,0.3136,294,0,236
W-absence,600,0.3,0.7,0.25,18,1899394258,M0,689752ec2d69,1.0,0.6995,0.9299,0.5609,0.0701,0.1033,0.0597,,0.3081,271,0,211
W-absence,600,0.3,0.7,0.25,18,1899394258,M1,689752ec2d69,1.0,0.6995,0.9299,0.5609,0.0701,0.1033,0.0661,,0.3081,271,0,211
W-absence,600,0.3,0.7,0.25,18,1899394258,M2,689752ec2d69,1.0,0.6995,1.0,0.5904,0.0,0.0701,0.0093,,0.3081,271,0,211
W-absence,600,0.3,0.7,0.25,18,1899394258,M1+pausa,689752ec2d69,1.0,0.6995,0.9299,0.5609,0.0701,0.1033,0.0661,,0.3081,271,0,211
W-absence,600,0.3,0.7,0.25,19,1747797395,M0,689752ec2d69,1.0,0.6995,0.9582,0.5916,0.0418,0.1093,0.0645,,0.2874,311,0,261
W-absence,600,0.3,0.7,0.25,19,1747797395,M1,689752ec2d69,1.0,0.6995,0.9582,0.5916,0.0418,0.1093,0.0434,,0.2874,311,0,261
W-absence,600,0.3,0.7,0.25,19,1747797395,M2,689752ec2d69,1.0,0.6995,1.0,0.6206,0.0,0.0804,0.0096,,0.2874,311,0,261
W-absence,600,0.3,0.7,0.25,19,1747797395,M1+pausa,689752ec2d69,1.0,0.6995,0.9582,0.5916,0.0418,0.1093,0.0434,,0.2874,311,0,261
W-conflict,300,0.05,1.0,0.05,0,1806473955,M0,689752ec2d69,1.0,0.699,0.9164,0.6421,0.0836,0.2642,0.1364,,1.0,299,0,266
W-conflict,300,0.05,1.0,0.05,0,1806473955,M1,689752ec2d69,1.0,0.699,0.9164,0.6421,0.0836,0.2642,0.0769,,1.0,299,0,266
W-conflict,300,0.05,1.0,0.05,0,1806473955,M2,689752ec2d69,1.0,0.699,1.0,0.7191,0.0,0.1873,0.0092,,1.0,299,0,266
W-conflict,300,0.05,1.0,0.05,0,1806473955,M1+pausa,689752ec2d69,1.0,0.699,0.9164,0.6421,0.0836,0.2642,0.0769,,1.0,299,0,266
W-conflict,300,0.05,1.0,0.05,1,1924639650,M0,689752ec2d69,1.0,0.699,0.913,0.6689,0.087,0.2809,0.0912,,1.0,299,0,245
W-conflict,300,0.05,1.0,0.05,1,1924639650,M1,689752ec2d69,1.0,0.699,0.913,0.6689,0.087,0.2809,0.0796,,1.0,299,0,245
W-conflict,300,0.05,1.0,0.05,1,1924639650,M2,689752ec2d69,1.0,0.699,1.0,0.7559,0.0,0.1973,0.0092,,1.0,299,0,245
W-conflict,300,0.05,1.0,0.05,1,1924639650,M1+pausa,689752ec2d69,1.0,0.699,0.913,0.6689,0.087,0.2809,0.0796,,1.0,299,0,245
W-conflict,300,0.05,1.0,0.05,2,1503328353,M0,689752ec2d69,1.0,0.699,0.9231,0.6589,0.0769,0.2709,0.117,,1.0,299,0,277
W-conflict,300,0.05,1.0,0.05,2,1503328353,M1,689752ec2d69,1.0,0.699,0.9231,0.6589,0.0769,0.2709,0.0715,,1.0,299,0,277
W-conflict,300,0.05,1.0,0.05,2,1503328353,M2,689752ec2d69,1.0,0.699,1.0,0.7258,0.0,0.194,0.0093,,1.0,299,0,277
W-conflict,300,0.05,1.0,0.05,2,1503328353,M1+pausa,689752ec2d69,1.0,0.699,0.9231,0.6589,0.0769,0.2709,0.0715,,1.0,299,0,277
W-conflict,300,0.05,1.0,0.05,3,1082247456,M0,689752ec2d69,1.0,0.699,0.9298,0.6522,0.0702,0.1338,0.0685,,1.0,299,0,244
W-conflict,300,0.05,1.0,0.05,3,1082247456,M1,689752ec2d69,1.0,0.699,0.9298,0.6522,0.0702,0.1338,0.0662,,1.0,299,0,244
W-conflict,300,0.05,1.0,0.05,3,1082247456,M2,689752ec2d69,1.0,0.699,1.0,0.7191,0.0,0.0903,0.0093,,1.0,299,0,244
W-conflict,300,0.05,1.0,0.05,3,1082247456,M1+pausa,689752ec2d69,1.0,0.699,0.9298,0.6522,0.0702,0.1338,0.0662,,1.0,299,0,244
W-conflict,300,0.05,1.0,0.05,4,264265703,M0,689752ec2d69,1.0,0.699,0.9498,0.6689,0.0502,0.2375,0.0961,,1.0,299,0,224
W-conflict,300,0.05,1.0,0.05,4,264265703,M1,689752ec2d69,1.0,0.699,0.9498,0.6689,0.0502,0.2375,0.0501,,1.0,299,0,224
W-conflict,300,0.05,1.0,0.05,4,264265703,M2,689752ec2d69,1.0,0.699,1.0,0.7191,0.0,0.1906,0.0095,,1.0,299,0,224
W-conflict,300,0.05,1.0,0.05,4,264265703,M1+pausa,689752ec2d69,1.0,0.699,0.9498,0.6689,0.0502,0.2375,0.0501,,1.0,299,0,224
W-conflict,300,0.05,1.0,0.05,5,383479462,M0,689752ec2d69,1.0,0.699,0.9365,0.6388,0.0635,0.1773,0.0612,,1.0,299,0,246
W-conflict,300,0.05,1.0,0.05,5,383479462,M1,689752ec2d69,1.0,0.699,0.9365,0.6388,0.0635,0.1773,0.0608,,1.0,299,0,246
W-conflict,300,0.05,1.0,0.05,5,383479462,M2,689752ec2d69,1.0,0.699,1.0,0.699,0.0,0.1371,0.0094,,1.0,299,0,246
W-conflict,300,0.05,1.0,0.05,5,383479462,M1+pausa,689752ec2d69,1.0,0.699,0.9365,0.6388,0.0635,0.1773,0.0608,,1.0,299,0,246
W-conflict,300,0.05,1.0,0.05,6,1039547749,M0,689752ec2d69,1.0,0.699,0.9298,0.6622,0.0702,0.2609,0.0695,,1.0,299,0,234
W-conflict,300,0.05,1.0,0.05,6,1039547749,M1,689752ec2d69,1.0,0.699,0.9298,0.6622,0.0702,0.2609,0.0662,,1.0,299,0,234
W-conflict,300,0.05,1.0,0.05,6,1039547749,M2,689752ec2d69,1.0,0.699,1.0,0.7224,0.0,0.1906,0.0093,,1.0,299,0,234
W-conflict,300,0.05,1.0,0.05,6,1039547749,M1+pausa,689752ec2d69,1.0,0.699,0.9298,0.6622,0.0702,0.2609,0.0662,,1.0,299,0,234
W-conflict,300,0.05,1.0,0.05,7,619514916,M0,689752ec2d69,1.0,0.699,0.8997,0.6288,0.1003,0.2876,0.106,,1.0,299,0,264
W-conflict,300,0.05,1.0,0.05,7,619514916,M1,689752ec2d69,1.0,0.699,0.8997,0.6288,0.1003,0.2876,0.0903,,1.0,299,0,264
W-conflict,300,0.05,1.0,0.05,7,619514916,M2,689752ec2d69,1.0,0.699,1.0,0.7191,0.0,0.1873,0.009,,1.0,299,0,264
W-conflict,300,0.05,1.0,0.05,7,619514916,M1+pausa,689752ec2d69,1.0,0.699,0.8997,0.6288,0.1003,0.2876,0.0903,,1.0,299,0,264
W-conflict,300,0.05,1.0,0.05,8,594874603,M0,689752ec2d69,1.0,0.699,0.9532,0.6622,0.0468,0.2676,0.0601,,1.0,299,0,254
W-conflict,300,0.05,1.0,0.05,8,594874603,M1,689752ec2d69,1.0,0.699,0.9532,0.6622,0.0468,0.2676,0.0475,,1.0,299,0,254
W-conflict,300,0.05,1.0,0.05,8,594874603,M2,689752ec2d69,1.0,0.699,1.0,0.709,0.0,0.2207,0.0096,,1.0,299,0,254
W-conflict,300,0.05,1.0,0.05,8,594874603,M1+pausa,689752ec2d69,1.0,0.699,0.9532,0.6622,0.0468,0.2676,0.0475,,1.0,299,0,254
W-conflict,300,0.05,1.0,0.05,9,980296106,M0,689752ec2d69,1.0,0.699,0.9298,0.6689,0.0702,0.2274,0.0617,,1.0,299,0,250
W-conflict,300,0.05,1.0,0.05,9,980296106,M1,689752ec2d69,1.0,0.699,0.9298,0.6689,0.0702,0.2274,0.0662,,1.0,299,0,250
W-conflict,300,0.05,1.0,0.05,9,980296106,M2,689752ec2d69,1.0,0.699,1.0,0.7324,0.0,0.1605,0.0093,,1.0,299,0,250
W-conflict,300,0.05,1.0,0.05,9,980296106,M1+pausa,689752ec2d69,1.0,0.699,0.9298,0.6689,0.0702,0.2274,0.0662,,1.0,299,0,250
W-conflict,300,0.05,1.0,0.05,10,857385878,M0,689752ec2d69,1.0,0.699,0.9365,0.6589,0.0635,0.2274,0.1097,,1.0,299,0,247
W-conflict,300,0.05,1.0,0.05,10,857385878,M1,689752ec2d69,1.0,0.699,0.9365,0.6589,0.0635,0.2274,0.0608,,1.0,299,0,247
W-conflict,300,0.05,1.0,0.05,10,857385878,M2,689752ec2d69,1.0,0.699,1.0,0.7224,0.0,0.1773,0.0094,,1.0,299,0,247
W-conflict,300,0.05,1.0,0.05,10,857385878,M1+pausa,689752ec2d69,1.0,0.699,0.9365,0.6589,0.0635,0.2274,0.0608,,1.0,299,0,247
W-conflict,300,0.05,1.0,0.05,11,704748247,M0,689752ec2d69,1.0,0.699,0.913,0.6589,0.087,0.2642,0.1142,,1.0,299,0,260
W-conflict,300,0.05,1.0,0.05,11,704748247,M1,689752ec2d69,1.0,0.699,0.913,0.6589,0.087,0.2642,0.0796,,1.0,299,0,260
W-conflict,300,0.05,1.0,0.05,11,704748247,M2,689752ec2d69,1.0,0.699,1.0,0.7391,0.0,0.1773,0.0092,,1.0,299,0,260
W-conflict,300,0.05,1.0,0.05,11,704748247,M1+pausa,689752ec2d69,1.0,0.699,0.913,0.6589,0.087,0.2642,0.0796,,1.0,299,0,260
W-conflict,300,0.05,1.0,0.05,12,19712276,M0,689752ec2d69,1.0,0.699,0.9365,0.6555,0.0635,0.2809,0.0605,,1.0,299,0,240
W-conflict,300,0.05,1.0,0.05,12,19712276,M1,689752ec2d69,1.0,0.699,0.9365,0.6555,0.0635,0.2809,0.0608,,1.0,299,0,240
W-conflict,300,0.05,1.0,0.05,12,19712276,M2,689752ec2d69,1.0,0.699,1.0,0.699,0.0,0.2174,0.0094,,1.0,299,0,240
W-conflict,300,0.05,1.0,0.05,12,19712276,M1+pausa,689752ec2d69,1.0,0.699,0.9365,0.6555,0.0635,0.2809,0.0608,,1.0,299,0,240
W-conflict,300,0.05,1.0,0.05,13,406321237,M0,689752ec2d69,1.0,0.699,0.9097,0.6522,0.0903,0.2709,0.0788,,1.0,299,0,247
W-conflict,300,0.05,1.0,0.05,13,406321237,M1,689752ec2d69,1.0,0.699,0.9097,0.6522,0.0903,0.2709,0.0822,,1.0,299,0,247
W-conflict,300,0.05,1.0,0.05,13,406321237,M2,689752ec2d69,1.0,0.699,1.0,0.7324,0.0,0.1806,0.0091,,1.0,299,0,247
W-conflict,300,0.05,1.0,0.05,13,406321237,M1+pausa,689752ec2d69,1.0,0.699,0.9097,0.6522,0.0903,0.2709,0.0822,,1.0,299,0,247
W-conflict,300,0.05,1.0,0.05,14,1467379346,M0,689752ec2d69,1.0,0.699,0.9264,0.6455,0.0736,0.2742,0.0915,,1.0,299,0,248
W-conflict,300,0.05,1.0,0.05,14,1467379346,M1,689752ec2d69,1.0,0.699,0.9264,0.6455,0.0736,0.2742,0.0689,,1.0,299,0,248
W-conflict,300,0.05,1.0,0.05,14,1467379346,M2,689752ec2d69,1.0,0.699,1.0,0.7157,0.0,0.2007,0.0093,,1.0,299,0,248
W-conflict,300,0.05,1.0,0.05,14,1467379346,M1+pausa,689752ec2d69,1.0,0.699,0.9264,0.6455,0.0736,0.2742,0.0689,,1.0,299,0,248
W-conflict,300,0.05,1.0,0.05,15,1315790803,M0,689752ec2d69,1.0,0.699,0.9231,0.6288,0.0769,0.2308,0.0671,,1.0,299,0,254
W-conflict,300,0.05,1.0,0.05,15,1315790803,M1,689752ec2d69,1.0,0.699,0.9231,0.6288,0.0769,0.2308,0.0715,,1.0,299,0,254
W-conflict,300,0.05,1.0,0.05,15,1315790803,M2,689752ec2d69,1.0,0.699,1.0,0.6957,0.0,0.1672,0.0093,,1.0,299,0,254
W-conflict,300,0.05,1.0,0.05,15,1315790803,M1+pausa,689752ec2d69,1.0,0.699,0.9231,0.6288,0.0769,0.2308,0.0715,,1.0,299,0,254
W-conflict,300,0.05,1.0,0.05,16,1698696208,M0,689752ec2d69,1.0,0.699,0.9097,0.6421,0.0903,0.2642,0.0982,,1.0,299,0,240
W-conflict,300,0.05,1.0,0.05,16,1698696208,M1,689752ec2d69,1.0,0.699,0.9097,0.6421,0.0903,0.2642,0.0822,,1.0,299,0,240
W-conflict,300,0.05,1.0,0.05,16,1698696208,M2,689752ec2d69,1.0,0.699,1.0,0.7224,0.0,0.1739,0.0091,,1.0,299,0,240
W-conflict,300,0.05,1.0,0.05,16,1698696208,M1+pausa,689752ec2d69,1.0,0.699,0.9097,0.6421,0.0903,0.2642,0.0822,,1.0,299,0,240
W-conflict,300,0.05,1.0,0.05,17,2086354257,M0,689752ec2d69,1.0,0.699,0.9431,0.6455,0.0569,0.291,0.0712,,1.0,299,0,250
W-conflict,300,0.05,1.0,0.05,17,2086354257,M1,689752ec2d69,1.0,0.699,0.9431,0.6455,0.0569,0.291,0.0555,,1.0,299,0,250
W-conflict,300,0.05,1.0,0.05,17,2086354257,M2,689752ec2d69,1.0,0.699,1.0,0.699,0.0,0.2341,0.0095,,1.0,299,0,250
W-conflict,300,0.05,1.0,0.05,17,2086354257,M1+pausa,689752ec2d69,1.0,0.699,0.9431,0.6455,0.0569,0.291,0.0555,,1.0,299,0,250
W-conflict,300,0.05,1.0,0.05,18,2076385694,M0,689752ec2d69,1.0,0.699,0.913,0.689,0.087,0.2475,0.1133,,1.0,299,0,273
W-conflict,300,0.05,1.0,0.05,18,2076385694,M1,689752ec2d69,1.0,0.699,0.913,0.689,0.087,0.2475,0.0796,,1.0,299,0,273
W-conflict,300,0.05,1.0,0.05,18,2076385694,M2,689752ec2d69,1.0,0.699,1.0,0.7592,0.0,0.1639,0.0092,,1.0,299,0,273
W-conflict,300,0.05,1.0,0.05,18,2076385694,M1+pausa,689752ec2d69,1.0,0.699,0.913,0.689,0.087,0.2475,0.0796,,1.0,299,0,273
W-conflict,300,0.05,1.0,0.05,19,1658327263,M0,689752ec2d69,1.0,0.699,0.9197,0.6522,0.0803,0.2742,0.0851,,1.0,299,0,267
W-conflict,300,0.05,1.0,0.05,19,1658327263,M1,689752ec2d69,1.0,0.699,0.9197,0.6522,0.0803,0.2742,0.0742,,1.0,299,0,267
W-conflict,300,0.05,1.0,0.05,19,1658327263,M2,689752ec2d69,1.0,0.699,1.0,0.7191,0.0,0.1973,0.0092,,1.0,299,0,267
W-conflict,300,0.05,1.0,0.05,19,1658327263,M1+pausa,689752ec2d69,1.0,0.699,0.9197,0.6522,0.0803,0.2742,0.0742,,1.0,299,0,267
W-conflict,300,0.05,1.0,0.25,0,644103144,M0,689752ec2d69,1.0,0.699,0.9398,0.4682,0.0602,0.194,0.0703,,1.0,299,0,249
W-conflict,300,0.05,1.0,0.25,0,644103144,M1,689752ec2d69,1.0,0.699,0.9398,0.4682,0.0602,0.194,0.0582,,1.0,299,0,249
W-conflict,300,0.05,1.0,0.25,0,644103144,M2,689752ec2d69,1.0,0.699,1.0,0.505,0.0,0.1338,0.0094,,1.0,299,0,249
W-conflict,300,0.05,1.0,0.25,0,644103144,M1+pausa,689752ec2d69,1.0,0.699,0.9398,0.4682,0.0602,0.194,0.0582,,1.0,299,0,249
W-conflict,300,0.05,1.0,0.25,1,1065290409,M0,689752ec2d69,1.0,0.699,0.9465,0.4247,0.0535,0.194,0.0676,,1.0,299,0,236
W-conflict,300,0.05,1.0,0.25,1,1065290409,M1,689752ec2d69,1.0,0.699,0.9465,0.4247,0.0535,0.194,0.0528,,1.0,299,0,236
W-conflict,300,0.05,1.0,0.25,1,1065290409,M2,689752ec2d69,1.0,0.699,1.0,0.4548,0.0,0.1405,0.0095,,1.0,299,0,236
W-conflict,300,0.05,1.0,0.25,1,1065290409,M1+pausa,689752ec2d69,1.0,0.699,0.9465,0.4247,0.0535,0.194,0.0528,,1.0,299,0,236
W-conflict,300,0.05,1.0,0.25,2,340941162,M0,689752ec2d69,1.0,0.699,0.9431,0.4615,0.0569,0.1739,0.0591,,1.0,299,0,252
W-conflict,300,0.05,1.0,0.25,2,340941162,M1,689752ec2d69,1.0,0.699,0.9431,0.4615,0.0569,0.1739,0.0555,,1.0,299,0,252
W-conflict,300,0.05,1.0,0.25,2,340941162,M2,689752ec2d69,1.0,0.699,1.0,0.495,0.0,0.1204,0.0095,,1.0,299,0,252
W-conflict,300,0.05,1.0,0.25,2,340941162,M1+pausa,689752ec2d69,1.0,0.699,0.9431,0.4615,0.0569,0.1739,0.0555,,1.0,299,0,252
W-conflict,300,0.05,1.0,0.25,3,222914603,M0,689752ec2d69,1.0,0.699,0.9599,0.4615,0.0401,0.1739,0.0498,,1.0,299,0,254
W-conflict,300,0.05,1.0,0.25,3,222914603,M1,689752ec2d69,1.0,0.699,0.9599,0.4615,0.0401,0.1739,0.0421,,1.0,299,0,254
W-conflict,300,0.05,1.0,0.25,3,222914603,M2,689752ec2d69,1.0,0.699,1.0,0.4849,0.0,0.1338,0.0096,,1.0,299,0,254
W-conflict,300,0.05,1.0,0.25,3,222914603,M1+pausa,689752ec2d69,1.0,0.699,0.9599,0.4615,0.0401,0.1739,0.0421,,1.0,299,0,254
W-conflict,300,0.05,1.0,0.25,4,1107885804,M0,689752ec2d69,1.0,0.699,0.9398,0.4716,0.0602,0.1839,0.0643,,1.0,299,0,256
W-conflict,300,0.05,1.0,0.25,4,1107885804,M1,689752ec2d69,1.0,0.699,0.9398,0.4716,0.0602,0.1839,0.0582,,1.0,299,0,256
W-conflict,300,0.05,1.0,0.25,4,1107885804,M2,689752ec2d69,1.0,0.699,1.0,0.505,0.0,0.1237,0.0094,,1.0,299,0,256
W-conflict,300,0.05,1.0,0.25,4,1107885804,M1+pausa,689752ec2d69,1.0,0.699,0.9398,0.4716,0.0602,0.1839,0.0582,,1.0,299,0,256
W-conflict,300,0.05,1.0,0.25,5,1528025005,M0,689752ec2d69,1.0,0.699,0.9666,0.4214,0.0334,0.1773,0.0369,,1.0,299,0,241
W-conflict,300,0.05,1.0,0.25,5,1528025005,M1,689752ec2d69,1.0,0.699,0.9666,0.4214,0.0334,0.1773,0.0368,,1.0,299,0,241
W-conflict,300,0.05,1.0,0.25,5,1528025005,M2,689752ec2d69,1.0,0.699,1.0,0.4348,0.0,0.1472,0.0097,,1.0,299,0,241
W-conflict,300,0.05,1.0,0.25,5,1528025005,M1+pausa,689752ec2d69,1.0,0.699,0.9666,0.4214,0.0334,0.1773,0.0368,,1.0,299,0,241
W-conflict,300,0.05,1.0,0.25,6,1883151470,M0,689752ec2d69,1.0,0.699,0.9398,0.3913,0.0602,0.1973,0.0576,,1.0,299,0,266
W-conflict,300,0.05,1.0,0.25,6,1883151470,M1,689752ec2d69,1.0,0.699,0.9398,0.3913,0.0602,0.1973,0.0582,,1.0,299,0,266
W-conflict,300,0.05,1.0,0.25,6,1883151470,M2,689752ec2d69,1.0,0.699,1.0,0.4281,0.0,0.1371,0.0094,,1.0,299,0,266
W-conflict,300,0.05,1.0,0.25,6,1883151470,M1+pausa,689752ec2d69,1.0,0.699,0.9398,0.3913,0.0602,0.1973,0.0582,,1.0,299,0,266
W-conflict,300,0.05,1.0,0.25,7,1764076847,M0,689752ec2d69,1.0,0.699,0.9632,0.4716,0.0368,0.1773,0.0495,,1.0,299,0,242
W-conflict,300,0.05,1.0,0.25,7,1764076847,M1,689752ec2d69,1.0,0.699,0.9632,0.4716,0.0368,0.1773,0.0394,,1.0,299,0,242
W-conflict,300,0.05,1.0,0.25,7,1764076847,M2,689752ec2d69,1.0,0.699,1.0,0.4916,0.0,0.1405,0.0096,,1.0,299,0,242
W-conflict,300,0.05,1.0,0.25,7,1764076847,M1+pausa,689752ec2d69,1.0,0.699,0.9632,0.4716,0.0368,0.1773,0.0394,,1.0,299,0,242
W-conflict,300,0.05,1.0,0.25,8,1857925600,M0,689752ec2d69,1.0,0.699,0.9465,0.4716,0.0535,0.1773,0.0646,,1.0,299,0,239
W-conflict,300,0.05,1.0,0.25,8,1857925600,M1,689752ec2d69,1.0,0.699,0.9465,0.4716,0.0535,0.1773,0.0528,,1.0,299,0,239
W-conflict,300,0.05,1.0,0.25,8,1857925600,M2,689752ec2d69,1.0,0.699,1.0,0.5017,0.0,0.1237,0.0095,,1.0,299,0,239
W-conflict,300,0.05,1.0,0.25,8,1857925600,M1+pausa,689752ec2d69,1.0,0.699,0.9465,0.4716,0.0535,0.1773,0.0528,,1.0,299,0,239
W-conflict,300,0.05,1.0,0.25,9,2007400609,M0,689752ec2d69,1.0,0.699,0.9398,0.4314,0.0602,0.1773,0.1027,,1.0,299,0,268
W-conflict,300,0.05,1.0,0.25,9,2007400609,M1,689752ec2d69,1.0,0.699,0.9398,0.4314,0.0602,0.1773,0.0582,,1.0,299,0,268
W-conflict,300,0.05,1.0,0.25,9,2007400609,M2,689752ec2d69,1.0,0.699,1.0,0.4749,0.0,0.1171,0.0094,,1.0,299,0,268
W-conflict,300,0.05,1.0,0.25,9,2007400609,M1+pausa,689752ec2d69,1.0,0.699,0.9398,0.4314,0.0602,0.1773,0.0582,,1.0,299,0,268
W-conflict,300,0.05,1.0,0.25,10,612743871,M0,689752ec2d69,1.0,0.699,0.9465,0.4716,0.0535,0.2007,0.0534,,1.0,299,0,257
W-conflict,300,0.05,1.0,0.25,10,612743871,M1,689752ec2d69,1.0,0.699,0.9465,0.4716,0.0535,0.2007,0.0528,,1.0,299,0,257
W-conflict,300,0.05,1.0,0.25,10,612743871,M2,689752ec2d69,1.0,0.699,1.0,0.505,0.0,0.1472,0.0095,,1.0,299,0,257
W-conflict,300,0.05,1.0,0.25,10,612743871,M1+pausa,689752ec2d69,1.0,0.699,0.9465,0.4716,0.0535,0.2007,0.0528,,1.0,299,0,257
W-conflict,300,0.05,1.0,0.25,11,1033800702,M0,689752ec2d69,1.0,0.699,0.9164,0.4448,0.0836,0.2174,0.0735,,1.0,299,0,247
W-conflict,300,0.05,1.0,0.25,11,1033800702,M1,689752ec2d69,1.0,0.699,0.9164,0.4448,0.0836,0.2174,0.0769,,1.0,299,0,247
W-conflict,300,0.05,1.0,0.25,11,1033800702,M2,689752ec2d69,1.0,0.699,1.0,0.495,0.0,0.1338,0.0092,,1.0,299,0,247
W-conflict,300,0.05,1.0,0.25,11,1033800702,M1+pausa,689752ec2d69,1.0,0.699,0.9164,0.4448,0.0836,0.2174,0.0769,,1.0,299,0,247
W-conflict,300,0.05,1.0,0.25,12,380885053,M0,689752ec2d69,1.0,0.699,0.9532,0.4415,0.0468,0.1873,0.042,,1.0,299,0,233
W-conflict,300,0.05,1.0,0.25,12,380885053,M1,689752ec2d69,1.0,0.699,0.9532,0.4415,0.0468,0.1873,0.0475,,1.0,299,0,233
W-conflict,300,0.05,1.0,0.25,12,380885053,M2,689752ec2d69,1.0,0.699,1.0,0.4649,0.0,0.1405,0.0096,,1.0,299,0,233
W-conflict,300,0.05,1.0,0.25,12,380885053,M1+pausa,689752ec2d69,1.0,0.699,0.9532,0.4415,0.0468,0.1873,0.0475,,1.0,299,0,233
W-conflict,300,0.05,1.0,0.25,13,262728060,M0,689752ec2d69,1.0,0.699,0.9532,0.4348,0.0468,0.1773,0.0594,,1.0,299,0,264
W-conflict,300,0.05,1.0,0.25,13,262728060,M1,689752ec2d69,1.0,0.699,0.9532,0.4348,0.0468,0.1773,0.0475,,1.0,299,0,264
W-conflict,300,0.05,1.0,0.25,13,262728060,M2,689752ec2d69,1.0,0.699,1.0,0.4649,0.0,0.1304,0.0096,,1.0,299,0,264
W-conflict,300,0.05,1.0,0.25,13,262728060,M1+pausa,689752ec2d69,1.0,0.699,0.9532,0.4348,0.0468,0.1773,0.0475,,1.0,299,0,264
W-conflict,300,0.05,1.0,0.25,14,1089044411,M0,689752ec2d69,1.0,0.699,0.9632,0.4515,0.0368,0.2007,0.0352,,1.0,299,0,261
W-conflict,300,0.05,1.0,0.25,14,1089044411,M1,689752ec2d69,1.0,0.699,0.9632,0.4515,0.0368,0.2007,0.0394,,1.0,299,0,261
W-conflict,300,0.05,1.0,0.25,14,1089044411,M2,689752ec2d69,1.0,0.699,1.0,0.4716,0.0,0.1639,0.0096,,1.0,299,0,261
W-conflict,300,0.05,1.0,0.25,14,1089044411,M1+pausa,689752ec2d69,1.0,0.699,0.9632,0.4515,0.0368,0.2007,0.0394,,1.0,299,0,261
W-conflict,300,0.05,1.0,0.25,15,1509052154,M0,689752ec2d69,1.0,0.699,0.9465,0.4448,0.0535,0.1806,0.0535,,1.0,299,0,262
W-conflict,300,0.05,1.0,0.25,15,1509052154,M1,689752ec2d69,1.0,0.699,0.9465,0.4448,0.0535,0.1806,0.0528,,1.0,299,0,262
W-conflict,300,0.05,1.0,0.25,15,1509052154,M2,689752ec2d69,1.0,0.699,1.0,0.4783,0.0,0.1271,0.0095,,1.0,299,0,262
W-conflict,300,0.05,1.0,0.25,15,1509052154,M1+pausa,689752ec2d69,1.0,0.699,0.9465,0.4448,0.0535,0.1806,0.0528,,1.0,299,0,262
W-conflict,300,0.05,1.0,0.25,16,1927224633,M0,689752ec2d69,1.0,0.699,0.9532,0.4883,0.0468,0.1806,0.0449,,1.0,299,0,265
W-conflict,300,0.05,1.0,0.25,16,1927224633,M1,689752ec2d69,1.0,0.699,0.9532,0.4883,0.0468,0.1806,0.0475,,1.0,299,0,265
W-conflict,300,0.05,1.0,0.25,16,1927224633,M2,689752ec2d69,1.0,0.699,1.0,0.5151,0.0,0.1338,0.0096,,1.0,299,0,265
W-conflict,300,0.05,1.0,0.25,16,1927224633,M1+pausa,689752ec2d69,1.0,0.699,0.9532,0.4883,0.0468,0.1806,0.0475,,1.0,299,0,265
W-conflict,300,0.05,1.0,0.25,17,1808018552,M0,689752ec2d69,1.0,0.699,0.9331,0.4348,0.0669,0.1906,0.069,,1.0,299,0,247
W-conflict,300,0.05,1.0,0.25,17,1808018552,M1,689752ec2d69,1.0,0.699,0.9331,0.4348,0.0669,0.1906,0.0635,,1.0,299,0,247
W-conflict,300,0.05,1.0,0.25,17,1808018552,M2,689752ec2d69,1.0,0.699,1.0,0.4716,0.0,0.1237,0.0094,,1.0,299,0,247
W-conflict,300,0.05,1.0,0.25,17,1808018552,M1+pausa,689752ec2d69,1.0,0.699,0.9331,0.4348,0.0669,0.1906,0.0635,,1.0,299,0,247
W-conflict,300,0.05,1.0,0.25,18,1817981111,M0,689752ec2d69,1.0,0.699,0.9465,0.4448,0.0535,0.2074,0.0665,,1.0,299,0,248
W-conflict,300,0.05,1.0,0.25,18,1817981111,M1,689752ec2d69,1.0,0.699,0.9465,0.4448,0.0535,0.2074,0.0528,,1.0,299,0,248
W-conflict,300,0.05,1.0,0.25,18,1817981111,M2,689752ec2d69,1.0,0.699,1.0,0.4783,0.0,0.1538,0.0095,,1.0,299,0,248
W-conflict,300,0.05,1.0,0.25,18,1817981111,M1+pausa,689752ec2d69,1.0,0.699,0.9465,0.4448,0.0535,0.2074,0.0528,,1.0,299,0,248
W-conflict,300,0.05,1.0,0.25,19,1967587830,M0,689752ec2d69,1.0,0.699,0.9532,0.4314,0.0468,0.194,0.0564,,1.0,299,0,233
W-conflict,300,0.05,1.0,0.25,19,1967587830,M1,689752ec2d69,1.0,0.699,0.9532,0.4314,0.0468,0.194,0.0475,,1.0,299,0,233
W-conflict,300,0.05,1.0,0.25,19,1967587830,M2,689752ec2d69,1.0,0.699,1.0,0.4515,0.0,0.1472,0.0096,,1.0,299,0,233
W-conflict,300,0.05,1.0,0.25,19,1967587830,M1+pausa,689752ec2d69,1.0,0.699,0.9532,0.4314,0.0468,0.194,0.0475,,1.0,299,0,233
W-conflict,300,0.05,0.7,0.05,0,520181477,M0,689752ec2d69,1.0,0.699,0.8836,0.6233,0.1164,0.3082,0.1011,,1.0,146,0,112
W-conflict,300,0.05,0.7,0.05,0,520181477,M1,689752ec2d69,1.0,0.699,0.8836,0.6233,0.1164,0.3082,0.1032,,1.0,146,0,112
W-conflict,300,0.05,0.7,0.05,0,520181477,M2,689752ec2d69,1.0,0.699,1.0,0.7329,0.0,0.1918,0.0089,,1.0,146,0,112
W-conflict,300,0.05,0.7,0.05,0,520181477,M1+pausa,689752ec2d69,1.0,0.699,0.8836,0.6233,0.1164,0.3082,0.1032,,1.0,146,0,112
W-conflict,300,0.05,0.7,0.05,1,102393764,M0,689752ec2d69,1.0,0.699,0.9295,0.6923,0.0705,0.2692,0.0705,,1.0,156,0,128
W-conflict,300,0.05,0.7,0.05,1,102393764,M1,689752ec2d69,1.0,0.699,0.9295,0.6923,0.0705,0.2692,0.0664,,1.0,156,0,128
W-conflict,300,0.05,0.7,0.05,1,102393764,M2,689752ec2d69,1.0,0.699,1.0,0.7564,0.0,0.1987,0.0093,,1.0,156,0,128
W-conflict,300,0.05,0.7,0.05,1,102393764,M1+pausa,689752ec2d69,1.0,0.699,0.9295,0.6923,0.0705,0.2692,0.0664,,1.0,156,0,128
W-conflict,300,0.05,0.7,0.05,2,758592615,M0,689752ec2d69,1.0,0.699,0.9255,0.6832,0.0745,0.2484,0.0848,,1.0,161,0,133
W-conflict,300,0.05,0.7,0.05,2,758592615,M1,689752ec2d69,1.0,0.699,0.9255,0.6832,0.0745,0.2484,0.0696,,1.0,161,0,133
W-conflict,300,0.05,0.7,0.05,2,758592615,M2,689752ec2d69,1.0,0.699,1.0,0.7516,0.0,0.1739,0.0093,,1.0,161,0,133
W-conflict,300,0.05,0.7,0.05,2,758592615,M1+pausa,689752ec2d69,1.0,0.699,0.9255,0.6832,0.0745,0.2484,0.0696,,1.0,161,0,133
W-conflict,300,0.05,0.7,0.05,3,875300134,M0,689752ec2d69,1.0,0.699,0.9404,0.6755,0.0596,0.2781,0.0601,,1.0,151,0,122
W-conflict,300,0.05,0.7,0.05,3,875300134,M1,689752ec2d69,1.0,0.699,0.9404,0.6755,0.0596,0.2781,0.0577,,1.0,151,0,122
W-conflict,300,0.05,0.7,0.05,3,875300134,M2,689752ec2d69,1.0,0.699,1.0,0.7285,0.0,0.2185,0.0094,,1.0,151,0,122
W-conflict,300,0.05,0.7,0.05,3,875300134,M1+pausa,689752ec2d69,1.0,0.699,0.9404,0.6755,0.0596,0.2781,0.0577,,1.0,151,0,122
W-conflict,300,0.05,0.7,0.05,4,2070778849,M0,689752ec2d69,1.0,0.699,0.9462,0.6462,0.0538,0.2385,0.0538,,1.0,130,0,104
W-conflict,300,0.05,0.7,0.05,4,2070778849,M1,689752ec2d69,1.0,0.699,0.9462,0.6462,0.0538,0.2385,0.0531,,1.0,130,0,104
W-conflict,300,0.05,0.7,0.05,4,2070778849,M2,689752ec2d69,1.0,0.699,1.0,0.7,0.0,0.1846,0.0095,,1.0,130,0,104
W-conflict,300,0.05,0.7,0.05,4,2070778849,M1+pausa,689752ec2d69,1.0,0.699,0.9462,0.6462,0.0538,0.2385,0.0531,,1.0,130,0,104
W-conflict,300,0.05,0.7,0.05,5,1651942048,M0,689752ec2d69,1.0,0.699,0.9037,0.6,0.0963,0.3037,0.1412,,1.0,135,0,126
W-conflict,300,0.05,0.7,0.05,5,1651942048,M1,689752ec2d69,1.0,0.699,0.9037,0.6,0.0963,0.3037,0.087,,1.0,135,0,126
W-conflict,300,0.05,0.7,0.05,5,1651942048,M2,689752ec2d69,1.0,0.699,1.0,0.6815,0.0,0.2074,0.0091,,1.0,135,0,126
W-conflict,300,0.05,0.7,0.05,5,1651942048,M1+pausa,689752ec2d69,1.0,0.699,0.9037,0.6,0.0963,0.3037,0.087,,1.0,135,0,126
W-conflict,300,0.05,0.7,0.05,6,1230762339,M0,689752ec2d69,1.0,0.699,0.9178,0.6438,0.0822,0.2877,0.1115,,1.0,146,0,134
W-conflict,300,0.05,0.7,0.05,6,1230762339,M1,689752ec2d69,1.0,0.699,0.9178,0.6438,0.0822,0.2877,0.0758,,1.0,146,0,134
W-conflict,300,0.05,0.7,0.05,6,1230762339,M2,689752ec2d69,1.0,0.699,1.0,0.7192,0.0,0.2192,0.0092,,1.0,146,0,134
W-conflict,300,0.05,0.7,0.05,6,1230762339,M1+pausa,689752ec2d69,1.0,0.699,0.9178,0.6438,0.0822,0.2877,0.0758,,1.0,146,0,134
W-conflict,300,0.05,0.7,0.05,7,1346420770,M0,689752ec2d69,1.0,0.699,0.9302,0.6202,0.0698,0.2946,0.1516,,1.0,129,0,103
W-conflict,300,0.05,0.7,0.05,7,1346420770,M1,689752ec2d69,1.0,0.699,0.9302,0.6202,0.0698,0.2946,0.0658,,1.0,129,0,103
W-conflict,300,0.05,0.7,0.05,7,1346420770,M2,689752ec2d69,1.0,0.699,1.0,0.6899,0.0,0.2248,0.0093,,1.0,129,0,103
W-conflict,300,0.05,0.7,0.05,7,1346420770,M1+pausa,689752ec2d69,1.0,0.699,0.9302,0.6202,0.0698,0.2946,0.0658,,1.0,129,0,103
W-conflict,300,0.05,0.7,0.05,8,1473830125,M0,689752ec2d69,1.0,0.699,0.9096,0.6928,0.0904,0.1627,0.0904,,1.0,166,0,135
W-conflict,300,0.05,0.7,0.05,8,1473830125,M1,689752ec2d69,1.0,0.699,0.9096,0.6928,0.0904,0.1627,0.0823,,1.0,166,0,135
W-conflict,300,0.05,0.7,0.05,8,1473830125,M2,689752ec2d69,1.0,0.699,1.0,0.7771,0.0,0.1024,0.0091,,1.0,166,0,135
W-conflict,300,0.05,0.7,0.05,8,1473830125,M1+pausa,689752ec2d69,1.0,0.699,0.9096,0.6928,0.0904,0.1627,0.0823,,1.0,166,0,135
W-conflict,300,0.05,0.7,0.05,9,1321463212,M0,689752ec2d69,1.0,0.699,0.9328,0.6303,0.0672,0.2437,0.0823,,1.0,119,0,97
W-conflict,300,0.05,0.7,0.05,9,1321463212,M1,689752ec2d69,1.0,0.699,0.9328,0.6303,0.0672,0.2437,0.0638,,1.0,119,0,97
W-conflict,300,0.05,0.7,0.05,9,1321463212,M2,689752ec2d69,1.0,0.699,1.0,0.6891,0.0,0.1765,0.0094,,1.0,119,0,97
W-conflict,300,0.05,0.7,0.05,9,1321463212,M1+pausa,689752ec2d69,1.0,0.699,0.9328,0.6303,0.0672,0.2437,0.0638,,1.0,119,0,97
W-conflict,300,0.05,0.7,0.05,10,1519231855,M0,689752ec2d69,1.0,0.699,0.8993,0.6174,0.1007,0.3221,0.0785,,1.0,149,0,118
W-conflict,300,0.05,0.7,0.05,10,1519231855,M1,689752ec2d69,1.0,0.699,0.8993,0.6174,0.1007,0.3221,0.0905,,1.0,149,0,118
W-conflict,300,0.05,0.7,0.05,10,1519231855,M2,689752ec2d69,1.0,0.699,1.0,0.7047,0.0,0.2282,0.009,,1.0,149,0,118
W-conflict,300,0.05,0.7,0.05,10,1519231855,M1+pausa,689752ec2d69,1.0,0.699,0.8993,0.6174,0.1007,0.3221,0.0905,,1.0,149,0,118
W-conflict,300,0.05,0.7,0.05,11,1133941294,M0,689752ec2d69,1.0,0.699,0.9517,0.6483,0.0483,0.269,0.0488,,1.0,145,0,109
W-conflict,300,0.05,0.7,0.05,11,1133941294,M1,689752ec2d69,1.0,0.699,0.9517,0.6483,0.0483,0.269,0.0486,,1.0,145,0,109
W-conflict,300,0.05,0.7,0.05,11,1133941294,M2,689752ec2d69,1.0,0.699,1.0,0.6966,0.0,0.2207,0.0095,,1.0,145,0,109
W-conflict,300,0.05,0.7,0.05,11,1133941294,M1+pausa,689752ec2d69,1.0,0.699,0.9517,0.6483,0.0483,0.269,0.0486,,1.0,145,0,109
W-conflict,300,0.05,0.7,0.05,12,1757135341,M0,689752ec2d69,1.0,0.699,0.9554,0.6688,0.0446,0.2166,0.0854,,1.0,157,0,138
W-conflict,300,0.05,0.7,0.05,12,1757135341,M1,689752ec2d69,1.0,0.699,0.9554,0.6688,0.0446,0.2166,0.0457,,1.0,157,0,138
W-conflict,300,0.05,0.7,0.05,12,1757135341,M2,689752ec2d69,1.0,0.699,1.0,0.707,0.0,0.172,0.0096,,1.0,157,0,138
W-conflict,300,0.05,0.7,0.05,12,1757135341,M1+pausa,689752ec2d69,1.0,0.699,0.9554,0.6688,0.0446,0.2166,0.0457,,1.0,157,0,138
W-conflict,300,0.05,0.7,0.05,13,1906372780,M0,689752ec2d69,1.0,0.699,0.9462,0.6615,0.0538,0.2692,0.0539,,1.0,130,0,108
W-conflict,300,0.05,0.7,0.05,13,1906372780,M1,689752ec2d69,1.0,0.699,0.9462,0.6615,0.0538,0.2692,0.0531,,1.0,130,0,108
W-conflict,300,0.05,0.7,0.05,13,1906372780,M2,689752ec2d69,1.0,0.699,1.0,0.7077,0.0,0.2154,0.0095,,1.0,130,0,108
W-conflict,300,0.05,0.7,0.05,13,1906372780,M1+pausa,689752ec2d69,1.0,0.699,0.9462,0.6615,0.0538,0.2692,0.0531,,1.0,130,0,108
W-conflict,300,0.05,0.7,0.05,14,1054959211,M0,689752ec2d69,1.0,0.699,0.9206,0.6349,0.0794,0.1825,0.0757,,1.0,126,0,101
W-conflict,300,0.05,0.7,0.05,14,1054959211,M1,689752ec2d69,1.0,0.699,0.9206,0.6349,0.0794,0.1825,0.0735,,1.0,126,0,101
W-conflict,300,0.05,0.7,0.05,14,1054959211,M2,689752ec2d69,1.0,0.699,1.0,0.6905,0.0,0.1349,0.0092,,1.0,126,0,101
W-conflict,300,0.05,0.7,0.05,14,1054959211,M1+pausa,689752ec2d69,1.0,0.699,0.9206,0.6349,0.0794,0.1825,0.0735,,1.0,126,0,101
W-conflict,300,0.05,0.7,0.05,15,670717738,M0,689752ec2d69,1.0,0.699,0.9549,0.7293,0.0451,0.2481,0.0309,,1.0,133,0,107
W-conflict,300,0.05,0.7,0.05,15,670717738,M1,689752ec2d69,1.0,0.699,0.9549,0.7293,0.0451,0.2481,0.0461,,1.0,133,0,107
W-conflict,300,0.05,0.7,0.05,15,670717738,M2,689752ec2d69,1.0,0.699,1.0,0.7744,0.0,0.203,0.0096,,1.0,133,0,107
W-conflict,300,0.05,0.7,0.05,15,670717738,M1+pausa,689752ec2d69,1.0,0.699,0.9549,0.7293,0.0451,0.2481,0.0461,,1.0,133,0,107
W-conflict,300,0.05,0.7,0.05,16,215418089,M0,689752ec2d69,1.0,0.699,0.922,0.5957,0.078,0.2979,0.0771,,1.0,141,0,114
W-conflict,300,0.05,0.7,0.05,16,215418089,M1,689752ec2d69,1.0,0.699,0.922,0.5957,0.078,0.2979,0.0724,,1.0,141,0,114
W-conflict,300,0.05,0.7,0.05,16,215418089,M2,689752ec2d69,1.0,0.699,1.0,0.6667,0.0,0.2199,0.0093,,1.0,141,0,114
W-conflict,300,0.05,0.7,0.05,16,215418089,M1+pausa,689752ec2d69,1.0,0.699,0.922,0.5957,0.078,0.2979,0.0724,,1.0,141,0,114
W-conflict,300,0.05,0.7,0.05,17,365704616,M0,689752ec2d69,1.0,0.699,0.9122,0.6689,0.0878,0.2432,0.0878,,1.0,148,0,123
W-conflict,300,0.05,0.7,0.05,17,365704616,M1,689752ec2d69,1.0,0.699,0.9122,0.6689,0.0878,0.2432,0.0803,,1.0,148,0,123
W-conflict,300,0.05,0.7,0.05,17,365704616,M2,689752ec2d69,1.0,0.699,1.0,0.75,0.0,0.1554,0.0092,,1.0,148,0,123
W-conflict,300,0.05,0.7,0.05,17,365704616,M1+pausa,689752ec2d69,1.0,0.699,0.9122,0.6689,0.0878,0.2432,0.0803,,1.0,148,0,123
W-conflict,300,0.05,0.7,0.05,18,307505511,M0,689752ec2d69,1.0,0.699,0.9451,0.7439,0.0549,0.1463,0.0527,,1.0,164,0,145
W-conflict,300,0.05,0.7,0.05,18,307505511,M1,689752ec2d69,1.0,0.699,0.9451,0.7439,0.0549,0.1463,0.0539,,1.0,164,0,145
W-conflict,300,0.05,0.7,0.05,18,307505511,M2,689752ec2d69,1.0,0.699,1.0,0.7988,0.0,0.1037,0.0095,,1.0,164,0,145
W-conflict,300,0.05,0.7,0.05,18,307505511,M1+pausa,689752ec2d69,1.0,0.699,0.9451,0.7439,0.0549,0.1463,0.0539,,1.0,164,0,145
W-conflict,300,0.05,0.7,0.05,19,189732902,M0,689752ec2d69,1.0,0.699,0.9481,0.6753,0.0519,0.2532,0.0955,,1.0,154,0,134
W-conflict,300,0.05,0.7,0.05,19,189732902,M1,689752ec2d69,1.0,0.699,0.9481,0.6753,0.0519,0.2532,0.0516,,1.0,154,0,134
W-conflict,300,0.05,0.7,0.05,19,189732902,M2,689752ec2d69,1.0,0.699,1.0,0.7273,0.0,0.2013,0.0095,,1.0,154,0,134
W-conflict,300,0.05,0.7,0.05,19,189732902,M1+pausa,689752ec2d69,1.0,0.699,0.9481,0.6753,0.0519,0.2532,0.0516,,1.0,154,0,134
W-conflict,300,0.05,0.7,0.25,0,1388967918,M0,689752ec2d69,1.0,0.699,0.9456,0.4898,0.0544,0.1769,0.0558,,1.0,147,0,123
W-conflict,300,0.05,0.7,0.25,0,1388967918,M1,689752ec2d69,1.0,0.699,0.9456,0.4898,0.0544,0.1769,0.0535,,1.0,147,0,123
W-conflict,300,0.05,0.7,0.25,0,1388967918,M2,689752ec2d69,1.0,0.699,1.0,0.5306,0.0,0.1224,0.0095,,1.0,147,0,123
W-conflict,300,0.05,0.7,0.25,0,1388967918,M1+pausa,689752ec2d69,1.0,0.699,0.9456,0.4898,0.0544,0.1769,0.0535,,1.0,147,0,123
W-conflict,300,0.05,0.7,0.25,1,1272104623,M0,689752ec2d69,1.0,0.699,0.9255,0.441,0.0745,0.2236,0.0787,,1.0,161,0,130
W-conflict,300,0.05,0.7,0.25,1,1272104623,M1,689752ec2d69,1.0,0.699,0.9255,0.441,0.0745,0.2236,0.0696,,1.0,161,0,130
W-conflict,300,0.05,0.7,0.25,1,1272104623,M2,689752ec2d69,1.0,0.699,1.0,0.4845,0.0,0.1491,0.0093,,1.0,161,0,130
W-conflict,300,0.05,0.7,0.25,1,1272104623,M1+pausa,689752ec2d69,1.0,0.699,0.9255,0.441,0.0745,0.2236,0.0696,,1.0,161,0,130
W-conflict,300,0.05,0.7,0.25,2,1627362668,M0,689752ec2d69,1.0,0.699,0.9496,0.4604,0.0504,0.2086,0.0526,,1.0,139,0,112
W-conflict,300,0.05,0.7,0.25,2,1627362668,M1,689752ec2d69,1.0,0.699,0.9496,0.4604,0.0504,0.2086,0.0503,,1.0,139,0,112
W-conflict,300,0.05,0.7,0.25,2,1627362668,M2,689752ec2d69,1.0,0.699,1.0,0.4964,0.0,0.1583,0.0095,,1.0,139,0,112
W-conflict,300,0.05,0.7,0.25,2,1627362668,M1+pausa,689752ec2d69,1.0,0.699,0.9496,0.4604,0.0504,0.2086,0.0503,,1.0,139,0,112
W-conflict,300,0.05,0.7,0.25,3,2045027373,M0,689752ec2d69,1.0,0.699,0.9441,0.4336,0.0559,0.2168,0.0559,,1.0,143,0,111
W-conflict,300,0.05,0.7,0.25,3,2045027373,M1,689752ec2d69,1.0,0.699,0.9441,0.4336,0.0559,0.2168,0.0548,,1.0,143,0,111
W-conflict,300,0.05,0.7,0.25,3,2045027373,M2,689752ec2d69,1.0,0.699,1.0,0.4615,0.0,0.1608,0.0095,,1.0,143,0,111
W-conflict,300,0.05,0.7,0.25,3,2045027373,M1+pausa,689752ec2d69,1.0,0.699,0.9441,0.4336,0.0559,0.2168,0.0548,,1.0,143,0,111
W-conflict,300,0.05,0.7,0.25,4,916796138,M0,689752ec2d69,1.0,0.699,0.9276,0.4079,0.0724,0.2039,0.069,,1.0,152,0,129
W-conflict,300,0.05,0.7,0.25,4,916796138,M1,689752ec2d69,1.0,0.699,0.9276,0.4079,0.0724,0.2039,0.0679,,1.0,152,0,129
W-conflict,300,0.05,0.7,0.25,4,916796138,M2,689752ec2d69,1.0,0.699,1.0,0.4605,0.0,0.1316,0.0093,,1.0,152,0,129
W-conflict,300,0.05,0.7,0.25,4,916796138,M1+pausa,689752ec2d69,1.0,0.699,0.9276,0.4079,0.0724,0.2039,0.0679,,1.0,152,0,129
W-conflict,300,0.05,0.7,0.25,5,800981931,M0,689752ec2d69,1.0,0.699,0.9557,0.4241,0.0443,0.2278,0.0431,,1.0,158,0,138
W-conflict,300,0.05,0.7,0.25,5,800981931,M1,689752ec2d69,1.0,0.699,0.9557,0.4241,0.0443,0.2278,0.0454,,1.0,158,0,138
W-conflict,300,0.05,0.7,0.25,5,800981931,M2,689752ec2d69,1.0,0.699,1.0,0.443,0.0,0.1835,0.0096,,1.0,158,0,138
W-conflict,300,0.05,0.7,0.25,5,800981931,M1+pausa,689752ec2d69,1.0,0.699,0.9557,0.4241,0.0443,0.2278,0.0454,,1.0,158,0,138
W-conflict,300,0.05,0.7,0.25,6,76763240,M0,689752ec2d69,1.0,0.699,0.963,0.4506,0.037,0.179,0.0329,,1.0,162,0,132
W-conflict,300,0.05,0.7,0.25,6,76763240,M1,689752ec2d69,1.0,0.699,0.963,0.4506,0.037,0.179,0.0396,,1.0,162,0,132
W-conflict,300,0.05,0.7,0.25,6,76763240,M2,689752ec2d69,1.0,0.699,1.0,0.4815,0.0,0.142,0.0096,,1.0,162,0,132
W-conflict,300,0.05,0.7,0.25,6,76763240,M1+pausa,689752ec2d69,1.0,0.699,0.963,0.4506,0.037,0.179,0.0396,,1.0,162,0,132
W-conflict,300,0.05,0.7,0.25,7,495477033,M0,689752ec2d69,1.0,0.699,0.9342,0.4474,0.0658,0.1908,0.0585,,1.0,152,0,124
W-conflict,300,0.05,0.7,0.25,7,495477033,M1,689752ec2d69,1.0,0.699,0.9342,0.4474,0.0658,0.1908,0.0626,,1.0,152,0,124
W-conflict,300,0.05,0.7,0.25,7,495477033,M2,689752ec2d69,1.0,0.699,1.0,0.4803,0.0,0.125,0.0094,,1.0,152,0,124
W-conflict,300,0.05,0.7,0.25,7,495477033,M1+pausa,689752ec2d69,1.0,0.699,0.9342,0.4474,0.0658,0.1908,0.0626,,1.0,152,0,124
W-conflict,300,0.05,0.7,0.25,8,437288422,M0,689752ec2d69,1.0,0.699,0.932,0.4626,0.068,0.2313,0.0697,,1.0,147,0,116
W-conflict,300,0.05,0.7,0.25,8,437288422,M1,689752ec2d69,1.0,0.699,0.932,0.4626,0.068,0.2313,0.0644,,1.0,147,0,116
W-conflict,300,0.05,0.7,0.25,8,437288422,M2,689752ec2d69,1.0,0.699,1.0,0.4966,0.0,0.1633,0.0093,,1.0,147,0,116
W-conflict,300,0.05,0.7,0.25,8,437288422,M1+pausa,689752ec2d69,1.0,0.699,0.932,0.4626,0.068,0.2313,0.0644,,1.0,147,0,116
W-conflict,300,0.05,0.7,0.25,9,51072167,M0,689752ec2d69,1.0,0.699,0.9568,0.4532,0.0432,0.1942,0.0726,,1.0,139,0,120
W-conflict,300,0.05,0.7,0.25,9,51072167,M1,689752ec2d69,1.0,0.699,0.9568,0.4532,0.0432,0.1942,0.0445,,1.0,139,0,120
W-conflict,300,0.05,0.7,0.25,9,51072167,M2,689752ec2d69,1.0,0.699,1.0,0.4748,0.0,0.1511,0.0096,,1.0,139,0,120
W-conflict,300,0.05,0.7,0.25,9,51072167,M1+pausa,689752ec2d69,1.0,0.699,0.9568,0.4532,0.0432,0.1942,0.0445,,1.0,139,0,120
W-conflict,300,0.05,0.7,0.25,10,1293070918,M0,689752ec2d69,1.0,0.699,0.9595,0.4865,0.0405,0.1824,0.0503,,1.0,148,0,124
W-conflict,300,0.05,0.7,0.25,10,1293070918,M1,689752ec2d69,1.0,0.699,0.9595,0.4865,0.0405,0.1824,0.0424,,1.0,148,0,124
W-conflict,300,0.05,0.7,0.25,10,1293070918,M2,689752ec2d69,1.0,0.699,1.0,0.5135,0.0,0.1419,0.0096,,1.0,148,0,124
W-conflict,300,0.05,0.7,0.25,10,1293070918,M1+pausa,689752ec2d69,1.0,0.699,0.9595,0.4865,0.0405,0.1824,0.0424,,1.0,148,0,124
W-conflict,300,0.05,0.7,0.25,11,1409909511,M0,689752ec2d69,1.0,0.699,0.9483,0.4253,0.0517,0.1609,0.0369,,1.0,174,0,148
W-conflict,300,0.05,0.7,0.25,11,1409909511,M1,689752ec2d69,1.0,0.699,0.9483,0.4253,0.0517,0.1609,0.0514,,1.0,174,0,148
W-conflict,300,0.05,0.7,0.25,11,1409909511,M2,689752ec2d69,1.0,0.699,1.0,0.4425,0.0,0.1092,0.0095,,1.0,174,0,148
W-conflict,300,0.05,0.7,0.25,11,1409909511,M1+pausa,689752ec2d69,1.0,0.699,0.9483,0.4253,0.0517,0.1609,0.0514,,1.0,174,0,148
W-conflict,300,0.05,0.7,0.25,12,2133119172,M0,689752ec2d69,1.0,0.699,0.9237,0.458,0.0763,0.1908,0.05,,1.0,131,0,117
W-conflict,300,0.05,0.7,0.25,12,2133119172,M1,689752ec2d69,1.0,0.699,0.9237,0.458,0.0763,0.1908,0.0711,,1.0,131,0,117
W-conflict,300,0.05,0.7,0.25,12,2133119172,M2,689752ec2d69,1.0,0.699,1.0,0.5038,0.0,0.1145,0.0093,,1.0,131,0,117
W-conflict,300,0.05,0.7,0.25,12,2133119172,M1+pausa,689752ec2d69,1.0,0.699,0.9237,0.458,0.0763,0.1908,0.0711,,1.0,131,0,117
W-conflict,300,0.05,0.7,0.25,13,1715462533,M0,689752ec2d69,1.0,0.699,0.9684,0.481,0.0316,0.1962,0.0604,,1.0,158,0,140
W-conflict,300,0.05,0.7,0.25,13,1715462533,M1,689752ec2d69,1.0,0.699,0.9684,0.481,0.0316,0.1962,0.0353,,1.0,158,0,140
W-conflict,300,0.05,0.7,0.25,13,1715462533,M2,689752ec2d69,1.0,0.699,1.0,0.5063,0.0,0.1646,0.0097,,1.0,158,0,140
W-conflict,300,0.05,0.7,0.25,13,1715462533,M1+pausa,689752ec2d69,1.0,0.699,0.9684,0.481,0.0316,0.1962,0.0353,,1.0,158,0,140
W-conflict,300,0.05,0.7,0.25,14,696153922,M0,689752ec2d69,1.0,0.699,0.9496,0.4604,0.0504,0.1439,0.0698,,1.0,139,0,91
W-conflict,300,0.05,0.7,0.25,14,696153922,M1,689752ec2d69,1.0,0.699,0.9496,0.4604,0.0504,0.1439,0.0503,,1.0,139,0,91
W-conflict,300,0.05,0.7,0.25,14,696153922,M2,689752ec2d69,1.0,0.699,1.0,0.4964,0.0,0.0935,0.0095,,1.0,139,0,91
W-conflict,300,0.05,0.7,0.25,14,696153922,M1+pausa,689752ec2d69,1.0,0.699,0.9496,0.4604,0.0504,0.1439,0.0503,,1.0,139,0,91
W-conflict,300,0.05,0.7,0.25,15,811943427,M0,689752ec2d69,1.0,0.699,0.974,0.513,0.026,0.1558,0.0412,,1.0,154,0,125
W-conflict,300,0.05,0.7,0.25,15,811943427,M1,689752ec2d69,1.0,0.699,0.974,0.513,0.026,0.1558,0.0308,,1.0,154,0,125
W-conflict,300,0.05,0.7,0.25,15,811943427,M2,689752ec2d69,1.0,0.699,1.0,0.5195,0.0,0.1299,0.0098,,1.0,154,0,125
W-conflict,300,0.05,0.7,0.25,15,811943427,M1+pausa,689752ec2d69,1.0,0.699,0.974,0.513,0.026,0.1558,0.0308,,1.0,154,0,125
W-conflict,300,0.05,0.7,0.25,16,457708992,M0,689752ec2d69,1.0,0.699,0.9538,0.5231,0.0462,0.1769,0.0446,,1.0,130,0,107
W-conflict,300,0.05,0.7,0.25,16,457708992,M1,689752ec2d69,1.0,0.699,0.9538,0.5231,0.0462,0.1769,0.0469,,1.0,130,0,107
W-conflict,300,0.05,0.7,0.25,16,457708992,M2,689752ec2d69,1.0,0.699,1.0,0.5615,0.0,0.1308,0.0096,,1.0,130,0,107
W-conflict,300,0.05,0.7,0.25,16,457708992,M1+pausa,689752ec2d69,1.0,0.699,0.9538,0.5231,0.0462,0.1769,0.0469,,1.0,130,0,107
W-conflict,300,0.05,0.7,0.25,17,39003265,M0,689752ec2d69,1.0,0.699,0.9589,0.4315,0.0411,0.1986,0.0504,,1.0,146,0,125
W-conflict,300,0.05,0.7,0.25,17,39003265,M1,689752ec2d69,1.0,0.699,0.9589,0.4315,0.0411,0.1986,0.0429,,1.0,146,0,125
W-conflict,300,0.05,0.7,0.25,17,39003265,M2,689752ec2d69,1.0,0.699,1.0,0.4589,0.0,0.1575,0.0096,,1.0,146,0,125
W-conflict,300,0.05,0.7,0.25,17,39003265,M1+pausa,689752ec2d69,1.0,0.699,0.9589,0.4315,0.0411,0.1986,0.0429,,1.0,146,0,125
W-conflict,300,0.05,0.7,0.25,18,97204302,M0,689752ec2d69,1.0,0.699,0.9427,0.3949,0.0573,0.1911,0.0603,,1.0,157,0,136
W-conflict,300,0.05,0.7,0.25,18,97204302,M1,689752ec2d69,1.0,0.699,0.9427,0.3949,0.0573,0.1911,0.0559,,1.0,157,0,136
W-conflict,300,0.05,0.7,0.25,18,97204302,M2,689752ec2d69,1.0,0.699,1.0,0.4331,0.0,0.1338,0.0094,,1.0,157,0,136
W-conflict,300,0.05,0.7,0.25,18,97204302,M1+pausa,689752ec2d69,1.0,0.699,0.9427,0.3949,0.0573,0.1911,0.0559,,1.0,157,0,136
W-conflict,300,0.05,0.7,0.25,19,483395855,M0,689752ec2d69,1.0,0.699,0.9434,0.4623,0.0566,0.217,0.0996,,1.0,106,0,85
W-conflict,300,0.05,0.7,0.25,19,483395855,M1,689752ec2d69,1.0,0.699,0.9434,0.4623,0.0566,0.217,0.0553,,1.0,106,0,85
W-conflict,300,0.05,0.7,0.25,19,483395855,M2,689752ec2d69,1.0,0.699,1.0,0.5,0.0,0.1604,0.0095,,1.0,106,0,85
W-conflict,300,0.05,0.7,0.25,19,483395855,M1+pausa,689752ec2d69,1.0,0.699,0.9434,0.4623,0.0566,0.217,0.0553,,1.0,106,0,85
W-conflict,300,0.3,1.0,0.05,0,2037635854,M0,689752ec2d69,1.0,0.699,0.9365,0.6421,0.0635,0.1739,0.0568,,1.0,299,0,252
W-conflict,300,0.3,1.0,0.05,0,2037635854,M1,689752ec2d69,1.0,0.699,0.9365,0.6421,0.0635,0.1739,0.0608,,1.0,299,0,252
W-conflict,300,0.3,1.0,0.05,0,2037635854,M2,689752ec2d69,1.0,0.699,1.0,0.6923,0.0,0.1338,0.0094,,1.0,299,0,252
W-conflict,300,0.3,1.0,0.05,0,2037635854,M1+pausa,689752ec2d69,1.0,0.699,0.9365,0.6421,0.0635,0.1739,0.0608,,1.0,299,0,252
W-conflict,300,0.3,1.0,0.05,1,1617488463,M0,689752ec2d69,1.0,0.699,0.9197,0.6488,0.0803,0.2609,0.1761,,1.0,299,0,258
W-conflict,300,0.3,1.0,0.05,1,1617488463,M1,689752ec2d69,1.0,0.699,0.9197,0.6488,0.0803,0.2609,0.0742,,1.0,299,0,258
W-conflict,300,0.3,1.0,0.05,1,1617488463,M2,689752ec2d69,1.0,0.699,1.0,0.7224,0.0,0.1873,0.0092,,1.0,299,0,258
W-conflict,300,0.3,1.0,0.05,1,1617488463,M1+pausa,689752ec2d69,1.0,0.699,0.9197,0.6488,0.0803,0.2609,0.0742,,1.0,299,0,258
W-conflict,300,0.3,1.0,0.05,2,1262860684,M0,689752ec2d69,1.0,0.699,0.9465,0.6656,0.0535,0.2642,0.0932,,1.0,299,0,246
W-conflict,300,0.3,1.0,0.05,2,1262860684,M1,689752ec2d69,1.0,0.699,0.9465,0.6656,0.0535,0.2642,0.0528,,1.0,299,0,246
W-conflict,300,0.3,1.0,0.05,2,1262860684,M2,689752ec2d69,1.0,0.699,1.0,0.709,0.0,0.2107,0.0095,,1.0,299,0,246
W-conflict,300,0.3,1.0,0.05,2,1262860684,M1+pausa,689752ec2d69,1.0,0.699,0.9465,0.6656,0.0535,0.2642,0.0528,,1.0,299,0,246
W-conflict,300,0.3,1.0,0.05,3,1381927117,M0,689752ec2d69,1.0,0.699,0.9331,0.6656,0.0669,0.2575,0.0765,,1.0,299,0,258
W-conflict,300,0.3,1.0,0.05,3,1381927117,M1,689752ec2d69,1.0,0.699,0.9331,0.6656,0.0669,0.2575,0.0635,,1.0,299,0,258
W-conflict,300,0.3,1.0,0.05,3,1381927117,M2,689752ec2d69,1.0,0.699,1.0,0.7224,0.0,0.194,0.0094,,1.0,299,0,258
W-conflict,300,0.3,1.0,0.05,3,1381927117,M1+pausa,689752ec2d69,1.0,0.699,0.9331,0.6656,0.0669,0.2575,0.0635,,1.0,299,0,258
W-conflict,300,0.3,1.0,0.05,4,488578570,M0,689752ec2d69,1.0,0.699,0.9164,0.6421,0.0836,0.2207,0.0805,,1.0,299,0,250
W-conflict,300,0.3,1.0,0.05,4,488578570,M1,689752ec2d69,1.0,0.699,0.9164,0.6421,0.0836,0.2207,0.0769,,1.0,299,0,250
W-conflict,300,0.3,1.0,0.05,4,488578570,M2,689752ec2d69,1.0,0.699,1.0,0.7124,0.0,0.1672,0.0092,,1.0,299,0,250
W-conflict,300,0.3,1.0,0.05,4,488578570,M1+pausa,689752ec2d69,1.0,0.699,0.9164,0.6421,0.0836,0.2207,0.0769,,1.0,299,0,250
W-conflict,300,0.3,1.0,0.05,5,67383115,M0,689752ec2d69,1.0,0.699,0.9498,0.6589,0.0502,0.2809,0.107,,1.0,299,0,233
W-conflict,300,0.3,1.0,0.05,5,67383115,M1,689752ec2d69,1.0,0.699,0.9498,0.6589,0.0502,0.2809,0.0501,,1.0,299,0,233
W-conflict,300,0.3,1.0,0.05,5,67383115,M2,689752ec2d69,1.0,0.699,1.0,0.7057,0.0,0.2308,0.0095,,1.0,299,0,233
W-conflict,300,0.3,1.0,0.05,5,67383115,M1+pausa,689752ec2d69,1.0,0.699,0.9498,0.6589,0.0502,0.2809,0.0501,,1.0,299,0,233
W-conflict,300,0.3,1.0,0.05,6,791248008,M0,689752ec2d69,1.0,0.699,0.9331,0.6421,0.0669,0.2676,0.0871,,1.0,299,0,235
W-conflict,300,0.3,1.0,0.05,6,791248008,M1,689752ec2d69,1.0,0.699,0.9331,0.6421,0.0669,0.2676,0.0635,,1.0,299,0,235
W-conflict,300,0.3,1.0,0.05,6,791248008,M2,689752ec2d69,1.0,0.699,1.0,0.7023,0.0,0.2007,0.0094,,1.0,299,0,235
W-conflict,300,0.3,1.0,0.05,6,791248008,M1+pausa,689752ec2d69,1.0,0.699,0.9331,0.6421,0.0669,0.2676,0.0635,,1.0,299,0,235
W-conflict,300,0.3,1.0,0.05,7,909266377,M0,689752ec2d69,1.0,0.699,0.9197,0.6923,0.0803,0.2542,0.0753,,1.0,299,0,241
W-conflict,300,0.3,1.0,0.05,7,909266377,M1,689752ec2d69,1.0,0.699,0.9197,0.6923,0.0803,0.2542,0.0742,,1.0,299,0,241
W-conflict,300,0.3,1.0,0.05,7,909266377,M2,689752ec2d69,1.0,0.699,1.0,0.7659,0.0,0.1739,0.0092,,1.0,299,0,241
W-conflict,300,0.3,1.0,0.05,7,909266377,M1+pausa,689752ec2d69,1.0,0.699,0.9197,0.6923,0.0803,0.2542,0.0742,,1.0,299,0,241
W-conflict,300,0.3,1.0,0.05,8,833245446,M0,689752ec2d69,1.0,0.699,0.9465,0.699,0.0535,0.2542,0.1067,,1.0,299,0,240
W-conflict,300,0.3,1.0,0.05,8,833245446,M1,689752ec2d69,1.0,0.699,0.9465,0.699,0.0535,0.2542,0.0528,,1.0,299,0,240
W-conflict,300,0.3,1.0,0.05,8,833245446,M2,689752ec2d69,1.0,0.699,1.0,0.7525,0.0,0.2007,0.0095,,1.0,299,0,240
W-conflict,300,0.3,1.0,0.05,8,833245446,M1+pausa,689752ec2d69,1.0,0.699,0.9465,0.699,0.0535,0.2542,0.0528,,1.0,299,0,240
W-conflict,300,0.3,1.0,0.05,9,682713159,M0,689752ec2d69,1.0,0.699,0.9465,0.6421,0.0535,0.1472,0.05,,1.0,299,0,233
W-conflict,300,0.3,1.0,0.05,9,682713159,M1,689752ec2d69,1.0,0.699,0.9465,0.6421,0.0535,0.1472,0.0528,,1.0,299,0,233
W-conflict,300,0.3,1.0,0.05,9,682713159,M2,689752ec2d69,1.0,0.699,1.0,0.6957,0.0,0.1204,0.0095,,1.0,299,0,233
W-conflict,300,0.3,1.0,0.05,9,682713159,M1+pausa,689752ec2d69,1.0,0.699,0.9465,0.6421,0.0535,0.1472,0.0528,,1.0,299,0,233
W-conflict,300,0.3,1.0,0.05,10,1840507410,M0,689752ec2d69,1.0,0.699,0.9331,0.6321,0.0669,0.2642,0.1562,,1.0,299,0,262
W-conflict,300,0.3,1.0,0.05,10,1840507410,M1,689752ec2d69,1.0,0.699,0.9331,0.6321,0.0669,0.2642,0.0635,,1.0,299,0,262
W-conflict,300,0.3,1.0,0.05,10,1840507410,M2,689752ec2d69,1.0,0.699,1.0,0.6957,0.0,0.204,0.0094,,1.0,299,0,262
W-conflict,300,0.3,1.0,0.05,10,1840507410,M1+pausa,689752ec2d69,1.0,0.699,0.9331,0.6321,0.0669,0.2642,0.0635,,1.0,299,0,262
W-conflict,300,0.3,1.0,0.05,11,1957223251,M0,689752ec2d69,1.0,0.699,0.913,0.6555,0.087,0.2642,0.1038,,1.0,299,0,253
W-conflict,300,0.3,1.0,0.05,11,1957223251,M1,689752ec2d69,1.0,0.699,0.913,0.6555,0.087,0.2642,0.0796,,1.0,299,0,253
W-conflict,300,0.3,1.0,0.05,11,1957223251,M2,689752ec2d69,1.0,0.699,1.0,0.7291,0.0,0.1773,0.0092,,1.0,299,0,253
W-conflict,300,0.3,1.0,0.05,11,1957223251,M1+pausa,689752ec2d69,1.0,0.699,0.913,0.6555,0.087,0.2642,0.0796,,1.0,299,0,253
W-conflict,300,0.3,1.0,0.05,12,1602586768,M0,689752ec2d69,1.0,0.699,0.9164,0.6555,0.0836,0.2776,0.1018,,1.0,299,0,244
W-conflict,300,0.3,1.0,0.05,12,1602586768,M1,689752ec2d69,1.0,0.699,0.9164,0.6555,0.0836,0.2776,0.0769,,1.0,299,0,244
W-conflict,300,0.3,1.0,0.05,12,1602586768,M2,689752ec2d69,1.0,0.699,1.0,0.7324,0.0,0.194,0.0092,,1.0,299,0,244
W-conflict,300,0.3,1.0,0.05,12,1602586768,M1+pausa,689752ec2d69,1.0,0.699,0.9164,0.6555,0.0836,0.2776,0.0769,,1.0,299,0,244
W-conflict,300,0.3,1.0,0.05,13,1184807377,M0,689752ec2d69,1.0,0.699,0.9565,0.6555,0.0435,0.2241,0.1108,,1.0,299,0,236
W-conflict,300,0.3,1.0,0.05,13,1184807377,M1,689752ec2d69,1.0,0.699,0.9565,0.6555,0.0435,0.2241,0.0448,,1.0,299,0,236
W-conflict,300,0.3,1.0,0.05,13,1184807377,M2,689752ec2d69,1.0,0.699,1.0,0.699,0.0,0.1873,0.0096,,1.0,299,0,236
W-conflict,300,0.3,1.0,0.05,13,1184807377,M1+pausa,689752ec2d69,1.0,0.699,0.9565,0.6555,0.0435,0.2241,0.0448,,1.0,299,0,236
W-conflict,300,0.3,1.0,0.05,14,165621526,M0,689752ec2d69,1.0,0.699,0.9365,0.6221,0.0635,0.2843,0.0875,,1.0,299,0,237
W-conflict,300,0.3,1.0,0.05,14,165621526,M1,689752ec2d69,1.0,0.699,0.9365,0.6221,0.0635,0.2843,0.0608,,1.0,299,0,237
W-conflict,300,0.3,1.0,0.05,14,165621526,M2,689752ec2d69,1.0,0.699,1.0,0.6823,0.0,0.2207,0.0094,,1.0,299,0,237
W-conflict,300,0.3,1.0,0.05,14,165621526,M1+pausa,689752ec2d69,1.0,0.699,0.9365,0.6221,0.0635,0.2843,0.0608,,1.0,299,0,237
W-conflict,300,0.3,1.0,0.05,15,281288279,M0,689752ec2d69,1.0,0.699,0.9431,0.6488,0.0569,0.2776,0.0569,,1.0,299,0,246
W-conflict,300,0.3,1.0,0.05,15,281288279,M1,689752ec2d69,1.0,0.699,0.9431,0.6488,0.0569,0.2776,0.0555,,1.0,299,0,246
W-conflict,300,0.3,1.0,0.05,15,281288279,M2,689752ec2d69,1.0,0.699,1.0,0.7023,0.0,0.2207,0.0095,,1.0,299,0,246
W-conflict,300,0.3,1.0,0.05,15,281288279,M1+pausa,689752ec2d69,1.0,0.699,0.9431,0.6488,0.0569,0.2776,0.0555,,1.0,299,0,246
W-conflict,300,0.3,1.0,0.05,16,1005145492,M0,689752ec2d69,1.0,0.699,0.9164,0.6355,0.0836,0.2809,0.1039,,1.0,299,0,251
W-conflict,300,0.3,1.0,0.05,16,1005145492,M1,689752ec2d69,1.0,0.699,0.9164,0.6355,0.0836,0.2809,0.0769,,1.0,299,0,251
W-conflict,300,0.3,1.0,0.05,16,1005145492,M2,689752ec2d69,1.0,0.699,1.0,0.709,0.0,0.1973,0.0092,,1.0,299,0,251
W-conflict,300,0.3,1.0,0.05,16,1005145492,M1+pausa,689752ec2d69,1.0,0.699,0.9164,0.6355,0.0836,0.2809,0.0769,,1.0,299,0,251
W-conflict,300,0.3,1.0,0.05,17,586317013,M0,689752ec2d69,1.0,0.699,0.9498,0.6522,0.0502,0.214,0.0809,,1.0,299,0,251
W-conflict,300,0.3,1.0,0.05,17,586317013,M1,689752ec2d69,1.0,0.699,0.9498,0.6522,0.0502,0.214,0.0501,,1.0,299,0,251
W-conflict,300,0.3,1.0,0.05,17,586317013,M2,689752ec2d69,1.0,0.699,1.0,0.699,0.0,0.1773,0.0095,,1.0,299,0,251
W-conflict,300,0.3,1.0,0.05,17,586317013,M1+pausa,689752ec2d69,1.0,0.699,0.9498,0.6522,0.0502,0.214,0.0501,,1.0,299,0,251
W-conflict,300,0.3,1.0,0.05,18,627728410,M0,689752ec2d69,1.0,0.699,0.903,0.6455,0.097,0.2809,0.0821,,1.0,299,0,236
W-conflict,300,0.3,1.0,0.05,18,627728410,M1,689752ec2d69,1.0,0.699,0.903,0.6455,0.097,0.2809,0.0876,,1.0,299,0,236
W-conflict,300,0.3,1.0,0.05,18,627728410,M2,689752ec2d69,1.0,0.699,1.0,0.7291,0.0,0.1839,0.0091,,1.0,299,0,236
W-conflict,300,0.3,1.0,0.05,18,627728410,M1+pausa,689752ec2d69,1.0,0.699,0.903,0.6455,0.097,0.2809,0.0876,,1.0,299,0,236
W-conflict,300,0.3,1.0,0.05,19,1014059355,M0,689752ec2d69,1.0,0.699,0.9431,0.6756,0.0569,0.2475,0.1104,,1.0,299,0,239
W-conflict,300,0.3,1.0,0.05,19,1014059355,M1,689752ec2d69,1.0,0.699,0.9431,0.6756,0.0569,0.2475,0.0555,,1.0,299,0,239
W-conflict,300,0.3,1.0,0.05,19,1014059355,M2,689752ec2d69,1.0,0.699,1.0,0.7291,0.0,0.194,0.0095,,1.0,299,0,239
W-conflict,300,0.3,1.0,0.05,19,1014059355,M1+pausa,689752ec2d69,1.0,0.699,0.9431,0.6756,0.0569,0.2475,0.0555,,1.0,299,0,239
W-conflict,300,0.3,1.0,0.25,0,884701701,M0,689752ec2d69,1.0,0.699,0.9532,0.4515,0.0468,0.1906,0.0443,,1.0,299,0,252
W-conflict,300,0.3,1.0,0.25,0,884701701,M1,689752ec2d69,1.0,0.699,0.9532,0.4515,0.0468,0.1906,0.0475,,1.0,299,0,252
W-conflict,300,0.3,1.0,0.25,0,884701701,M2,689752ec2d69,1.0,0.699,1.0,0.4816,0.0,0.1438,0.0096,,1.0,299,0,252
W-conflict,300,0.3,1.0,0.25,0,884701701,M1+pausa,689752ec2d69,1.0,0.699,0.9532,0.4515,0.0468,0.1906,0.0475,,1.0,299,0,252
W-conflict,300,0.3,1.0,0.25,1,765479748,M0,689752ec2d69,1.0,0.699,0.9565,0.4682,0.0435,0.204,0.0781,,1.0,299,0,233
W-conflict,300,0.3,1.0,0.25,1,765479748,M1,689752ec2d69,1.0,0.699,0.9565,0.4682,0.0435,0.204,0.0448,,1.0,299,0,233
W-conflict,300,0.3,1.0,0.25,1,765479748,M2,689752ec2d69,1.0,0.699,1.0,0.4849,0.0,0.1605,0.0096,,1.0,299,0,233
W-conflict,300,0.3,1.0,0.25,1,765479748,M1+pausa,689752ec2d69,1.0,0.699,0.9565,0.4682,0.0435,0.204,0.0448,,1.0,299,0,233
W-conflict,300,0.3,1.0,0.25,2,109910151,M0,689752ec2d69,1.0,0.699,0.9498,0.4749,0.0502,0.1773,0.0918,,1.0,299,0,249
W-conflict,300,0.3,1.0,0.25,2,109910151,M1,689752ec2d69,1.0,0.699,0.9498,0.4749,0.0502,0.1773,0.0501,,1.0,299,0,249
W-conflict,300,0.3,1.0,0.25,2,109910151,M2,689752ec2d69,1.0,0.699,1.0,0.5084,0.0,0.1271,0.0095,,1.0,299,0,249
W-conflict,300,0.3,1.0,0.25,2,109910151,M1+pausa,689752ec2d69,1.0,0.699,0.9498,0.4749,0.0502,0.1773,0.0501,,1.0,299,0,249
W-conflict,300,0.3,1.0,0.25,3,529934790,M0,689752ec2d69,1.0,0.699,0.9431,0.4047,0.0569,0.2107,0.0633,,1.0,299,0,260
W-conflict,300,0.3,1.0,0.25,3,529934790,M1,689752ec2d69,1.0,0.699,0.9431,0.4047,0.0569,0.2107,0.0555,,1.0,299,0,260
W-conflict,300,0.3,1.0,0.25,3,529934790,M2,689752ec2d69,1.0,0.699,1.0,0.4381,0.0,0.1538,0.0095,,1.0,299,0,260
W-conflict,300,0.3,1.0,0.25,3,529934790,M1+pausa,689752ec2d69,1.0,0.699,0.9431,0.4047,0.0569,0.2107,0.0555,,1.0,299,0,260
W-conflict,300,0.3,1.0,0.25,4,1356316417,M0,689752ec2d69,1.0,0.699,0.9565,0.4348,0.0435,0.1973,0.0654,,1.0,299,0,250
W-conflict,300,0.3,1.0,0.25,4,1356316417,M1,689752ec2d69,1.0,0.699,0.9565,0.4348,0.0435,0.1973,0.0448,,1.0,299,0,250
W-conflict,300,0.3,1.0,0.25,4,1356316417,M2,689752ec2d69,1.0,0.699,1.0,0.4548,0.0,0.1538,0.0096,,1.0,299,0,250
W-conflict,300,0.3,1.0,0.25,4,1356316417,M1+pausa,689752ec2d69,1.0,0.699,0.9565,0.4348,0.0435,0.1973,0.0448,,1.0,299,0,250
W-conflict,300,0.3,1.0,0.25,5,1238142528,M0,689752ec2d69,1.0,0.699,0.9498,0.4615,0.0502,0.1773,0.0658,,1.0,299,0,244
W-conflict,300,0.3,1.0,0.25,5,1238142528,M1,689752ec2d69,1.0,0.699,0.9498,0.4615,0.0502,0.1773,0.0501,,1.0,299,0,244
W-conflict,300,0.3,1.0,0.25,5,1238142528,M2,689752ec2d69,1.0,0.699,1.0,0.4783,0.0,0.1271,0.0095,,1.0,299,0,244
W-conflict,300,0.3,1.0,0.25,5,1238142528,M1+pausa,689752ec2d69,1.0,0.699,0.9498,0.4615,0.0502,0.1773,0.0501,,1.0,299,0,244
W-conflict,300,0.3,1.0,0.25,6,1658969475,M0,689752ec2d69,1.0,0.699,0.9565,0.4348,0.0435,0.2007,0.0605,,1.0,299,0,236
W-conflict,300,0.3,1.0,0.25,6,1658969475,M1,689752ec2d69,1.0,0.699,0.9565,0.4348,0.0435,0.2007,0.0448,,1.0,299,0,236
W-conflict,300,0.3,1.0,0.25,6,1658969475,M2,689752ec2d69,1.0,0.699,1.0,0.4649,0.0,0.1572,0.0096,,1.0,299,0,236
W-conflict,300,0.3,1.0,0.25,6,1658969475,M1+pausa,689752ec2d69,1.0,0.699,0.9565,0.4348,0.0435,0.2007,0.0448,,1.0,299,0,236
W-conflict,300,0.3,1.0,0.25,7,2080042178,M0,689752ec2d69,1.0,0.699,0.9599,0.4415,0.0401,0.1672,0.0415,,1.0,299,0,240
W-conflict,300,0.3,1.0,0.25,7,2080042178,M1,689752ec2d69,1.0,0.699,0.9599,0.4415,0.0401,0.1672,0.0421,,1.0,299,0,240
W-conflict,300,0.3,1.0,0.25,7,2080042178,M2,689752ec2d69,1.0,0.699,1.0,0.4615,0.0,0.1304,0.0096,,1.0,299,0,240
W-conflict,300,0.3,1.0,0.25,7,2080042178,M1+pausa,689752ec2d69,1.0,0.699,0.9599,0.4415,0.0401,0.1672,0.0421,,1.0,299,0,240
W-conflict,300,0.3,1.0,0.25,8,2086858765,M0,689752ec2d69,1.0,0.699,0.9666,0.4582,0.0334,0.1371,0.0321,,1.0,299,0,253
W-conflict,300,0.3,1.0,0.25,8,2086858765,M1,689752ec2d69,1.0,0.699,0.9666,0.4582,0.0334,0.1371,0.0368,,1.0,299,0,253
W-conflict,300,0.3,1.0,0.25,8,2086858765,M2,689752ec2d69,1.0,0.699,1.0,0.4783,0.0,0.1037,0.0097,,1.0,299,0,253
W-conflict,300,0.3,1.0,0.25,8,2086858765,M1+pausa,689752ec2d69,1.0,0.699,0.9666,0.4582,0.0334,0.1371,0.0368,,1.0,299,0,253
W-conflict,300,0.3,1.0,0.25,9,1702478156,M0,689752ec2d69,1.0,0.699,0.9632,0.4783,0.0368,0.1806,0.0428,,1.0,299,0,239
W-conflict,300,0.3,1.0,0.25,9,1702478156,M1,689752ec2d69,1.0,0.699,0.9632,0.4783,0.0368,0.1806,0.0394,,1.0,299,0,239
W-conflict,300,0.3,1.0,0.25,9,1702478156,M2,689752ec2d69,1.0,0.699,1.0,0.4983,0.0,0.1438,0.0096,,1.0,299,0,239
W-conflict,300,0.3,1.0,0.25,9,1702478156,M1+pausa,689752ec2d69,1.0,0.699,0.9632,0.4783,0.0368,0.1806,0.0394,,1.0,299,0,239
W-conflict,300,0.3,1.0,0.25,10,2049768251,M0,689752ec2d69,1.0,0.699,0.9264,0.4448,0.0736,0.1839,0.0591,,1.0,299,0,244
W-conflict,300,0.3,1.0,0.25,10,2049768251,M1,689752ec2d69,1.0,0.699,0.9264,0.4448,0.0736,0.1839,0.0689,,1.0,299,0,244
W-conflict,300,0.3,1.0,0.25,10,2049768251,M2,689752ec2d69,1.0,0.699,1.0,0.4916,0.0,0.1104,0.0093,,1.0,299,0,244
W-conflict,300,0.3,1.0,0.25,10,2049768251,M1+pausa,689752ec2d69,1.0,0.699,0.9264,0.4448,0.0736,0.1839,0.0689,,1.0,299,0,244
W-conflict,300,0.3,1.0,0.25,11,1664600698,M0,689752ec2d69,1.0,0.699,0.9498,0.4013,0.0502,0.1773,0.0542,,1.0,299,0,251
W-conflict,300,0.3,1.0,0.25,11,1664600698,M1,689752ec2d69,1.0,0.699,0.9498,0.4013,0.0502,0.1773,0.0501,,1.0,299,0,251
W-conflict,300,0.3,1.0,0.25,11,1664600698,M2,689752ec2d69,1.0,0.699,1.0,0.4314,0.0,0.1271,0.0095,,1.0,299,0,251
W-conflict,300,0.3,1.0,0.25,11,1664600698,M1+pausa,689752ec2d69,1.0,0.699,0.9498,0.4013,0.0502,0.1773,0.0501,,1.0,299,0,251
W-conflict,300,0.3,1.0,0.25,12,1209702841,M0,689752ec2d69,1.0,0.699,0.9498,0.4682,0.0502,0.1739,0.0612,,1.0,299,0,244
W-conflict,300,0.3,1.0,0.25,12,1209702841,M1,689752ec2d69,1.0,0.699,0.9498,0.4682,0.0502,0.1739,0.0501,,1.0,299,0,244
W-conflict,300,0.3,1.0,0.25,12,1209702841,M2,689752ec2d69,1.0,0.699,1.0,0.4983,0.0,0.1237,0.0095,,1.0,299,0,244
W-conflict,300,0.3,1.0,0.25,12,1209702841,M1+pausa,689752ec2d69,1.0,0.699,0.9498,0.4682,0.0502,0.1739,0.0501,,1.0,299,0,244
W-conflict,300,0.3,1.0,0.25,13,1359063288,M0,689752ec2d69,1.0,0.699,0.9498,0.4783,0.0502,0.1906,0.0515,,1.0,299,0,237
W-conflict,300,0.3,1.0,0.25,13,1359063288,M1,689752ec2d69,1.0,0.699,0.9498,0.4783,0.0502,0.1906,0.0501,,1.0,299,0,237
W-conflict,300,0.3,1.0,0.25,13,1359063288,M2,689752ec2d69,1.0,0.699,1.0,0.495,0.0,0.1505,0.0095,,1.0,299,0,237
W-conflict,300,0.3,1.0,0.25,13,1359063288,M1+pausa,689752ec2d69,1.0,0.699,0.9498,0.4783,0.0502,0.1906,0.0501,,1.0,299,0,237
W-conflict,300,0.3,1.0,0.25,14,507526719,M0,689752ec2d69,1.0,0.699,0.9632,0.4482,0.0368,0.2107,0.0972,,1.0,299,0,227
W-conflict,300,0.3,1.0,0.25,14,507526719,M1,689752ec2d69,1.0,0.699,0.9632,0.4482,0.0368,0.2107,0.0394,,1.0,299,0,227
W-conflict,300,0.3,1.0,0.25,14,507526719,M2,689752ec2d69,1.0,0.699,1.0,0.4716,0.0,0.1739,0.0096,,1.0,299,0,227
W-conflict,300,0.3,1.0,0.25,14,507526719,M1+pausa,689752ec2d69,1.0,0.699,0.9632,0.4482,0.0368,0.2107,0.0394,,1.0,299,0,227
W-conflict,300,0.3,1.0,0.25,15,123408254,M0,689752ec2d69,1.0,0.699,0.9599,0.5117,0.0401,0.1739,0.0485,,1.0,299,0,245
W-conflict,300,0.3,1.0,0.25,15,123408254,M1,689752ec2d69,1.0,0.699,0.9599,0.5117,0.0401,0.1739,0.0421,,1.0,299,0,245
W-conflict,300,0.3,1.0,0.25,15,123408254,M2,689752ec2d69,1.0,0.699,1.0,0.5351,0.0,0.1338,0.0096,,1.0,299,0,245
W-conflict,300,0.3,1.0,0.25,15,123408254,M1+pausa,689752ec2d69,1.0,0.699,0.9599,0.5117,0.0401,0.1739,0.0421,,1.0,299,0,245
W-conflict,300,0.3,1.0,0.25,16,745954493,M0,689752ec2d69,1.0,0.699,0.9398,0.4783,0.0602,0.1873,0.0577,,1.0,299,0,258
W-conflict,300,0.3,1.0,0.25,16,745954493,M1,689752ec2d69,1.0,0.699,0.9398,0.4783,0.0602,0.1873,0.0582,,1.0,299,0,258
W-conflict,300,0.3,1.0,0.25,16,745954493,M2,689752ec2d69,1.0,0.699,1.0,0.5117,0.0,0.1304,0.0094,,1.0,299,0,258
W-conflict,300,0.3,1.0,0.25,16,745954493,M1+pausa,689752ec2d69,1.0,0.699,0.9398,0.4783,0.0602,0.1873,0.0582,,1.0,299,0,258
W-conflict,300,0.3,1.0,0.25,17,896364028,M0,689752ec2d69,1.0,0.699,0.9632,0.408,0.0368,0.1739,0.0527,,1.0,299,0,265
W-conflict,300,0.3,1.0,0.25,17,896364028,M1,689752ec2d69,1.0,0.699,0.9632,0.408,0.0368,0.1739,0.0394,,1.0,299,0,265
W-conflict,300,0.3,1.0,0.25,17,896364028,M2,689752ec2d69,1.0,0.699,1.0,0.4281,0.0,0.1371,0.0096,,1.0,299,0,265
W-conflict,300,0.3,1.0,0.25,17,896364028,M1+pausa,689752ec2d69,1.0,0.699,0.9632,0.408,0.0368,0.1739,0.0394,,1.0,299,0,265
W-conflict,300,0.3,1.0,0.25,18,854946099,M0,689752ec2d69,1.0,0.699,0.9666,0.495,0.0334,0.1806,0.0644,,1.0,299,0,224
W-conflict,300,0.3,1.0,0.25,18,854946099,M1,689752ec2d69,1.0,0.699,0.9666,0.495,0.0334,0.1806,0.0368,,1.0,299,0,224
W-conflict,300,0.3,1.0,0.25,18,854946099,M2,689752ec2d69,1.0,0.699,1.0,0.5084,0.0,0.1472,0.0097,,1.0,299,0,224
W-conflict,300,0.3,1.0,0.25,18,854946099,M1+pausa,689752ec2d69,1.0,0.699,0.9666,0.495,0.0334,0.1806,0.0368,,1.0,299,0,224
W-conflict,300,0.3,1.0,0.25,19,737034354,M0,689752ec2d69,1.0,0.699,0.9498,0.4883,0.0502,0.194,0.0606,,1.0,299,0,236
W-conflict,300,0.3,1.0,0.25,19,737034354,M1,689752ec2d69,1.0,0.699,0.9498,0.4883,0.0502,0.194,0.0501,,1.0,299,0,236
W-conflict,300,0.3,1.0,0.25,19,737034354,M2,689752ec2d69,1.0,0.699,1.0,0.5217,0.0,0.1438,0.0095,,1.0,299,0,236
W-conflict,300,0.3,1.0,0.25,19,737034354,M1+pausa,689752ec2d69,1.0,0.699,0.9498,0.4883,0.0502,0.194,0.0501,,1.0,299,0,236
W-conflict,300,0.3,0.7,0.05,0,232658696,M0,689752ec2d69,1.0,0.699,0.8926,0.604,0.1074,0.3087,0.1364,,1.0,149,0,122
W-conflict,300,0.3,0.7,0.05,0,232658696,M1,689752ec2d69,1.0,0.699,0.8926,0.604,0.1074,0.3087,0.0959,,1.0,149,0,122
W-conflict,300,0.3,0.7,0.05,0,232658696,M2,689752ec2d69,1.0,0.699,1.0,0.6913,0.0,0.2013,0.009,,1.0,149,0,122
W-conflict,300,0.3,0.7,0.05,0,232658696,M1+pausa,689752ec2d69,1.0,0.699,0.8926,0.604,0.1074,0.3087,0.0959,,1.0,149,0,122
W-conflict,300,0.3,0.7,0.05,1,348464713,M0,689752ec2d69,1.0,0.699,0.963,0.7037,0.037,0.2593,0.121,,1.0,135,0,112
W-conflict,300,0.3,0.7,0.05,1,348464713,M1,689752ec2d69,1.0,0.699,0.963,0.7037,0.037,0.2593,0.0396,,1.0,135,0,112
W-conflict,300,0.3,0.7,0.05,1,348464713,M2,689752ec2d69,1.0,0.699,1.0,0.7333,0.0,0.2222,0.0096,,1.0,135,0,112
W-conflict,300,0.3,0.7,0.05,1,348464713,M1+pausa,689752ec2d69,1.0,0.699,0.963,0.7037,0.037,0.2593,0.0396,,1.0,135,0,112
W-conflict,300,0.3,0.7,0.05,2,1072199050,M0,689752ec2d69,1.0,0.699,0.958,0.6993,0.042,0.2238,0.0709,,1.0,143,0,124
W-conflict,300,0.3,0.7,0.05,2,1072199050,M1,689752ec2d69,1.0,0.699,0.958,0.6993,0.042,0.2238,0.0436,,1.0,143,0,124
W-conflict,300,0.3,0.7,0.05,2,1072199050,M2,689752ec2d69,1.0,0.699,1.0,0.7413,0.0,0.1818,0.0096,,1.0,143,0,124
W-conflict,300,0.3,0.7,0.05,2,1072199050,M1+pausa,689752ec2d69,1.0,0.699,0.958,0.6993,0.042,0.2238,0.0436,,1.0,143,0,124
W-conflict,300,0.3,0.7,0.05,3,653477067,M0,689752ec2d69,1.0,0.699,0.964,0.6763,0.036,0.2518,0.0844,,1.0,139,0,120
W-conflict,300,0.3,0.7,0.05,3,653477067,M1,689752ec2d69,1.0,0.699,0.964,0.6763,0.036,0.2518,0.0388,,1.0,139,0,120
W-conflict,300,0.3,0.7,0.05,3,653477067,M2,689752ec2d69,1.0,0.699,1.0,0.7122,0.0,0.223,0.0097,,1.0,139,0,120
W-conflict,300,0.3,0.7,0.05,3,653477067,M1+pausa,689752ec2d69,1.0,0.699,0.964,0.6763,0.036,0.2518,0.0388,,1.0,139,0,120
W-conflict,300,0.3,0.7,0.05,4,1773326860,M0,689752ec2d69,1.0,0.699,0.9467,0.68,0.0533,0.2067,0.0771,,1.0,150,0,124
W-conflict,300,0.3,0.7,0.05,4,1773326860,M1,689752ec2d69,1.0,0.699,0.9467,0.68,0.0533,0.2067,0.0527,,1.0,150,0,124
W-conflict,300,0.3,0.7,0.05,4,1773326860,M2,689752ec2d69,1.0,0.699,1.0,0.7333,0.0,0.16,0.0095,,1.0,150,0,124
W-conflict,300,0.3,0.7,0.05,4,1773326860,M1+pausa,689752ec2d69,1.0,0.699,0.9467,0.68,0.0533,0.2067,0.0527,,1.0,150,0,124
W-conflict,300,0.3,0.7,0.05,5,1890181965,M0,689752ec2d69,1.0,0.699,0.9548,0.6258,0.0452,0.2,0.1061,,1.0,155,0,131
W-conflict,300,0.3,0.7,0.05,5,1890181965,M1,689752ec2d69,1.0,0.699,0.9548,0.6258,0.0452,0.2,0.0461,,1.0,155,0,131
W-conflict,300,0.3,0.7,0.05,5,1890181965,M2,689752ec2d69,1.0,0.699,1.0,0.671,0.0,0.1677,0.0096,,1.0,155,0,131
W-conflict,300,0.3,0.7,0.05,5,1890181965,M1+pausa,689752ec2d69,1.0,0.699,0.9548,0.6258,0.0452,0.2,0.0461,,1.0,155,0,131
W-conflict,300,0.3,0.7,0.05,6,1535422606,M0,689752ec2d69,1.0,0.699,0.9161,0.6294,0.0839,0.2727,0.0955,,1.0,143,0,109
W-conflict,300,0.3,0.7,0.05,6,1535422606,M1,689752ec2d69,1.0,0.699,0.9161,0.6294,0.0839,0.2727,0.0771,,1.0,143,0,109
W-conflict,300,0.3,0.7,0.05,6,1535422606,M2,689752ec2d69,1.0,0.699,1.0,0.7133,0.0,0.1888,0.0092,,1.0,143,0,109
W-conflict,300,0.3,0.7,0.05,6,1535422606,M1+pausa,689752ec2d69,1.0,0.699,0.9161,0.6294,0.0839,0.2727,0.0771,,1.0,143,0,109
W-conflict,300,0.3,0.7,0.05,7,1117749711,M0,689752ec2d69,1.0,0.699,0.9236,0.6433,0.0764,0.2675,0.1087,,1.0,157,0,128
W-conflict,300,0.3,0.7,0.05,7,1117749711,M1,689752ec2d69,1.0,0.699,0.9236,0.6433,0.0764,0.2675,0.0711,,1.0,157,0,128
W-conflict,300,0.3,0.7,0.05,7,1117749711,M2,689752ec2d69,1.0,0.699,1.0,0.707,0.0,0.1911,0.0093,,1.0,157,0,128
W-conflict,300,0.3,0.7,0.05,7,1117749711,M1+pausa,689752ec2d69,1.0,0.699,0.9236,0.6433,0.0764,0.2675,0.0711,,1.0,157,0,128
W-conflict,300,0.3,0.7,0.05,8,1158126848,M0,689752ec2d69,1.0,0.699,0.9026,0.5779,0.0974,0.2727,0.0987,,1.0,154,0,135
W-conflict,300,0.3,0.7,0.05,8,1158126848,M1,689752ec2d69,1.0,0.699,0.9026,0.5779,0.0974,0.2727,0.0879,,1.0,154,0,135
W-conflict,300,0.3,0.7,0.05,8,1158126848,M2,689752ec2d69,1.0,0.699,1.0,0.6623,0.0,0.1948,0.0091,,1.0,154,0,135
W-conflict,300,0.3,0.7,0.05,8,1158126848,M1+pausa,689752ec2d69,1.0,0.699,0.9026,0.5779,0.0974,0.2727,0.0879,,1.0,154,0,135
W-conflict,300,0.3,0.7,0.05,9,1545382977,M0,689752ec2d69,1.0,0.699,0.9328,0.6791,0.0672,0.2537,0.1028,,1.0,134,0,99
W-conflict,300,0.3,0.7,0.05,9,1545382977,M1,689752ec2d69,1.0,0.699,0.9328,0.6791,0.0672,0.2537,0.0637,,1.0,134,0,99
W-conflict,300,0.3,0.7,0.05,9,1545382977,M2,689752ec2d69,1.0,0.699,1.0,0.7463,0.0,0.1866,0.0094,,1.0,134,0,99
W-conflict,300,0.3,0.7,0.05,9,1545382977,M1+pausa,689752ec2d69,1.0,0.699,0.9328,0.6791,0.0672,0.2537,0.0637,,1.0,134,0,99
W-conflict,300,0.3,0.7,0.05,10,69526251,M0,689752ec2d69,1.0,0.699,0.9205,0.6623,0.0795,0.2914,0.1003,,1.0,151,0,126
W-conflict,300,0.3,0.7,0.05,10,69526251,M1,689752ec2d69,1.0,0.699,0.9205,0.6623,0.0795,0.2914,0.0736,,1.0,151,0,126
W-conflict,300,0.3,0.7,0.05,10,69526251,M2,689752ec2d69,1.0,0.699,1.0,0.7351,0.0,0.2119,0.0092,,1.0,151,0,126
W-conflict,300,0.3,0.7,0.05,10,69526251,M1+pausa,689752ec2d69,1.0,0.699,0.9205,0.6623,0.0795,0.2914,0.0736,,1.0,151,0,126
W-conflict,300,0.3,0.7,0.05,11,490722218,M0,689752ec2d69,1.0,0.699,0.8797,0.6013,0.1203,0.3038,0.0965,,1.0,158,0,130
W-conflict,300,0.3,0.7,0.05,11,490722218,M1,689752ec2d69,1.0,0.699,0.8797,0.6013,0.1203,0.3038,0.1062,,1.0,158,0,130
W-conflict,300,0.3,0.7,0.05,11,490722218,M2,689752ec2d69,1.0,0.699,1.0,0.7089,0.0,0.1835,0.0088,,1.0,158,0,130
W-conflict,300,0.3,0.7,0.05,11,490722218,M1+pausa,689752ec2d69,1.0,0.699,0.8797,0.6013,0.1203,0.3038,0.1062,,1.0,158,0,130
W-conflict,300,0.3,0.7,0.05,12,907182185,M0,689752ec2d69,1.0,0.699,0.9355,0.6516,0.0645,0.2839,0.0602,,1.0,155,0,123
W-conflict,300,0.3,0.7,0.05,12,907182185,M1,689752ec2d69,1.0,0.699,0.9355,0.6516,0.0645,0.2839,0.0616,,1.0,155,0,123
W-conflict,300,0.3,0.7,0.05,12,907182185,M2,689752ec2d69,1.0,0.699,1.0,0.7161,0.0,0.2194,0.0094,,1.0,155,0,123
W-conflict,300,0.3,0.7,0.05,12,907182185,M1+pausa,689752ec2d69,1.0,0.699,0.9355,0.6516,0.0645,0.2839,0.0616,,1.0,155,0,123
W-conflict,300,0.3,0.7,0.05,13,789164328,M0,689752ec2d69,1.0,0.699,0.9457,0.7209,0.0543,0.1318,0.0481,,1.0,129,0,114
W-conflict,300,0.3,0.7,0.05,13,789164328,M1,689752ec2d69,1.0,0.699,0.9457,0.7209,0.0543,0.1318,0.0534,,1.0,129,0,114
W-conflict,300,0.3,0.7,0.05,13,789164328,M2,689752ec2d69,1.0,0.699,1.0,0.7519,0.0,0.1008,0.0095,,1.0,129,0,114
W-conflict,300,0.3,0.7,0.05,13,789164328,M1+pausa,689752ec2d69,1.0,0.699,0.9457,0.7209,0.0543,0.1318,0.0534,,1.0,129,0,114
W-conflict,300,0.3,0.7,0.05,14,1615341551,M0,689752ec2d69,1.0,0.699,0.938,0.6434,0.062,0.2403,0.1655,,1.0,129,0,108
W-conflict,300,0.3,0.7,0.05,14,1615341551,M1,689752ec2d69,1.0,0.699,0.938,0.6434,0.062,0.2403,0.0596,,1.0,129,0,108
W-conflict,300,0.3,0.7,0.05,14,1615341551,M2,689752ec2d69,1.0,0.699,1.0,0.6822,0.0,0.1783,0.0094,,1.0,129,0,108
W-conflict,300,0.3,0.7,0.05,14,1615341551,M1+pausa,689752ec2d69,1.0,0.699,0.938,0.6434,0.062,0.2403,0.0596,,1.0,129,0,108
W-conflict,300,0.3,0.7,0.05,15,2035488430,M0,689752ec2d69,1.0,0.699,0.9209,0.6906,0.0791,0.2446,0.1419,,1.0,139,0,126
W-conflict,300,0.3,0.7,0.05,15,2035488430,M1,689752ec2d69,1.0,0.699,0.9209,0.6906,0.0791,0.2446,0.0733,,1.0,139,0,126
W-conflict,300,0.3,0.7,0.05,15,2035488430,M2,689752ec2d69,1.0,0.699,1.0,0.7698,0.0,0.1727,0.0092,,1.0,139,0,126
W-conflict,300,0.3,0.7,0.05,15,2035488430,M1+pausa,689752ec2d69,1.0,0.699,0.9209,0.6906,0.0791,0.2446,0.0733,,1.0,139,0,126
W-conflict,300,0.3,0.7,0.05,16,1384007021,M0,689752ec2d69,1.0,0.699,0.9333,0.625,0.0667,0.2833,0.1083,,1.0,120,0,101
W-conflict,300,0.3,0.7,0.05,16,1384007021,M1,689752ec2d69,1.0,0.699,0.9333,0.625,0.0667,0.2833,0.0633,,1.0,120,0,101
W-conflict,300,0.3,0.7,0.05,16,1384007021,M2,689752ec2d69,1.0,0.699,1.0,0.6667,0.0,0.2167,0.0094,,1.0,120,0,101
W-conflict,300,0.3,0.7,0.05,16,1384007021,M1+pausa,689752ec2d69,1.0,0.699,0.9333,0.625,0.0667,0.2833,0.0633,,1.0,120,0,101
W-conflict,300,0.3,0.7,0.05,17,1264940076,M0,689752ec2d69,1.0,0.699,0.9211,0.5921,0.0789,0.2697,0.1043,,1.0,152,0,129
W-conflict,300,0.3,0.7,0.05,17,1264940076,M1,689752ec2d69,1.0,0.699,0.9211,0.5921,0.0789,0.2697,0.0732,,1.0,152,0,129
W-conflict,300,0.3,0.7,0.05,17,1264940076,M2,689752ec2d69,1.0,0.699,1.0,0.6645,0.0,0.2105,0.0092,,1.0,152,0,129
W-conflict,300,0.3,0.7,0.05,17,1264940076,M1+pausa,689752ec2d69,1.0,0.699,0.9211,0.5921,0.0789,0.2697,0.0732,,1.0,152,0,129
W-conflict,300,0.3,0.7,0.05,18,1291675875,M0,689752ec2d69,1.0,0.699,0.942,0.6594,0.058,0.2826,0.0698,,1.0,138,0,119
W-conflict,300,0.3,0.7,0.05,18,1291675875,M1,689752ec2d69,1.0,0.699,0.942,0.6594,0.058,0.2826,0.0564,,1.0,138,0,119
W-conflict,300,0.3,0.7,0.05,18,1291675875,M2,689752ec2d69,1.0,0.699,1.0,0.7101,0.0,0.2246,0.0094,,1.0,138,0,119
W-conflict,300,0.3,0.7,0.05,18,1291675875,M1+pausa,689752ec2d69,1.0,0.699,0.942,0.6594,0.058,0.2826,0.0564,,1.0,138,0,119
W-conflict,300,0.3,0.7,0.05,19,1441159586,M0,689752ec2d69,1.0,0.699,0.9517,0.6966,0.0483,0.1931,0.0576,,1.0,145,0,125
W-conflict,300,0.3,0.7,0.05,19,1441159586,M1,689752ec2d69,1.0,0.699,0.9517,0.6966,0.0483,0.1931,0.0486,,1.0,145,0,125
W-conflict,300,0.3,0.7,0.05,19,1441159586,M2,689752ec2d69,1.0,0.699,1.0,0.7379,0.0,0.1586,0.0095,,1.0,145,0,125
W-conflict,300,0.3,0.7,0.05,19,1441159586,M1+pausa,689752ec2d69,1.0,0.699,0.9517,0.6966,0.0483,0.1931,0.0486,,1.0,145,0,125
W-conflict,300,0.3,0.7,0.25,0,1075230211,M0,689752ec2d69,1.0,0.699,0.9177,0.4304,0.0823,0.2152,0.115,,1.0,158,0,148
W-conflict,300,0.3,0.7,0.25,0,1075230211,M1,689752ec2d69,1.0,0.699,0.9177,0.4304,0.0823,0.2152,0.0758,,1.0,158,0,148
W-conflict,300,0.3,0.7,0.25,0,1075230211,M2,689752ec2d69,1.0,0.699,1.0,0.4747,0.0,0.1329,0.0092,,1.0,158,0,148
W-conflict,300,0.3,0.7,0.25,0,1075230211,M1+pausa,689752ec2d69,1.0,0.699,0.9177,0.4304,0.0823,0.2152,0.0758,,1.0,158,0,148
W-conflict,300,0.3,0.7,0.25,1,1494058818,M0,689752ec2d69,1.0,0.699,0.9536,0.4371,0.0464,0.1722,0.0824,,1.0,151,0,131
W-conflict,300,0.3,0.7,0.25,1,1494058818,M1,689752ec2d69,1.0,0.699,0.9536,0.4371,0.0464,0.1722,0.0471,,1.0,151,0,131
W-conflict,300,0.3,0.7,0.25,1,1494058818,M2,689752ec2d69,1.0,0.699,1.0,0.4768,0.0,0.1258,0.0096,,1.0,151,0,131
W-conflict,300,0.3,0.7,0.25,1,1494058818,M1+pausa,689752ec2d69,1.0,0.699,0.9536,0.4371,0.0464,0.1722,0.0471,,1.0,151,0,131
W-conflict,300,0.3,0.7,0.25,2,1914754177,M0,689752ec2d69,1.0,0.699,0.9634,0.4268,0.0366,0.1707,0.0584,,1.0,164,0,144
W-conflict,300,0.3,0.7,0.25,2,1914754177,M1,689752ec2d69,1.0,0.699,0.9634,0.4268,0.0366,0.1707,0.0393,,1.0,164,0,144
W-conflict,300,0.3,0.7,0.25,2,1914754177,M2,689752ec2d69,1.0,0.699,1.0,0.4512,0.0,0.1341,0.0096,,1.0,164,0,144
W-conflict,300,0.3,0.7,0.25,2,1914754177,M1+pausa,689752ec2d69,1.0,0.699,0.9634,0.4268,0.0366,0.1707,0.0393,,1.0,164,0,144
W-conflict,300,0.3,0.7,0.25,3,1799087552,M0,689752ec2d69,1.0,0.699,0.9615,0.4936,0.0385,0.109,0.0396,,1.0,156,0,131
W-conflict,300,0.3,0.7,0.25,3,1799087552,M1,689752ec2d69,1.0,0.699,0.9615,0.4936,0.0385,0.109,0.0408,,1.0,156,0,131
W-conflict,300,0.3,0.7,0.25,3,1799087552,M2,689752ec2d69,1.0,0.699,1.0,0.5192,0.0,0.0705,0.0096,,1.0,156,0,131
W-conflict,300,0.3,0.7,0.25,3,1799087552,M1+pausa,689752ec2d69,1.0,0.699,0.9615,0.4936,0.0385,0.109,0.0408,,1.0,156,0,131
W-conflict,300,0.3,0.7,0.25,4,612004615,M0,689752ec2d69,1.0,0.699,0.9318,0.4091,0.0682,0.2197,0.13,,1.0,132,0,108
W-conflict,300,0.3,0.7,0.25,4,612004615,M1,689752ec2d69,1.0,0.699,0.9318,0.4091,0.0682,0.2197,0.0645,,1.0,132,0,108
W-conflict,300,0.3,0.7,0.25,4,612004615,M2,689752ec2d69,1.0,0.699,1.0,0.447,0.0,0.1515,0.0093,,1.0,132,0,108
W-conflict,300,0.3,0.7,0.25,4,612004615,M1+pausa,689752ec2d69,1.0,0.699,0.9318,0.4091,0.0682,0.2197,0.0645,,1.0,132,0,108
W-conflict,300,0.3,0.7,0.25,5,1029784134,M0,689752ec2d69,1.0,0.699,0.9581,0.4491,0.0419,0.1856,0.0419,,1.0,167,0,142
W-conflict,300,0.3,0.7,0.25,5,1029784134,M1,689752ec2d69,1.0,0.699,0.9581,0.4491,0.0419,0.1856,0.0435,,1.0,167,0,142
W-conflict,300,0.3,0.7,0.25,5,1029784134,M2,689752ec2d69,1.0,0.699,1.0,0.4731,0.0,0.1437,0.0096,,1.0,167,0,142
W-conflict,300,0.3,0.7,0.25,5,1029784134,M1+pausa,689752ec2d69,1.0,0.699,0.9581,0.4491,0.0419,0.1856,0.0435,,1.0,167,0,142
W-conflict,300,0.3,0.7,0.25,6,374083973,M0,689752ec2d69,1.0,0.699,0.9583,0.4722,0.0417,0.1667,0.0489,,1.0,144,0,129
W-conflict,300,0.3,0.7,0.25,6,374083973,M1,689752ec2d69,1.0,0.699,0.9583,0.4722,0.0417,0.1667,0.0433,,1.0,144,0,129
W-conflict,300,0.3,0.7,0.25,6,374083973,M2,689752ec2d69,1.0,0.699,1.0,0.4931,0.0,0.1319,0.0096,,1.0,144,0,129
W-conflict,300,0.3,0.7,0.25,6,374083973,M1+pausa,689752ec2d69,1.0,0.699,0.9583,0.4722,0.0417,0.1667,0.0433,,1.0,144,0,129
W-conflict,300,0.3,0.7,0.25,7,257368260,M0,689752ec2d69,1.0,0.699,0.9385,0.5,0.0615,0.2077,0.0801,,1.0,130,0,124
W-conflict,300,0.3,0.7,0.25,7,257368260,M1,689752ec2d69,1.0,0.699,0.9385,0.5,0.0615,0.2077,0.0592,,1.0,130,0,124
W-conflict,300,0.3,0.7,0.25,7,257368260,M2,689752ec2d69,1.0,0.699,1.0,0.5231,0.0,0.1462,0.0094,,1.0,130,0,124
W-conflict,300,0.3,0.7,0.25,7,257368260,M1+pausa,689752ec2d69,1.0,0.699,0.9385,0.5,0.0615,0.2077,0.0592,,1.0,130,0,124
W-conflict,300,0.3,0.7,0.25,8,147799051,M0,689752ec2d69,1.0,0.699,0.9792,0.4444,0.0208,0.1111,0.0149,,1.0,144,0,123
W-conflict,300,0.3,0.7,0.25,8,147799051,M1,689752ec2d69,1.0,0.699,0.9792,0.4444,0.0208,0.1111,0.0267,,1.0,144,0,123
W-conflict,300,0.3,0.7,0.25,8,147799051,M2,689752ec2d69,1.0,0.699,1.0,0.4583,0.0,0.0903,0.0098,,1.0,144,0,123
W-conflict,300,0.3,0.7,0.25,8,147799051,M1+pausa,689752ec2d69,1.0,0.699,0.9792,0.4444,0.0208,0.1111,0.0267,,1.0,144,0,123
W-conflict,300,0.3,0.7,0.25,9,299109706,M0,689752ec2d69,1.0,0.699,0.9032,0.4129,0.0968,0.1935,0.0523,,1.0,155,0,123
W-conflict,300,0.3,0.7,0.25,9,299109706,M1,689752ec2d69,1.0,0.699,0.9032,0.4129,0.0968,0.1935,0.0874,,1.0,155,0,123
W-conflict,300,0.3,0.7,0.25,9,299109706,M2,689752ec2d69,1.0,0.699,1.0,0.471,0.0,0.0968,0.0091,,1.0,155,0,123
W-conflict,300,0.3,0.7,0.25,9,299109706,M1+pausa,689752ec2d69,1.0,0.699,0.9032,0.4129,0.0968,0.1935,0.0874,,1.0,155,0,123
W-conflict,300,0.3,0.7,0.25,10,331084738,M0,689752ec2d69,1.0,0.699,0.9645,0.4255,0.0355,0.1915,0.0565,,1.0,141,0,103
W-conflict,300,0.3,0.7,0.25,10,331084738,M1,689752ec2d69,1.0,0.699,0.9645,0.4255,0.0355,0.1915,0.0384,,1.0,141,0,103
W-conflict,300,0.3,0.7,0.25,10,331084738,M2,689752ec2d69,1.0,0.699,1.0,0.4468,0.0,0.156,0.0097,,1.0,141,0,103
W-conflict,300,0.3,0.7,0.25,10,331084738,M1+pausa,689752ec2d69,1.0,0.699,0.9645,0.4255,0.0355,0.1915,0.0384,,1.0,141,0,103
W-conflict,300,0.3,0.7,0.25,11,178307715,M0,689752ec2d69,1.0,0.699,0.9756,0.4634,0.0244,0.1585,0.1015,,1.0,164,0,140
W-conflict,300,0.3,0.7,0.25,11,178307715,M1,689752ec2d69,1.0,0.699,0.9756,0.4634,0.0244,0.1585,0.0295,,1.0,164,0,140
W-conflict,300,0.3,0.7,0.25,11,178307715,M2,689752ec2d69,1.0,0.699,1.0,0.4756,0.0,0.1341,0.0098,,1.0,164,0,140
W-conflict,300,0.3,0.7,0.25,11,178307715,M1+pausa,689752ec2d69,1.0,0.699,0.9756,0.4634,0.0244,0.1585,0.0295,,1.0,164,0,140
W-conflict,300,0.3,0.7,0.25,12,562925888,M0,689752ec2d69,1.0,0.699,0.9592,0.483,0.0408,0.1633,0.0926,,1.0,147,0,124
W-conflict,300,0.3,0.7,0.25,12,562925888,M1,689752ec2d69,1.0,0.699,0.9592,0.483,0.0408,0.1633,0.0427,,1.0,147,0,124
W-conflict,300,0.3,0.7,0.25,12,562925888,M2,689752ec2d69,1.0,0.699,1.0,0.5102,0.0,0.1224,0.0096,,1.0,147,0,124
W-conflict,300,0.3,0.7,0.25,12,562925888,M1+pausa,689752ec2d69,1.0,0.699,0.9592,0.483,0.0408,0.1633,0.0427,,1.0,147,0,124
W-conflict,300,0.3,0.7,0.25,13,949395457,M0,689752ec2d69,1.0,0.699,0.958,0.4126,0.042,0.2028,0.0772,,1.0,143,0,126
W-conflict,300,0.3,0.7,0.25,13,949395457,M1,689752ec2d69,1.0,0.699,0.958,0.4126,0.042,0.2028,0.0436,,1.0,143,0,126
W-conflict,300,0.3,0.7,0.25,13,949395457,M2,689752ec2d69,1.0,0.699,1.0,0.4476,0.0,0.1678,0.0096,,1.0,143,0,126
W-conflict,300,0.3,0.7,0.25,13,949395457,M1+pausa,689752ec2d69,1.0,0.699,0.958,0.4126,0.042,0.2028,0.0436,,1.0,143,0,126
W-conflict,300,0.3,0.7,0.25,14,2010592966,M0,689752ec2d69,1.0,0.699,0.9691,0.4938,0.0309,0.1667,0.0459,,1.0,162,0,125
W-conflict,300,0.3,0.7,0.25,14,2010592966,M1,689752ec2d69,1.0,0.699,0.9691,0.4938,0.0309,0.1667,0.0347,,1.0,162,0,125
W-conflict,300,0.3,0.7,0.25,14,2010592966,M2,689752ec2d69,1.0,0.699,1.0,0.5185,0.0,0.1358,0.0097,,1.0,162,0,125
W-conflict,300,0.3,0.7,0.25,14,2010592966,M1+pausa,689752ec2d69,1.0,0.699,0.9691,0.4938,0.0309,0.1667,0.0347,,1.0,162,0,125
W-conflict,300,0.3,0.7,0.25,15,1858865031,M0,689752ec2d69,1.0,0.699,0.95,0.4,0.05,0.25,0.0899,,1.0,160,0,134
W-conflict,300,0.3,0.7,0.25,15,1858865031,M1,689752ec2d69,1.0,0.699,0.95,0.4,0.05,0.25,0.05,,1.0,160,0,134
W-conflict,300,0.3,0.7,0.25,15,1858865031,M2,689752ec2d69,1.0,0.699,1.0,0.4375,0.0,0.2,0.0095,,1.0,160,0,134
W-conflict,300,0.3,0.7,0.25,15,1858865031,M1+pausa,689752ec2d69,1.0,0.699,0.95,0.4,0.05,0.25,0.05,,1.0,160,0,134
W-conflict,300,0.3,0.7,0.25,16,1172395076,M0,689752ec2d69,1.0,0.699,0.931,0.4414,0.069,0.2,0.0557,,1.0,145,0,126
W-conflict,300,0.3,0.7,0.25,16,1172395076,M1,689752ec2d69,1.0,0.699,0.931,0.4414,0.069,0.2,0.0652,,1.0,145,0,126
W-conflict,300,0.3,0.7,0.25,16,1172395076,M2,689752ec2d69,1.0,0.699,1.0,0.4897,0.0,0.131,0.0093,,1.0,145,0,126
W-conflict,300,0.3,0.7,0.25,16,1172395076,M1+pausa,689752ec2d69,1.0,0.699,0.931,0.4414,0.069,0.2,0.0652,,1.0,145,0,126
W-conflict,300,0.3,0.7,0.25,17,1559913733,M0,689752ec2d69,1.0,0.699,0.9489,0.4599,0.0511,0.1898,0.0629,,1.0,137,0,111
W-conflict,300,0.3,0.7,0.25,17,1559913733,M1,689752ec2d69,1.0,0.699,0.9489,0.4599,0.0511,0.1898,0.0509,,1.0,137,0,111
W-conflict,300,0.3,0.7,0.25,17,1559913733,M2,689752ec2d69,1.0,0.699,1.0,0.4964,0.0,0.1387,0.0095,,1.0,137,0,111
W-conflict,300,0.3,0.7,0.25,17,1559913733,M1+pausa,689752ec2d69,1.0,0.699,0.9489,0.4599,0.0511,0.1898,0.0509,,1.0,137,0,111
W-conflict,300,0.3,0.7,0.25,18,1533180362,M0,689752ec2d69,1.0,0.699,0.9598,0.408,0.0402,0.1897,0.0553,,1.0,174,0,144
W-conflict,300,0.3,0.7,0.25,18,1533180362,M1,689752ec2d69,1.0,0.699,0.9598,0.408,0.0402,0.1897,0.0422,,1.0,174,0,144
W-conflict,300,0.3,0.7,0.25,18,1533180362,M2,689752ec2d69,1.0,0.699,1.0,0.4368,0.0,0.1494,0.0096,,1.0,174,0,144
W-conflict,300,0.3,0.7,0.25,18,1533180362,M1+pausa,689752ec2d69,1.0,0.699,0.9598,0.408,0.0402,0.1897,0.0422,,1.0,174,0,144
W-conflict,300,0.3,0.7,0.25,19,1115244683,M0,689752ec2d69,1.0,0.699,0.9716,0.5177,0.0284,0.1489,0.052,,1.0,141,0,116
W-conflict,300,0.3,0.7,0.25,19,1115244683,M1,689752ec2d69,1.0,0.699,0.9716,0.5177,0.0284,0.1489,0.0327,,1.0,141,0,116
W-conflict,300,0.3,0.7,0.25,19,1115244683,M2,689752ec2d69,1.0,0.699,1.0,0.5248,0.0,0.1206,0.0097,,1.0,141,0,116
W-conflict,300,0.3,0.7,0.25,19,1115244683,M1+pausa,689752ec2d69,1.0,0.699,0.9716,0.5177,0.0284,0.1489,0.0327,,1.0,141,0,116
W-conflict,600,0.05,1.0,0.05,0,59728283,M0,689752ec2d69,1.0,0.6995,0.9349,0.6745,0.0651,0.2254,0.0863,,1.0,599,0,533
W-conflict,600,0.05,1.0,0.05,0,59728283,M1,689752ec2d69,1.0,0.6995,0.9349,0.6745,0.0651,0.2254,0.0621,,1.0,599,0,533
W-conflict,600,0.05,1.0,0.05,0,59728283,M2,689752ec2d69,1.0,0.6995,1.0,0.7262,0.0,0.1703,0.0094,,1.0,599,0,533
W-conflict,600,0.05,1.0,0.05,0,59728283,M1+pausa,689752ec2d69,1.0,0.6995,0.9349,0.6745,0.0651,0.2254,0.0621,,1.0,599,0,533
W-conflict,600,0.05,1.0,0.05,1,445927642,M0,689752ec2d69,1.0,0.6995,0.9382,0.6277,0.0618,0.2805,0.0618,,1.0,599,0,488
W-conflict,600,0.05,1.0,0.05,1,445927642,M1,689752ec2d69,1.0,0.6995,0.9382,0.6277,0.0618,0.2805,0.0594,,1.0,599,0,488
W-conflict,600,0.05,1.0,0.05,1,445927642,M2,689752ec2d69,1.0,0.6995,1.0,0.6845,0.0,0.2187,0.0094,,1.0,599,0,488
W-conflict,600,0.05,1.0,0.05,1,445927642,M1+pausa,689752ec2d69,1.0,0.6995,0.9382,0.6277,0.0618,0.2805,0.0594,,1.0,599,0,488
W-conflict,600,0.05,1.0,0.05,2,834208537,M0,689752ec2d69,1.0,0.6995,0.9316,0.6861,0.0684,0.2538,0.0753,,1.0,599,0,500
W-conflict,600,0.05,1.0,0.05,2,834208537,M1,689752ec2d69,1.0,0.6995,0.9316,0.6861,0.0684,0.2538,0.0648,,1.0,599,0,500
W-conflict,600,0.05,1.0,0.05,2,834208537,M2,689752ec2d69,1.0,0.6995,1.0,0.7529,0.0,0.187,0.0093,,1.0,599,0,500
W-conflict,600,0.05,1.0,0.05,2,834208537,M1+pausa,689752ec2d69,1.0,0.6995,0.9316,0.6861,0.0684,0.2538,0.0648,,1.0,599,0,500
W-conflict,600,0.05,1.0,0.05,3,681718360,M0,689752ec2d69,1.0,0.6995,0.9265,0.6511,0.0735,0.2638,0.0877,,1.0,599,0,518
W-conflict,600,0.05,1.0,0.05,3,681718360,M1,689752ec2d69,1.0,0.6995,0.9265,0.6511,0.0735,0.2638,0.0688,,1.0,599,0,518
W-conflict,600,0.05,1.0,0.05,3,681718360,M2,689752ec2d69,1.0,0.6995,1.0,0.7145,0.0,0.1953,0.0093,,1.0,599,0,518
W-conflict,600,0.05,1.0,0.05,3,681718360,M1+pausa,689752ec2d69,1.0,0.6995,0.9265,0.6511,0.0735,0.2638,0.0688,,1.0,599,0,518
W-conflict,600,0.05,1.0,0.05,4,1742972063,M0,689752ec2d69,1.0,0.6995,0.9132,0.6511,0.0868,0.2755,0.092,,1.0,599,0,490
W-conflict,600,0.05,1.0,0.05,4,1742972063,M1,689752ec2d69,1.0,0.6995,0.9132,0.6511,0.0868,0.2755,0.0794,,1.0,599,0,490
W-conflict,600,0.05,1.0,0.05,4,1742972063,M2,689752ec2d69,1.0,0.6995,1.0,0.7295,0.0,0.1886,0.0092,,1.0,599,0,490
W-conflict,600,0.05,1.0,0.05,4,1742972063,M1+pausa,689752ec2d69,1.0,0.6995,0.9132,0.6511,0.0868,0.2755,0.0794,,1.0,599,0,490
W-conflict,600,0.05,1.0,0.05,5,2130220510,M0,689752ec2d69,1.0,0.6995,0.9449,0.6711,0.0551,0.1786,0.0536,,1.0,599,0,483
W-conflict,600,0.05,1.0,0.05,5,2130220510,M1,689752ec2d69,1.0,0.6995,0.9449,0.6711,0.0551,0.1786,0.0541,,1.0,599,0,483
W-conflict,600,0.05,1.0,0.05,5,2130220510,M2,689752ec2d69,1.0,0.6995,1.0,0.7195,0.0,0.1402,0.0095,,1.0,599,0,483
W-conflict,600,0.05,1.0,0.05,5,2130220510,M1+pausa,689752ec2d69,1.0,0.6995,0.9449,0.6711,0.0551,0.1786,0.0541,,1.0,599,0,483
W-conflict,600,0.05,1.0,0.05,6,1440073245,M0,689752ec2d69,1.0,0.6995,0.9232,0.6311,0.0768,0.2755,0.0903,,1.0,599,0,484
W-conflict,600,0.05,1.0,0.05,6,1440073245,M1,689752ec2d69,1.0,0.6995,0.9232,0.6311,0.0768,0.2755,0.0714,,1.0,599,0,484
W-conflict,600,0.05,1.0,0.05,6,1440073245,M2,689752ec2d69,1.0,0.6995,1.0,0.7012,0.0,0.2003,0.0093,,1.0,599,0,484
W-conflict,600,0.05,1.0,0.05,6,1440073245,M1+pausa,689752ec2d69,1.0,0.6995,0.9232,0.6311,0.0768,0.2755,0.0714,,1.0,599,0,484
W-conflict,600,0.05,1.0,0.05,7,1288632156,M0,689752ec2d69,1.0,0.6995,0.9199,0.6544,0.0801,0.2721,0.0793,,1.0,599,0,484
W-conflict,600,0.05,1.0,0.05,7,1288632156,M1,689752ec2d69,1.0,0.6995,0.9199,0.6544,0.0801,0.2721,0.0741,,1.0,599,0,484
W-conflict,600,0.05,1.0,0.05,7,1288632156,M2,689752ec2d69,1.0,0.6995,1.0,0.7295,0.0,0.192,0.0092,,1.0,599,0,484
W-conflict,600,0.05,1.0,0.05,7,1288632156,M1+pausa,689752ec2d69,1.0,0.6995,0.9199,0.6544,0.0801,0.2721,0.0741,,1.0,599,0,484
W-conflict,600,0.05,1.0,0.05,8,1263987603,M0,689752ec2d69,1.0,0.6995,0.9282,0.6444,0.0718,0.2688,0.0857,,1.0,599,0,489
W-conflict,600,0.05,1.0,0.05,8,1263987603,M1,689752ec2d69,1.0,0.6995,0.9282,0.6444,0.0718,0.2688,0.0674,,1.0,599,0,489
W-conflict,600,0.05,1.0,0.05,8,1263987603,M2,689752ec2d69,1.0,0.6995,1.0,0.7095,0.0,0.197,0.0093,,1.0,599,0,489
W-conflict,600,0.05,1.0,0.05,8,1263987603,M1+pausa,689752ec2d69,1.0,0.6995,0.9282,0.6444,0.0718,0.2688,0.0674,,1.0,599,0,489
W-conflict,600,0.05,1.0,0.05,9,1380834002,M0,689752ec2d69,1.0,0.6995,0.9299,0.6561,0.0701,0.2738,0.073,,1.0,599,0,482
W-conflict,600,0.05,1.0,0.05,9,1380834002,M1,689752ec2d69,1.0,0.6995,0.9299,0.6561,0.0701,0.2738,0.0661,,1.0,599,0,482
W-conflict,600,0.05,1.0,0.05,9,1380834002,M2,689752ec2d69,1.0,0.6995,1.0,0.7212,0.0,0.2037,0.0093,,1.0,599,0,482
W-conflict,600,0.05,1.0,0.05,9,1380834002,M1+pausa,689752ec2d69,1.0,0.6995,0.9299,0.6561,0.0701,0.2738,0.0661,,1.0,599,0,482
W-conflict,600,0.05,1.0,0.05,10,1831629155,M0,689752ec2d69,1.0,0.6995,0.9215,0.6594,0.0785,0.2721,0.123,,1.0,599,0,545
W-conflict,600,0.05,1.0,0.05,10,1831629155,M1,689752ec2d69,1.0,0.6995,0.9215,0.6594,0.0785,0.2721,0.0728,,1.0,599,0,545
W-conflict,600,0.05,1.0,0.05,10,1831629155,M2,689752ec2d69,1.0,0.6995,1.0,0.7312,0.0,0.1953,0.0092,,1.0,599,0,545
W-conflict,600,0.05,1.0,0.05,10,1831629155,M1+pausa,689752ec2d69,1.0,0.6995,0.9215,0.6594,0.0785,0.2721,0.0728,,1.0,599,0,545
W-conflict,600,0.05,1.0,0.05,11,1949777954,M0,689752ec2d69,1.0,0.6995,0.9382,0.6394,0.0618,0.177,0.0624,,1.0,599,0,473
W-conflict,600,0.05,1.0,0.05,11,1949777954,M1,689752ec2d69,1.0,0.6995,0.9382,0.6394,0.0618,0.177,0.0594,,1.0,599,0,473
W-conflict,600,0.05,1.0,0.05,11,1949777954,M2,689752ec2d69,1.0,0.6995,1.0,0.6878,0.0,0.1369,0.0094,,1.0,599,0,473
W-conflict,600,0.05,1.0,0.05,11,1949777954,M1+pausa,689752ec2d69,1.0,0.6995,0.9382,0.6394,0.0618,0.177,0.0594,,1.0,599,0,473
W-conflict,600,0.05,1.0,0.05,12,1595544545,M0,689752ec2d69,1.0,0.6995,0.9416,0.6644,0.0584,0.2621,0.1038,,1.0,599,0,525
W-conflict,600,0.05,1.0,0.05,12,1595544545,M1,689752ec2d69,1.0,0.6995,0.9416,0.6644,0.0584,0.2621,0.0567,,1.0,599,0,525
W-conflict,600,0.05,1.0,0.05,12,1595544545,M2,689752ec2d69,1.0,0.6995,1.0,0.7162,0.0,0.2037,0.0094,,1.0,599,0,525
W-conflict,600,0.05,1.0,0.05,12,1595544545,M1+pausa,689752ec2d69,1.0,0.6995,0.9416,0.6644,0.0584,0.2621,0.0567,,1.0,599,0,525
W-conflict,600,0.05,1.0,0.05,13,1174479520,M0,689752ec2d69,1.0,0.6995,0.9349,0.6477,0.0651,0.2705,0.0894,,1.0,599,0,520
W-conflict,600,0.05,1.0,0.05,13,1174479520,M1,689752ec2d69,1.0,0.6995,0.9349,0.6477,0.0651,0.2705,0.0621,,1.0,599,0,520
W-conflict,600,0.05,1.0,0.05,13,1174479520,M2,689752ec2d69,1.0,0.6995,1.0,0.7078,0.0,0.2053,0.0094,,1.0,599,0,520
W-conflict,600,0.05,1.0,0.05,13,1174479520,M1+pausa,689752ec2d69,1.0,0.6995,0.9349,0.6477,0.0651,0.2705,0.0621,,1.0,599,0,520
W-conflict,600,0.05,1.0,0.05,14,155235431,M0,689752ec2d69,1.0,0.6995,0.9516,0.6528,0.0484,0.2671,0.0806,,1.0,599,0,557
W-conflict,600,0.05,1.0,0.05,14,155235431,M1,689752ec2d69,1.0,0.6995,0.9516,0.6528,0.0484,0.2671,0.0487,,1.0,599,0,557
W-conflict,600,0.05,1.0,0.05,14,155235431,M2,689752ec2d69,1.0,0.6995,1.0,0.6962,0.0,0.2187,0.0095,,1.0,599,0,557
W-conflict,600,0.05,1.0,0.05,14,155235431,M1+pausa,689752ec2d69,1.0,0.6995,0.9516,0.6528,0.0484,0.2671,0.0487,,1.0,599,0,557
W-conflict,600,0.05,1.0,0.05,15,274433318,M0,689752ec2d69,1.0,0.6995,0.9382,0.6528,0.0618,0.2705,0.0796,,1.0,599,0,482
W-conflict,600,0.05,1.0,0.05,15,274433318,M1,689752ec2d69,1.0,0.6995,0.9382,0.6528,0.0618,0.2705,0.0594,,1.0,599,0,482
W-conflict,600,0.05,1.0,0.05,15,274433318,M2,689752ec2d69,1.0,0.6995,1.0,0.7062,0.0,0.2087,0.0094,,1.0,599,0,482
W-conflict,600,0.05,1.0,0.05,15,274433318,M1+pausa,689752ec2d69,1.0,0.6995,0.9382,0.6528,0.0618,0.2705,0.0594,,1.0,599,0,482
W-conflict,600,0.05,1.0,0.05,16,997644005,M0,689752ec2d69,1.0,0.6995,0.9249,0.6711,0.0751,0.2604,0.0776,,1.0,599,0,466
W-conflict,600,0.05,1.0,0.05,16,997644005,M1,689752ec2d69,1.0,0.6995,0.9249,0.6711,0.0751,0.2604,0.0701,,1.0,599,0,466
W-conflict,600,0.05,1.0,0.05,16,997644005,M2,689752ec2d69,1.0,0.6995,1.0,0.7429,0.0,0.1853,0.0093,,1.0,599,0,466
W-conflict,600,0.05,1.0,0.05,16,997644005,M1+pausa,689752ec2d69,1.0,0.6995,0.9249,0.6711,0.0751,0.2604,0.0701,,1.0,599,0,466
W-conflict,600,0.05,1.0,0.05,17,577628068,M0,689752ec2d69,1.0,0.6995,0.9332,0.6544,0.0668,0.2354,0.0674,,1.0,599,0,472
W-conflict,600,0.05,1.0,0.05,17,577628068,M1,689752ec2d69,1.0,0.6995,0.9332,0.6544,0.0668,0.2354,0.0634,,1.0,599,0,472
W-conflict,600,0.05,1.0,0.05,17,577628068,M2,689752ec2d69,1.0,0.6995,1.0,0.7162,0.0,0.1786,0.0094,,1.0,599,0,472
W-conflict,600,0.05,1.0,0.05,17,577628068,M1+pausa,689752ec2d69,1.0,0.6995,0.9332,0.6544,0.0668,0.2354,0.0634,,1.0,599,0,472
W-conflict,600,0.05,1.0,0.05,18,636877675,M0,689752ec2d69,1.0,0.6995,0.9182,0.6444,0.0818,0.2387,0.0957,,1.0,599,0,557
W-conflict,600,0.05,1.0,0.05,18,636877675,M1,689752ec2d69,1.0,0.6995,0.9182,0.6444,0.0818,0.2387,0.0754,,1.0,599,0,557
W-conflict,600,0.05,1.0,0.05,18,636877675,M2,689752ec2d69,1.0,0.6995,1.0,0.7212,0.0,0.1703,0.0092,,1.0,599,0,557
W-conflict,600,0.05,1.0,0.05,18,636877675,M1+pausa,689752ec2d69,1.0,0.6995,0.9182,0.6444,0.0818,0.2387,0.0754,,1.0,599,0,557
W-conflict,600,0.05,1.0,0.05,19,1022282282,M0,689752ec2d69,1.0,0.6995,0.9299,0.6594,0.0701,0.1853,0.0755,,1.0,599,0,533
W-conflict,600,0.05,1.0,0.05,19,1022282282,M1,689752ec2d69,1.0,0.6995,0.9299,0.6594,0.0701,0.1853,0.0661,,1.0,599,0,533
W-conflict,600,0.05,1.0,0.05,19,1022282282,M2,689752ec2d69,1.0,0.6995,1.0,0.7212,0.0,0.1369,0.0093,,1.0,599,0,533
W-conflict,600,0.05,1.0,0.05,19,1022282282,M1+pausa,689752ec2d69,1.0,0.6995,0.9299,0.6594,0.0701,0.1853,0.0661,,1.0,599,0,533
W-conflict,600,0.05,1.0,0.25,0,1313325200,M0,689752ec2d69,1.0,0.6995,0.9549,0.4775,0.0451,0.1853,0.0456,,1.0,599,0,533
W-conflict,600,0.05,1.0,0.25,0,1313325200,M1,689752ec2d69,1.0,0.6995,0.9549,0.4775,0.0451,0.1853,0.0461,,1.0,599,0,533
W-conflict,600,0.05,1.0,0.25,0,1313325200,M2,689752ec2d69,1.0,0.6995,1.0,0.4992,0.0,0.1402,0.0096,,1.0,599,0,533
W-conflict,600,0.05,1.0,0.25,0,1313325200,M1+pausa,689752ec2d69,1.0,0.6995,0.9549,0.4775,0.0451,0.1853,0.0461,,1.0,599,0,533
W-conflict,600,0.05,1.0,0.25,1,1465709009,M0,689752ec2d69,1.0,0.6995,0.9382,0.4574,0.0618,0.192,0.0621,,1.0,599,0,491
W-conflict,600,0.05,1.0,0.25,1,1465709009,M1,689752ec2d69,1.0,0.6995,0.9382,0.4574,0.0618,0.192,0.0594,,1.0,599,0,491
W-conflict,600,0.05,1.0,0.25,1,1465709009,M2,689752ec2d69,1.0,0.6995,1.0,0.4942,0.0,0.1302,0.0094,,1.0,599,0,491
W-conflict,600,0.05,1.0,0.25,1,1465709009,M1+pausa,689752ec2d69,1.0,0.6995,0.9382,0.4574,0.0618,0.192,0.0594,,1.0,599,0,491
W-conflict,600,0.05,1.0,0.25,2,2087821842,M0,689752ec2d69,1.0,0.6995,0.9633,0.4457,0.0367,0.2037,0.0484,,1.0,599,0,493
W-conflict,600,0.05,1.0,0.25,2,2087821842,M1,689752ec2d69,1.0,0.6995,0.9633,0.4457,0.0367,0.2037,0.0394,,1.0,599,0,493
W-conflict,600,0.05,1.0,0.25,2,2087821842,M2,689752ec2d69,1.0,0.6995,1.0,0.4674,0.0,0.1669,0.0096,,1.0,599,0,493
W-conflict,600,0.05,1.0,0.25,2,2087821842,M1+pausa,689752ec2d69,1.0,0.6995,0.9633,0.4457,0.0367,0.2037,0.0394,,1.0,599,0,493
W-conflict,600,0.05,1.0,0.25,3,1701483347,M0,689752ec2d69,1.0,0.6995,0.9649,0.4691,0.0351,0.1686,0.0376,,1.0,599,0,485
W-conflict,600,0.05,1.0,0.25,3,1701483347,M1,689752ec2d69,1.0,0.6995,0.9649,0.4691,0.0351,0.1686,0.038,,1.0,599,0,485
W-conflict,600,0.05,1.0,0.25,3,1701483347,M2,689752ec2d69,1.0,0.6995,1.0,0.4858,0.0,0.1336,0.0097,,1.0,599,0,485
W-conflict,600,0.05,1.0,0.25,3,1701483347,M1+pausa,689752ec2d69,1.0,0.6995,0.9649,0.4691,0.0351,0.1686,0.038,,1.0,599,0,485
W-conflict,600,0.05,1.0,0.25,4,707462548,M0,689752ec2d69,1.0,0.6995,0.9549,0.4891,0.0451,0.182,0.0515,,1.0,599,0,495
W-conflict,600,0.05,1.0,0.25,4,707462548,M1,689752ec2d69,1.0,0.6995,0.9549,0.4891,0.0451,0.182,0.0461,,1.0,599,0,495
W-conflict,600,0.05,1.0,0.25,4,707462548,M2,689752ec2d69,1.0,0.6995,1.0,0.5142,0.0,0.1369,0.0096,,1.0,599,0,495
W-conflict,600,0.05,1.0,0.25,4,707462548,M1+pausa,689752ec2d69,1.0,0.6995,0.9549,0.4891,0.0451,0.182,0.0461,,1.0,599,0,495
W-conflict,600,0.05,1.0,0.25,5,858797269,M0,689752ec2d69,1.0,0.6995,0.9599,0.4608,0.0401,0.1853,0.0443,,1.0,599,0,485
W-conflict,600,0.05,1.0,0.25,5,858797269,M1,689752ec2d69,1.0,0.6995,0.9599,0.4608,0.0401,0.1853,0.0421,,1.0,599,0,485
W-conflict,600,0.05,1.0,0.25,5,858797269,M2,689752ec2d69,1.0,0.6995,1.0,0.4858,0.0,0.1469,0.0096,,1.0,599,0,485
W-conflict,600,0.05,1.0,0.25,5,858797269,M1+pausa,689752ec2d69,1.0,0.6995,0.9599,0.4608,0.0401,0.1853,0.0421,,1.0,599,0,485
W-conflict,600,0.05,1.0,0.25,6,404580118,M0,689752ec2d69,1.0,0.6995,0.9533,0.4591,0.0467,0.1736,0.0455,,1.0,599,0,493
W-conflict,600,0.05,1.0,0.25,6,404580118,M1,689752ec2d69,1.0,0.6995,0.9533,0.4591,0.0467,0.1736,0.0474,,1.0,599,0,493
W-conflict,600,0.05,1.0,0.25,6,404580118,M2,689752ec2d69,1.0,0.6995,1.0,0.4808,0.0,0.1285,0.0096,,1.0,599,0,493
W-conflict,600,0.05,1.0,0.25,6,404580118,M1+pausa,689752ec2d69,1.0,0.6995,0.9533,0.4591,0.0467,0.1736,0.0474,,1.0,599,0,493
W-conflict,600,0.05,1.0,0.25,7,17192535,M0,689752ec2d69,1.0,0.6995,0.9699,0.4674,0.0301,0.1803,0.034,,1.0,599,0,467
W-conflict,600,0.05,1.0,0.25,7,17192535,M1,689752ec2d69,1.0,0.6995,0.9699,0.4674,0.0301,0.1803,0.034,,1.0,599,0,467
W-conflict,600,0.05,1.0,0.25,7,17192535,M2,689752ec2d69,1.0,0.6995,1.0,0.4825,0.0,0.1503,0.0097,,1.0,599,0,467
W-conflict,600,0.05,1.0,0.25,7,17192535,M1+pausa,689752ec2d69,1.0,0.6995,0.9699,0.4674,0.0301,0.1803,0.034,,1.0,599,0,467
W-conflict,600,0.05,1.0,0.25,8,111037080,M0,689752ec2d69,1.0,0.6995,0.9533,0.4641,0.0467,0.192,0.0476,,1.0,599,0,490
W-conflict,600,0.05,1.0,0.25,8,111037080,M1,689752ec2d69,1.0,0.6995,0.9533,0.4641,0.0467,0.192,0.0474,,1.0,599,0,490
W-conflict,600,0.05,1.0,0.25,8,111037080,M2,689752ec2d69,1.0,0.6995,1.0,0.4942,0.0,0.1452,0.0096,,1.0,599,0,490
W-conflict,600,0.05,1.0,0.25,8,111037080,M1+pausa,689752ec2d69,1.0,0.6995,0.9533,0.4641,0.0467,0.192,0.0474,,1.0,599,0,490
W-conflict,600,0.05,1.0,0.25,9,528841689,M0,689752ec2d69,1.0,0.6995,0.9549,0.4808,0.0451,0.1953,0.065,,1.0,599,0,487
W-conflict,600,0.05,1.0,0.25,9,528841689,M1,689752ec2d69,1.0,0.6995,0.9549,0.4808,0.0451,0.1953,0.0461,,1.0,599,0,487
W-conflict,600,0.05,1.0,0.25,9,528841689,M2,689752ec2d69,1.0,0.6995,1.0,0.5058,0.0,0.1536,0.0096,,1.0,599,0,487
W-conflict,600,0.05,1.0,0.25,9,528841689,M1+pausa,689752ec2d69,1.0,0.6995,0.9549,0.4808,0.0451,0.1953,0.0461,,1.0,599,0,487
W-conflict,600,0.05,1.0,0.25,10,2058575946,M0,689752ec2d69,1.0,0.6995,0.9566,0.4808,0.0434,0.1603,0.0451,,1.0,599,0,525
W-conflict,600,0.05,1.0,0.25,10,2058575946,M1,689752ec2d69,1.0,0.6995,0.9566,0.4808,0.0434,0.1603,0.0447,,1.0,599,0,525
W-conflict,600,0.05,1.0,0.25,10,2058575946,M2,689752ec2d69,1.0,0.6995,1.0,0.5025,0.0,0.1202,0.0096,,1.0,599,0,525
W-conflict,600,0.05,1.0,0.25,10,2058575946,M1+pausa,689752ec2d69,1.0,0.6995,0.9566,0.4808,0.0434,0.1603,0.0447,,1.0,599,0,525
W-conflict,600,0.05,1.0,0.25,11,1671975179,M0,689752ec2d69,1.0,0.6995,0.9482,0.4725,0.0518,0.172,0.0581,,1.0,599,0,483
W-conflict,600,0.05,1.0,0.25,11,1671975179,M1,689752ec2d69,1.0,0.6995,0.9482,0.4725,0.0518,0.172,0.0514,,1.0,599,0,483
W-conflict,600,0.05,1.0,0.25,11,1671975179,M2,689752ec2d69,1.0,0.6995,1.0,0.5058,0.0,0.1202,0.0095,,1.0,599,0,483
W-conflict,600,0.05,1.0,0.25,11,1671975179,M1+pausa,689752ec2d69,1.0,0.6995,0.9482,0.4725,0.0518,0.172,0.0514,,1.0,599,0,483
W-conflict,600,0.05,1.0,0.25,12,1216676552,M0,689752ec2d69,1.0,0.6995,0.9599,0.4541,0.0401,0.197,0.0478,,1.0,599,0,491
W-conflict,600,0.05,1.0,0.25,12,1216676552,M1,689752ec2d69,1.0,0.6995,0.9599,0.4541,0.0401,0.197,0.0421,,1.0,599,0,491
W-conflict,600,0.05,1.0,0.25,12,1216676552,M2,689752ec2d69,1.0,0.6995,1.0,0.4758,0.0,0.1569,0.0096,,1.0,599,0,491
W-conflict,600,0.05,1.0,0.25,12,1216676552,M1+pausa,689752ec2d69,1.0,0.6995,0.9599,0.4541,0.0401,0.197,0.0421,,1.0,599,0,491
W-conflict,600,0.05,1.0,0.25,13,1369322377,M0,689752ec2d69,1.0,0.6995,0.9633,0.4608,0.0367,0.187,0.0367,,1.0,599,0,486
W-conflict,600,0.05,1.0,0.25,13,1369322377,M1,689752ec2d69,1.0,0.6995,0.9633,0.4608,0.0367,0.187,0.0394,,1.0,599,0,486
W-conflict,600,0.05,1.0,0.25,13,1369322377,M2,689752ec2d69,1.0,0.6995,1.0,0.4725,0.0,0.1503,0.0096,,1.0,599,0,486
W-conflict,600,0.05,1.0,0.25,13,1369322377,M1+pausa,689752ec2d69,1.0,0.6995,0.9633,0.4608,0.0367,0.187,0.0394,,1.0,599,0,486
W-conflict,600,0.05,1.0,0.25,14,517973326,M0,689752ec2d69,1.0,0.6995,0.9583,0.4491,0.0417,0.1886,0.0374,,1.0,599,0,492
W-conflict,600,0.05,1.0,0.25,14,517973326,M1,689752ec2d69,1.0,0.6995,0.9583,0.4491,0.0417,0.1886,0.0434,,1.0,599,0,492
W-conflict,600,0.05,1.0,0.25,14,517973326,M2,689752ec2d69,1.0,0.6995,1.0,0.4791,0.0,0.1469,0.0096,,1.0,599,0,492
W-conflict,600,0.05,1.0,0.25,14,517973326,M1+pausa,689752ec2d69,1.0,0.6995,0.9583,0.4491,0.0417,0.1886,0.0434,,1.0,599,0,492
W-conflict,600,0.05,1.0,0.25,15,130323471,M0,689752ec2d69,1.0,0.6995,0.9566,0.4274,0.0434,0.1786,0.047,,1.0,599,0,494
W-conflict,600,0.05,1.0,0.25,15,130323471,M1,689752ec2d69,1.0,0.6995,0.9566,0.4274,0.0434,0.1786,0.0447,,1.0,599,0,494
W-conflict,600,0.05,1.0,0.25,15,130323471,M2,689752ec2d69,1.0,0.6995,1.0,0.4457,0.0,0.1352,0.0096,,1.0,599,0,494
W-conflict,600,0.05,1.0,0.25,15,130323471,M1+pausa,689752ec2d69,1.0,0.6995,0.9566,0.4274,0.0434,0.1786,0.0447,,1.0,599,0,494
W-conflict,600,0.05,1.0,0.25,16,753518540,M0,689752ec2d69,1.0,0.6995,0.9482,0.4624,0.0518,0.187,0.0528,,1.0,599,0,484
W-conflict,600,0.05,1.0,0.25,16,753518540,M1,689752ec2d69,1.0,0.6995,0.9482,0.4624,0.0518,0.187,0.0514,,1.0,599,0,484
W-conflict,600,0.05,1.0,0.25,16,753518540,M2,689752ec2d69,1.0,0.6995,1.0,0.4891,0.0,0.1352,0.0095,,1.0,599,0,484
W-conflict,600,0.05,1.0,0.25,16,753518540,M1+pausa,689752ec2d69,1.0,0.6995,0.9482,0.4624,0.0518,0.187,0.0514,,1.0,599,0,484
W-conflict,600,0.05,1.0,0.25,17,905115277,M0,689752ec2d69,1.0,0.6995,0.9549,0.4641,0.0451,0.182,0.0471,,1.0,599,0,481
W-conflict,600,0.05,1.0,0.25,17,905115277,M1,689752ec2d69,1.0,0.6995,0.9549,0.4641,0.0451,0.182,0.0461,,1.0,599,0,481
W-conflict,600,0.05,1.0,0.25,17,905115277,M2,689752ec2d69,1.0,0.6995,1.0,0.4891,0.0,0.1369,0.0096,,1.0,599,0,481
W-conflict,600,0.05,1.0,0.25,17,905115277,M1+pausa,689752ec2d69,1.0,0.6995,0.9549,0.4641,0.0451,0.182,0.0461,,1.0,599,0,481
W-conflict,600,0.05,1.0,0.25,18,845867586,M0,689752ec2d69,1.0,0.6995,0.9566,0.4174,0.0434,0.1853,0.0436,,1.0,599,0,535
W-conflict,600,0.05,1.0,0.25,18,845867586,M1,689752ec2d69,1.0,0.6995,0.9566,0.4174,0.0434,0.1853,0.0447,,1.0,599,0,535
W-conflict,600,0.05,1.0,0.25,18,845867586,M2,689752ec2d69,1.0,0.6995,1.0,0.4424,0.0,0.1419,0.0096,,1.0,599,0,535
W-conflict,600,0.05,1.0,0.25,18,845867586,M1+pausa,689752ec2d69,1.0,0.6995,0.9566,0.4174,0.0434,0.1853,0.0447,,1.0,599,0,535
W-conflict,600,0.05,1.0,0.25,19,728881923,M0,689752ec2d69,1.0,0.6995,0.9499,0.4674,0.0501,0.1736,0.0524,,1.0,599,0,498
W-conflict,600,0.05,1.0,0.25,19,728881923,M1,689752ec2d69,1.0,0.6995,0.9499,0.4674,0.0501,0.1736,0.0501,,1.0,599,0,498
W-conflict,600,0.05,1.0,0.25,19,728881923,M2,689752ec2d69,1.0,0.6995,1.0,0.5008,0.0,0.1235,0.0095,,1.0,599,0,498
W-conflict,600,0.05,1.0,0.25,19,728881923,M1+pausa,689752ec2d69,1.0,0.6995,0.9499,0.4674,0.0501,0.1736,0.0501,,1.0,599,0,498
W-conflict,600,0.05,0.7,0.05,0,1998761373,M0,689752ec2d69,1.0,0.6995,0.9153,0.6254,0.0847,0.2834,0.0887,,1.0,307,0,255
W-conflict,600,0.05,0.7,0.05,0,1998761373,M1,689752ec2d69,1.0,0.6995,0.9153,0.6254,0.0847,0.2834,0.0778,,1.0,307,0,255
W-conflict,600,0.05,0.7,0.05,0,1998761373,M2,689752ec2d69,1.0,0.6995,1.0,0.7068,0.0,0.1987,0.0092,,1.0,307,0,255
W-conflict,600,0.05,0.7,0.05,0,1998761373,M1+pausa,689752ec2d69,1.0,0.6995,0.9153,0.6254,0.0847,0.2834,0.0778,,1.0,307,0,255
W-conflict,600,0.05,0.7,0.05,1,1849269468,M0,689752ec2d69,1.0,0.6995,0.9303,0.662,0.0697,0.2718,0.0766,,1.0,287,0,231
W-conflict,600,0.05,0.7,0.05,1,1849269468,M1,689752ec2d69,1.0,0.6995,0.9303,0.662,0.0697,0.2718,0.0657,,1.0,287,0,231
W-conflict,600,0.05,0.7,0.05,1,1849269468,M2,689752ec2d69,1.0,0.6995,1.0,0.7213,0.0,0.2021,0.0093,,1.0,287,0,231
W-conflict,600,0.05,0.7,0.05,1,1849269468,M1+pausa,689752ec2d69,1.0,0.6995,0.9303,0.662,0.0697,0.2718,0.0657,,1.0,287,0,231
W-conflict,600,0.05,0.7,0.05,2,1158991647,M0,689752ec2d69,1.0,0.6995,0.9599,0.6388,0.0401,0.2776,0.058,,1.0,299,0,246
W-conflict,600,0.05,0.7,0.05,2,1158991647,M1,689752ec2d69,1.0,0.6995,0.9599,0.6388,0.0401,0.2776,0.0421,,1.0,299,0,246
W-conflict,600,0.05,0.7,0.05,2,1158991647,M2,689752ec2d69,1.0,0.6995,1.0,0.6756,0.0,0.2375,0.0096,,1.0,299,0,246
W-conflict,600,0.05,0.7,0.05,2,1158991647,M1+pausa,689752ec2d69,1.0,0.6995,0.9599,0.6388,0.0401,0.2776,0.0421,,1.0,299,0,246
W-conflict,600,0.05,0.7,0.05,3,1544552030,M0,689752ec2d69,1.0,0.6995,0.9239,0.6449,0.0761,0.2754,0.0761,,1.0,276,0,223
W-conflict,600,0.05,0.7,0.05,3,1544552030,M1,689752ec2d69,1.0,0.6995,0.9239,0.6449,0.0761,0.2754,0.0709,,1.0,276,0,223
W-conflict,600,0.05,0.7,0.05,3,1544552030,M2,689752ec2d69,1.0,0.6995,1.0,0.7174,0.0,0.1993,0.0093,,1.0,276,0,223
W-conflict,600,0.05,0.7,0.05,3,1544552030,M1+pausa,689752ec2d69,1.0,0.6995,0.9239,0.6449,0.0761,0.2754,0.0709,,1.0,276,0,223
W-conflict,600,0.05,0.7,0.05,4,323905689,M0,689752ec2d69,1.0,0.6995,0.9416,0.6721,0.0584,0.237,0.0629,,1.0,308,0,258
W-conflict,600,0.05,0.7,0.05,4,323905689,M1,689752ec2d69,1.0,0.6995,0.9416,0.6721,0.0584,0.237,0.0568,,1.0,308,0,258
W-conflict,600,0.05,0.7,0.05,4,323905689,M2,689752ec2d69,1.0,0.6995,1.0,0.724,0.0,0.1786,0.0094,,1.0,308,0,258
W-conflict,600,0.05,0.7,0.05,4,323905689,M1+pausa,689752ec2d69,1.0,0.6995,0.9416,0.6721,0.0584,0.237,0.0568,,1.0,308,0,258
W-conflict,600,0.05,0.7,0.05,5,173365720,M0,689752ec2d69,1.0,0.6995,0.9457,0.6473,0.0543,0.2636,0.064,,1.0,258,0,214
W-conflict,600,0.05,0.7,0.05,5,173365720,M1,689752ec2d69,1.0,0.6995,0.9457,0.6473,0.0543,0.2636,0.0534,,1.0,258,0,214
W-conflict,600,0.05,0.7,0.05,5,173365720,M2,689752ec2d69,1.0,0.6995,1.0,0.7016,0.0,0.2093,0.0095,,1.0,258,0,214
W-conflict,600,0.05,0.7,0.05,5,173365720,M1+pausa,689752ec2d69,1.0,0.6995,0.9457,0.6473,0.0543,0.2636,0.0534,,1.0,258,0,214
W-conflict,600,0.05,0.7,0.05,6,561515035,M0,689752ec2d69,1.0,0.6995,0.9317,0.5973,0.0683,0.3208,0.0912,,1.0,293,0,238
W-conflict,600,0.05,0.7,0.05,6,561515035,M1,689752ec2d69,1.0,0.6995,0.9317,0.5973,0.0683,0.3208,0.0646,,1.0,293,0,238
W-conflict,600,0.05,0.7,0.05,6,561515035,M2,689752ec2d69,1.0,0.6995,1.0,0.6621,0.0,0.2526,0.0093,,1.0,293,0,238
W-conflict,600,0.05,0.7,0.05,6,561515035,M1+pausa,689752ec2d69,1.0,0.6995,0.9317,0.5973,0.0683,0.3208,0.0646,,1.0,293,0,238
W-conflict,600,0.05,0.7,0.05,7,946027354,M0,689752ec2d69,1.0,0.6995,0.9369,0.6435,0.0631,0.2871,0.109,,1.0,317,0,294
W-conflict,600,0.05,0.7,0.05,7,946027354,M1,689752ec2d69,1.0,0.6995,0.9369,0.6435,0.0631,0.2871,0.0605,,1.0,317,0,294
W-conflict,600,0.05,0.7,0.05,7,946027354,M2,689752ec2d69,1.0,0.6995,1.0,0.7035,0.0,0.224,0.0094,,1.0,317,0,294
W-conflict,600,0.05,0.7,0.05,7,946027354,M1+pausa,689752ec2d69,1.0,0.6995,0.9369,0.6435,0.0631,0.2871,0.0605,,1.0,317,0,294
W-conflict,600,0.05,0.7,0.05,8,1073424277,M0,689752ec2d69,1.0,0.6995,0.9356,0.661,0.0644,0.2,0.0614,,1.0,295,0,262
W-conflict,600,0.05,0.7,0.05,8,1073424277,M1,689752ec2d69,1.0,0.6995,0.9356,0.661,0.0644,0.2,0.0615,,1.0,295,0,262
W-conflict,600,0.05,0.7,0.05,8,1073424277,M2,689752ec2d69,1.0,0.6995,1.0,0.7254,0.0,0.1559,0.0094,,1.0,295,0,262
W-conflict,600,0.05,0.7,0.05,8,1073424277,M1+pausa,689752ec2d69,1.0,0.6995,0.9356,0.661,0.0644,0.2,0.0615,,1.0,295,0,262
W-conflict,600,0.05,0.7,0.05,9,652220116,M0,689752ec2d69,1.0,0.6995,0.9444,0.6275,0.0556,0.2974,0.0613,,1.0,306,0,236
W-conflict,600,0.05,0.7,0.05,9,652220116,M1,689752ec2d69,1.0,0.6995,0.9444,0.6275,0.0556,0.2974,0.0544,,1.0,306,0,236
W-conflict,600,0.05,0.7,0.05,9,652220116,M2,689752ec2d69,1.0,0.6995,1.0,0.683,0.0,0.2418,0.0095,,1.0,306,0,236
W-conflict,600,0.05,0.7,0.05,9,652220116,M1+pausa,689752ec2d69,1.0,0.6995,0.9444,0.6275,0.0556,0.2974,0.0544,,1.0,306,0,236
W-conflict,600,0.05,0.7,0.05,10,79395226,M0,689752ec2d69,1.0,0.6995,0.922,0.6667,0.078,0.2695,0.1242,,1.0,282,0,236
W-conflict,600,0.05,0.7,0.05,10,79395226,M1,689752ec2d69,1.0,0.6995,0.922,0.6667,0.078,0.2695,0.0724,,1.0,282,0,236
W-conflict,600,0.05,0.7,0.05,10,79395226,M2,689752ec2d69,1.0,0.6995,1.0,0.7411,0.0,0.1915,0.0093,,1.0,282,0,236
W-conflict,600,0.05,0.7,0.05,10,79395226,M1+pausa,689752ec2d69,1.0,0.6995,0.922,0.6667,0.078,0.2695,0.0724,,1.0,282,0,236
W-conflict,600,0.05,0.7,0.05,11,497043675,M0,689752ec2d69,1.0,0.6995,0.9218,0.6384,0.0782,0.2736,0.079,,1.0,307,0,268
W-conflict,600,0.05,0.7,0.05,11,497043675,M1,689752ec2d69,1.0,0.6995,0.9218,0.6384,0.0782,0.2736,0.0725,,1.0,307,0,268
W-conflict,600,0.05,0.7,0.05,11,497043675,M2,689752ec2d69,1.0,0.6995,1.0,0.7134,0.0,0.1954,0.0092,,1.0,307,0,268
W-conflict,600,0.05,0.7,0.05,11,497043675,M1+pausa,689752ec2d69,1.0,0.6995,0.9218,0.6384,0.0782,0.2736,0.0725,,1.0,307,0,268
W-conflict,600,0.05,0.7,0.05,12,915217176,M0,689752ec2d69,1.0,0.6995,0.9141,0.6838,0.0859,0.2543,0.0996,,1.0,291,0,254
W-conflict,600,0.05,0.7,0.05,12,915217176,M1,689752ec2d69,1.0,0.6995,0.9141,0.6838,0.0859,0.2543,0.0787,,1.0,291,0,254
W-conflict,600,0.05,0.7,0.05,12,915217176,M2,689752ec2d69,1.0,0.6995,1.0,0.7663,0.0,0.1684,0.0092,,1.0,291,0,254
W-conflict,600,0.05,0.7,0.05,12,915217176,M1+pausa,689752ec2d69,1.0,0.6995,0.9141,0.6838,0.0859,0.2543,0.0787,,1.0,291,0,254
W-conflict,600,0.05,0.7,0.05,13,798370393,M0,689752ec2d69,1.0,0.6995,0.9331,0.6092,0.0669,0.2817,0.0923,,1.0,284,0,252
W-conflict,600,0.05,0.7,0.05,13,798370393,M1,689752ec2d69,1.0,0.6995,0.9331,0.6092,0.0669,0.2817,0.0635,,1.0,284,0,252
W-conflict,600,0.05,0.7,0.05,13,798370393,M2,689752ec2d69,1.0,0.6995,1.0,0.6725,0.0,0.2148,0.0094,,1.0,284,0,252
W-conflict,600,0.05,0.7,0.05,13,798370393,M1+pausa,689752ec2d69,1.0,0.6995,0.9331,0.6092,0.0669,0.2817,0.0635,,1.0,284,0,252
W-conflict,600,0.05,0.7,0.05,14,1624751262,M0,689752ec2d69,1.0,0.6995,0.9211,0.6349,0.0789,0.2237,0.0897,,1.0,304,0,267
W-conflict,600,0.05,0.7,0.05,14,1624751262,M1,689752ec2d69,1.0,0.6995,0.9211,0.6349,0.0789,0.2237,0.0732,,1.0,304,0,267
W-conflict,600,0.05,0.7,0.05,14,1624751262,M2,689752ec2d69,1.0,0.6995,1.0,0.7105,0.0,0.1612,0.0092,,1.0,304,0,267
W-conflict,600,0.05,0.7,0.05,14,1624751262,M1+pausa,689752ec2d69,1.0,0.6995,0.9211,0.6349,0.0789,0.2237,0.0732,,1.0,304,0,267
W-conflict,600,0.05,0.7,0.05,15,2043448799,M0,689752ec2d69,1.0,0.6995,0.941,0.6242,0.059,0.2764,0.0624,,1.0,322,0,264
W-conflict,600,0.05,0.7,0.05,15,2043448799,M1,689752ec2d69,1.0,0.6995,0.941,0.6242,0.059,0.2764,0.0572,,1.0,322,0,264
W-conflict,600,0.05,0.7,0.05,15,2043448799,M2,689752ec2d69,1.0,0.6995,1.0,0.677,0.0,0.2174,0.0094,,1.0,322,0,264
W-conflict,600,0.05,0.7,0.05,15,2043448799,M1+pausa,689752ec2d69,1.0,0.6995,0.941,0.6242,0.059,0.2764,0.0572,,1.0,322,0,264
W-conflict,600,0.05,0.7,0.05,16,1390534172,M0,689752ec2d69,1.0,0.6995,0.92,0.6233,0.08,0.2633,0.1234,,1.0,300,0,264
W-conflict,600,0.05,0.7,0.05,16,1390534172,M1,689752ec2d69,1.0,0.6995,0.92,0.6233,0.08,0.2633,0.074,,1.0,300,0,264
W-conflict,600,0.05,0.7,0.05,16,1390534172,M2,689752ec2d69,1.0,0.6995,1.0,0.7,0.0,0.19,0.0092,,1.0,300,0,264
W-conflict,600,0.05,0.7,0.05,16,1390534172,M1+pausa,689752ec2d69,1.0,0.6995,0.92,0.6233,0.08,0.2633,0.074,,1.0,300,0,264
W-conflict,600,0.05,0.7,0.05,17,1274736477,M0,689752ec2d69,1.0,0.6995,0.9172,0.631,0.0828,0.2379,0.0755,,1.0,290,0,245
W-conflict,600,0.05,0.7,0.05,17,1274736477,M1,689752ec2d69,1.0,0.6995,0.9172,0.631,0.0828,0.2379,0.0762,,1.0,290,0,245
W-conflict,600,0.05,0.7,0.05,17,1274736477,M2,689752ec2d69,1.0,0.6995,1.0,0.7103,0.0,0.1793,0.0092,,1.0,290,0,245
W-conflict,600,0.05,0.7,0.05,17,1274736477,M1+pausa,689752ec2d69,1.0,0.6995,0.9172,0.631,0.0828,0.2379,0.0762,,1.0,290,0,245
W-conflict,600,0.05,0.7,0.05,18,1281553298,M0,689752ec2d69,1.0,0.6995,0.9241,0.67,0.0759,0.264,0.0691,,1.0,303,0,267
W-conflict,600,0.05,0.7,0.05,18,1281553298,M1,689752ec2d69,1.0,0.6995,0.9241,0.67,0.0759,0.264,0.0707,,1.0,303,0,267
W-conflict,600,0.05,0.7,0.05,18,1281553298,M2,689752ec2d69,1.0,0.6995,1.0,0.7426,0.0,0.1881,0.0093,,1.0,303,0,267
W-conflict,600,0.05,0.7,0.05,18,1281553298,M1+pausa,689752ec2d69,1.0,0.6995,0.9241,0.67,0.0759,0.264,0.0707,,1.0,303,0,267
W-conflict,600,0.05,0.7,0.05,19,1434043091,M0,689752ec2d69,1.0,0.6995,0.9444,0.7074,0.0556,0.163,0.0656,,1.0,270,0,258
W-conflict,600,0.05,0.7,0.05,19,1434043091,M1,689752ec2d69,1.0,0.6995,0.9444,0.7074,0.0556,0.163,0.0544,,1.0,270,0,258
W-conflict,600,0.05,0.7,0.05,19,1434043091,M2,689752ec2d69,1.0,0.6995,1.0,0.7593,0.0,0.1185,0.0095,,1.0,270,0,258
W-conflict,600,0.05,0.7,0.05,19,1434043091,M1+pausa,689752ec2d69,1.0,0.6995,0.9444,0.7074,0.0556,0.163,0.0544,,1.0,270,0,258
W-conflict,600,0.05,0.7,0.25,0,988417174,M0,689752ec2d69,1.0,0.6995,0.9732,0.4732,0.0268,0.1846,0.0461,,1.0,298,0,238
W-conflict,600,0.05,0.7,0.25,0,988417174,M1,689752ec2d69,1.0,0.6995,0.9732,0.4732,0.0268,0.1846,0.0315,,1.0,298,0,238
W-conflict,600,0.05,0.7,0.25,0,988417174,M2,689752ec2d69,1.0,0.6995,1.0,0.4899,0.0,0.1577,0.0097,,1.0,298,0,238
W-conflict,600,0.05,0.7,0.25,0,988417174,M1+pausa,689752ec2d69,1.0,0.6995,0.9732,0.4732,0.0268,0.1846,0.0315,,1.0,298,0,238
W-conflict,600,0.05,0.7,0.25,1,603012567,M0,689752ec2d69,1.0,0.6995,0.9511,0.4699,0.0489,0.1692,0.0592,,1.0,266,0,227
W-conflict,600,0.05,0.7,0.25,1,603012567,M1,689752ec2d69,1.0,0.6995,0.9511,0.4699,0.0489,0.1692,0.0491,,1.0,266,0,227
W-conflict,600,0.05,0.7,0.25,1,603012567,M2,689752ec2d69,1.0,0.6995,1.0,0.5038,0.0,0.1203,0.0095,,1.0,266,0,227
W-conflict,600,0.05,0.7,0.25,1,603012567,M1+pausa,689752ec2d69,1.0,0.6995,0.9511,0.4699,0.0489,0.1692,0.0491,,1.0,266,0,227
W-conflict,600,0.05,0.7,0.25,2,148663828,M0,689752ec2d69,1.0,0.6995,0.9373,0.4796,0.0627,0.1944,0.0788,,1.0,319,0,277
W-conflict,600,0.05,0.7,0.25,2,148663828,M1,689752ec2d69,1.0,0.6995,0.9373,0.4796,0.0627,0.1944,0.0602,,1.0,319,0,277
W-conflict,600,0.05,0.7,0.25,2,148663828,M2,689752ec2d69,1.0,0.6995,1.0,0.5016,0.0,0.1317,0.0094,,1.0,319,0,277
W-conflict,600,0.05,0.7,0.25,2,148663828,M1+pausa,689752ec2d69,1.0,0.6995,0.9373,0.4796,0.0627,0.1944,0.0602,,1.0,319,0,277
W-conflict,600,0.05,0.7,0.25,3,298278741,M0,689752ec2d69,1.0,0.6995,0.961,0.4513,0.039,0.1818,0.0525,,1.0,308,0,254
W-conflict,600,0.05,0.7,0.25,3,298278741,M1,689752ec2d69,1.0,0.6995,0.961,0.4513,0.039,0.1818,0.0412,,1.0,308,0,254
W-conflict,600,0.05,0.7,0.25,3,298278741,M2,689752ec2d69,1.0,0.6995,1.0,0.4675,0.0,0.1429,0.0096,,1.0,308,0,254
W-conflict,600,0.05,0.7,0.25,3,298278741,M1+pausa,689752ec2d69,1.0,0.6995,0.961,0.4513,0.039,0.1818,0.0412,,1.0,308,0,254
W-conflict,600,0.05,0.7,0.25,4,1585891730,M0,689752ec2d69,1.0,0.6995,0.9681,0.4645,0.0319,0.2057,0.0623,,1.0,282,0,231
W-conflict,600,0.05,0.7,0.25,4,1585891730,M1,689752ec2d69,1.0,0.6995,0.9681,0.4645,0.0319,0.2057,0.0355,,1.0,282,0,231
W-conflict,600,0.05,0.7,0.25,4,1585891730,M2,689752ec2d69,1.0,0.6995,1.0,0.4894,0.0,0.1738,0.0097,,1.0,282,0,231
W-conflict,600,0.05,0.7,0.25,4,1585891730,M1+pausa,689752ec2d69,1.0,0.6995,0.9681,0.4645,0.0319,0.2057,0.0355,,1.0,282,0,231
W-conflict,600,0.05,0.7,0.25,5,1201535187,M0,689752ec2d69,1.0,0.6995,0.9617,0.4251,0.0383,0.1916,0.0676,,1.0,287,0,234
W-conflict,600,0.05,0.7,0.25,5,1201535187,M1,689752ec2d69,1.0,0.6995,0.9617,0.4251,0.0383,0.1916,0.0407,,1.0,287,0,234
W-conflict,600,0.05,0.7,0.25,5,1201535187,M2,689752ec2d69,1.0,0.6995,1.0,0.446,0.0,0.1533,0.0096,,1.0,287,0,234
W-conflict,600,0.05,0.7,0.25,5,1201535187,M1+pausa,689752ec2d69,1.0,0.6995,0.9617,0.4251,0.0383,0.1916,0.0407,,1.0,287,0,234
W-conflict,600,0.05,0.7,0.25,6,1823517456,M0,689752ec2d69,1.0,0.6995,0.9492,0.4034,0.0508,0.2068,0.0517,,1.0,295,0,262
W-conflict,600,0.05,0.7,0.25,6,1823517456,M1,689752ec2d69,1.0,0.6995,0.9492,0.4034,0.0508,0.2068,0.0507,,1.0,295,0,262
W-conflict,600,0.05,0.7,0.25,6,1823517456,M2,689752ec2d69,1.0,0.6995,1.0,0.4305,0.0,0.1559,0.0095,,1.0,295,0,262
W-conflict,600,0.05,0.7,0.25,6,1823517456,M1+pausa,689752ec2d69,1.0,0.6995,0.9492,0.4034,0.0508,0.2068,0.0507,,1.0,295,0,262
W-conflict,600,0.05,0.7,0.25,7,1974180433,M0,689752ec2d69,1.0,0.6995,0.9642,0.4229,0.0358,0.1613,0.0506,,1.0,279,0,223
W-conflict,600,0.05,0.7,0.25,7,1974180433,M1,689752ec2d69,1.0,0.6995,0.9642,0.4229,0.0358,0.1613,0.0387,,1.0,279,0,223
W-conflict,600,0.05,0.7,0.25,7,1974180433,M2,689752ec2d69,1.0,0.6995,1.0,0.448,0.0,0.1254,0.0097,,1.0,279,0,223
W-conflict,600,0.05,0.7,0.25,7,1974180433,M1+pausa,689752ec2d69,1.0,0.6995,0.9642,0.4229,0.0358,0.1613,0.0387,,1.0,279,0,223
W-conflict,600,0.05,0.7,0.25,8,1915979422,M0,689752ec2d69,1.0,0.6995,0.9502,0.4784,0.0498,0.1927,0.0581,,1.0,301,0,273
W-conflict,600,0.05,0.7,0.25,8,1915979422,M1,689752ec2d69,1.0,0.6995,0.9502,0.4784,0.0498,0.1927,0.0499,,1.0,301,0,273
W-conflict,600,0.05,0.7,0.25,8,1915979422,M2,689752ec2d69,1.0,0.6995,1.0,0.5083,0.0,0.1429,0.0095,,1.0,301,0,273
W-conflict,600,0.05,0.7,0.25,8,1915979422,M1+pausa,689752ec2d69,1.0,0.6995,0.9502,0.4784,0.0498,0.1927,0.0499,,1.0,301,0,273
W-conflict,600,0.05,0.7,0.25,9,1797830623,M0,689752ec2d69,1.0,0.6995,0.9627,0.4305,0.0373,0.2169,0.0536,,1.0,295,0,244
W-conflict,600,0.05,0.7,0.25,9,1797830623,M1,689752ec2d69,1.0,0.6995,0.9627,0.4305,0.0373,0.2169,0.0398,,1.0,295,0,244
W-conflict,600,0.05,0.7,0.25,9,1797830623,M2,689752ec2d69,1.0,0.6995,1.0,0.4542,0.0,0.1797,0.0096,,1.0,295,0,244
W-conflict,600,0.05,0.7,0.25,9,1797830623,M1+pausa,689752ec2d69,1.0,0.6995,0.9627,0.4305,0.0373,0.2169,0.0398,,1.0,295,0,244
W-conflict,600,0.05,0.7,0.25,10,321153203,M0,689752ec2d69,1.0,0.6995,0.9441,0.4408,0.0559,0.1908,0.0591,,1.0,304,0,274
W-conflict,600,0.05,0.7,0.25,10,321153203,M1,689752ec2d69,1.0,0.6995,0.9441,0.4408,0.0559,0.1908,0.0547,,1.0,304,0,274
W-conflict,600,0.05,0.7,0.25,10,321153203,M2,689752ec2d69,1.0,0.6995,1.0,0.4605,0.0,0.1349,0.0095,,1.0,304,0,274
W-conflict,600,0.05,0.7,0.25,10,321153203,M1+pausa,689752ec2d69,1.0,0.6995,0.9441,0.4408,0.0559,0.1908,0.0547,,1.0,304,0,274
W-conflict,600,0.05,0.7,0.25,11,171923954,M0,689752ec2d69,1.0,0.6995,0.9353,0.446,0.0647,0.1835,0.0526,,1.0,278,0,247
W-conflict,600,0.05,0.7,0.25,11,171923954,M1,689752ec2d69,1.0,0.6995,0.9353,0.446,0.0647,0.1835,0.0618,,1.0,278,0,247
W-conflict,600,0.05,0.7,0.25,11,171923954,M2,689752ec2d69,1.0,0.6995,1.0,0.482,0.0,0.1187,0.0094,,1.0,278,0,247
W-conflict,600,0.05,0.7,0.25,11,171923954,M1+pausa,689752ec2d69,1.0,0.6995,0.9353,0.446,0.0647,0.1835,0.0618,,1.0,278,0,247
W-conflict,600,0.05,0.7,0.25,12,554830385,M0,689752ec2d69,1.0,0.6995,0.9524,0.4218,0.0476,0.2245,0.0501,,1.0,294,0,254
W-conflict,600,0.05,0.7,0.25,12,554830385,M1,689752ec2d69,1.0,0.6995,0.9524,0.4218,0.0476,0.2245,0.0481,,1.0,294,0,254
W-conflict,600,0.05,0.7,0.25,12,554830385,M2,689752ec2d69,1.0,0.6995,1.0,0.4524,0.0,0.1769,0.0095,,1.0,294,0,254
W-conflict,600,0.05,0.7,0.25,12,554830385,M1+pausa,689752ec2d69,1.0,0.6995,0.9524,0.4218,0.0476,0.2245,0.0481,,1.0,294,0,254
W-conflict,600,0.05,0.7,0.25,13,940129136,M0,689752ec2d69,1.0,0.6995,0.972,0.472,0.028,0.1783,0.0392,,1.0,286,0,227
W-conflict,600,0.05,0.7,0.25,13,940129136,M1,689752ec2d69,1.0,0.6995,0.972,0.472,0.028,0.1783,0.0324,,1.0,286,0,227
W-conflict,600,0.05,0.7,0.25,13,940129136,M2,689752ec2d69,1.0,0.6995,1.0,0.486,0.0,0.1503,0.0097,,1.0,286,0,227
W-conflict,600,0.05,0.7,0.25,13,940129136,M1+pausa,689752ec2d69,1.0,0.6995,0.972,0.472,0.028,0.1783,0.0324,,1.0,286,0,227
W-conflict,600,0.05,0.7,0.25,14,2001251767,M0,689752ec2d69,1.0,0.6995,0.9441,0.4342,0.0559,0.1941,0.0495,,1.0,304,0,266
W-conflict,600,0.05,0.7,0.25,14,2001251767,M1,689752ec2d69,1.0,0.6995,0.9441,0.4342,0.0559,0.1941,0.0547,,1.0,304,0,266
W-conflict,600,0.05,0.7,0.25,14,2001251767,M2,689752ec2d69,1.0,0.6995,1.0,0.477,0.0,0.1414,0.0095,,1.0,304,0,266
W-conflict,600,0.05,0.7,0.25,14,2001251767,M1+pausa,689752ec2d69,1.0,0.6995,0.9441,0.4342,0.0559,0.1941,0.0547,,1.0,304,0,266
W-conflict,600,0.05,0.7,0.25,15,1850973430,M0,689752ec2d69,1.0,0.6995,0.9745,0.4655,0.0255,0.1636,0.0817,,1.0,275,0,229
W-conflict,600,0.05,0.7,0.25,15,1850973430,M1,689752ec2d69,1.0,0.6995,0.9745,0.4655,0.0255,0.1636,0.0304,,1.0,275,0,229
W-conflict,600,0.05,0.7,0.25,15,1850973430,M2,689752ec2d69,1.0,0.6995,1.0,0.4727,0.0,0.1382,0.0098,,1.0,275,0,229
W-conflict,600,0.05,0.7,0.25,15,1850973430,M1+pausa,689752ec2d69,1.0,0.6995,0.9745,0.4655,0.0255,0.1636,0.0304,,1.0,275,0,229
W-conflict,600,0.05,0.7,0.25,16,1165938485,M0,689752ec2d69,1.0,0.6995,0.947,0.4603,0.053,0.1854,0.06,,1.0,302,0,260
W-conflict,600,0.05,0.7,0.25,16,1165938485,M1,689752ec2d69,1.0,0.6995,0.947,0.4603,0.053,0.1854,0.0524,,1.0,302,0,260
W-conflict,600,0.05,0.7,0.25,16,1165938485,M2,689752ec2d69,1.0,0.6995,1.0,0.4934,0.0,0.1325,0.0095,,1.0,302,0,260
W-conflict,600,0.05,0.7,0.25,16,1165938485,M1+pausa,689752ec2d69,1.0,0.6995,0.947,0.4603,0.053,0.1854,0.0524,,1.0,302,0,260
W-conflict,600,0.05,0.7,0.25,17,1550188148,M0,689752ec2d69,1.0,0.6995,0.9509,0.4807,0.0491,0.207,0.0526,,1.0,285,0,248
W-conflict,600,0.05,0.7,0.25,17,1550188148,M1,689752ec2d69,1.0,0.6995,0.9509,0.4807,0.0491,0.207,0.0493,,1.0,285,0,248
W-conflict,600,0.05,0.7,0.25,17,1550188148,M2,689752ec2d69,1.0,0.6995,1.0,0.5158,0.0,0.1579,0.0095,,1.0,285,0,248
W-conflict,600,0.05,0.7,0.25,17,1550188148,M1+pausa,689752ec2d69,1.0,0.6995,0.9509,0.4807,0.0491,0.207,0.0493,,1.0,285,0,248
W-conflict,600,0.05,0.7,0.25,18,1543365307,M0,689752ec2d69,1.0,0.6995,0.9268,0.4669,0.0732,0.1986,0.0579,,1.0,287,0,220
W-conflict,600,0.05,0.7,0.25,18,1543365307,M1,689752ec2d69,1.0,0.6995,0.9268,0.4669,0.0732,0.1986,0.0685,,1.0,287,0,220
W-conflict,600,0.05,0.7,0.25,18,1543365307,M2,689752ec2d69,1.0,0.6995,1.0,0.5157,0.0,0.1254,0.0093,,1.0,287,0,220
W-conflict,600,0.05,0.7,0.25,18,1543365307,M1+pausa,689752ec2d69,1.0,0.6995,0.9268,0.4669,0.0732,0.1986,0.0685,,1.0,287,0,220
W-conflict,600,0.05,0.7,0.25,19,1122423802,M0,689752ec2d69,1.0,0.6995,0.9622,0.4502,0.0378,0.1993,0.0318,,1.0,291,0,251
W-conflict,600,0.05,0.7,0.25,19,1122423802,M1,689752ec2d69,1.0,0.6995,0.9622,0.4502,0.0378,0.1993,0.0402,,1.0,291,0,251
W-conflict,600,0.05,0.7,0.25,19,1122423802,M2,689752ec2d69,1.0,0.6995,1.0,0.4708,0.0,0.1615,0.0096,,1.0,291,0,251
W-conflict,600,0.05,0.7,0.25,19,1122423802,M1+pausa,689752ec2d69,1.0,0.6995,0.9622,0.4502,0.0378,0.1993,0.0402,,1.0,291,0,251
W-conflict,600,0.3,1.0,0.05,0,1650233417,M0,689752ec2d69,1.0,0.6995,0.9232,0.6594,0.0768,0.2755,0.0828,,1.0,599,0,503
W-conflict,600,0.3,1.0,0.05,0,1650233417,M1,689752ec2d69,1.0,0.6995,0.9232,0.6594,0.0768,0.2755,0.0714,,1.0,599,0,503
W-conflict,600,0.3,1.0,0.05,0,1650233417,M2,689752ec2d69,1.0,0.6995,1.0,0.7262,0.0,0.1987,0.0093,,1.0,599,0,503
W-conflict,600,0.3,1.0,0.05,0,1650233417,M1+pausa,689752ec2d69,1.0,0.6995,0.9232,0.6594,0.0768,0.2755,0.0714,,1.0,599,0,503
W-conflict,600,0.3,1.0,0.05,1,2068291848,M0,689752ec2d69,1.0,0.6995,0.9366,0.6611,0.0634,0.2604,0.0879,,1.0,599,0,479
W-conflict,600,0.3,1.0,0.05,1,2068291848,M1,689752ec2d69,1.0,0.6995,0.9366,0.6611,0.0634,0.2604,0.0608,,1.0,599,0,479
W-conflict,600,0.3,1.0,0.05,1,2068291848,M2,689752ec2d69,1.0,0.6995,1.0,0.7229,0.0,0.197,0.0094,,1.0,599,0,479
W-conflict,600,0.3,1.0,0.05,1,2068291848,M1+pausa,689752ec2d69,1.0,0.6995,0.9366,0.6611,0.0634,0.2604,0.0608,,1.0,599,0,479
W-conflict,600,0.3,1.0,0.05,2,1349186251,M0,689752ec2d69,1.0,0.6995,0.9316,0.6361,0.0684,0.2287,0.0872,,1.0,599,0,505
W-conflict,600,0.3,1.0,0.05,2,1349186251,M1,689752ec2d69,1.0,0.6995,0.9316,0.6361,0.0684,0.2287,0.0648,,1.0,599,0,505
W-conflict,600,0.3,1.0,0.05,2,1349186251,M2,689752ec2d69,1.0,0.6995,1.0,0.6945,0.0,0.1703,0.0093,,1.0,599,0,505
W-conflict,600,0.3,1.0,0.05,2,1349186251,M1+pausa,689752ec2d69,1.0,0.6995,0.9316,0.6361,0.0684,0.2287,0.0648,,1.0,599,0,505
W-conflict,600,0.3,1.0,0.05,3,1232192394,M0,689752ec2d69,1.0,0.6995,0.9299,0.6678,0.0701,0.2471,0.0935,,1.0,599,0,479
W-conflict,600,0.3,1.0,0.05,3,1232192394,M1,689752ec2d69,1.0,0.6995,0.9299,0.6678,0.0701,0.2471,0.0661,,1.0,599,0,479
W-conflict,600,0.3,1.0,0.05,3,1232192394,M2,689752ec2d69,1.0,0.6995,1.0,0.7346,0.0,0.1853,0.0093,,1.0,599,0,479
W-conflict,600,0.3,1.0,0.05,3,1232192394,M1+pausa,689752ec2d69,1.0,0.6995,0.9299,0.6678,0.0701,0.2471,0.0661,,1.0,599,0,479
W-conflict,600,0.3,1.0,0.05,4,103830861,M0,689752ec2d69,1.0,0.6995,0.9316,0.6628,0.0684,0.2688,0.1415,,1.0,599,0,478
W-conflict,600,0.3,1.0,0.05,4,103830861,M1,689752ec2d69,1.0,0.6995,0.9316,0.6628,0.0684,0.2688,0.0648,,1.0,599,0,478
W-conflict,600,0.3,1.0,0.05,4,103830861,M2,689752ec2d69,1.0,0.6995,1.0,0.7262,0.0,0.2003,0.0093,,1.0,599,0,478
W-conflict,600,0.3,1.0,0.05,4,103830861,M1+pausa,689752ec2d69,1.0,0.6995,0.9316,0.6628,0.0684,0.2688,0.0648,,1.0,599,0,478
W-conflict,600,0.3,1.0,0.05,5,522937356,M0,689752ec2d69,1.0,0.6995,0.9382,0.6544,0.0618,0.2154,0.1335,,1.0,599,0,553
W-conflict,600,0.3,1.0,0.05,5,522937356,M1,689752ec2d69,1.0,0.6995,0.9382,0.6544,0.0618,0.2154,0.0594,,1.0,599,0,553
W-conflict,600,0.3,1.0,0.05,5,522937356,M2,689752ec2d69,1.0,0.6995,1.0,0.7129,0.0,0.1669,0.0094,,1.0,599,0,553
W-conflict,600,0.3,1.0,0.05,5,522937356,M1+pausa,689752ec2d69,1.0,0.6995,0.9382,0.6544,0.0618,0.2154,0.0594,,1.0,599,0,553
W-conflict,600,0.3,1.0,0.05,6,872822735,M0,689752ec2d69,1.0,0.6995,0.9232,0.6761,0.0768,0.2571,0.0769,,1.0,599,0,484
W-conflict,600,0.3,1.0,0.05,6,872822735,M1,689752ec2d69,1.0,0.6995,0.9232,0.6761,0.0768,0.2571,0.0714,,1.0,599,0,484
W-conflict,600,0.3,1.0,0.05,6,872822735,M2,689752ec2d69,1.0,0.6995,1.0,0.7462,0.0,0.1803,0.0093,,1.0,599,0,484
W-conflict,600,0.3,1.0,0.05,6,872822735,M1+pausa,689752ec2d69,1.0,0.6995,0.9232,0.6761,0.0768,0.2571,0.0714,,1.0,599,0,484
W-conflict,600,0.3,1.0,0.05,7,756876942,M0,689752ec2d69,1.0,0.6995,0.9299,0.6661,0.0701,0.2421,0.1218,,1.0,599,0,551
W-conflict,600,0.3,1.0,0.05,7,756876942,M1,689752ec2d69,1.0,0.6995,0.9299,0.6661,0.0701,0.2421,0.0661,,1.0,599,0,551
W-conflict,600,0.3,1.0,0.05,7,756876942,M2,689752ec2d69,1.0,0.6995,1.0,0.7312,0.0,0.182,0.0093,,1.0,599,0,551
W-conflict,600,0.3,1.0,0.05,7,756876942,M1+pausa,689752ec2d69,1.0,0.6995,0.9299,0.6661,0.0701,0.2421,0.0661,,1.0,599,0,551
W-conflict,600,0.3,1.0,0.05,8,713366081,M0,689752ec2d69,1.0,0.6995,0.9382,0.6711,0.0618,0.2571,0.0944,,1.0,599,0,516
W-conflict,600,0.3,1.0,0.05,8,713366081,M1,689752ec2d69,1.0,0.6995,0.9382,0.6711,0.0618,0.2571,0.0594,,1.0,599,0,516
W-conflict,600,0.3,1.0,0.05,8,713366081,M2,689752ec2d69,1.0,0.6995,1.0,0.7245,0.0,0.1953,0.0094,,1.0,599,0,516
W-conflict,600,0.3,1.0,0.05,8,713366081,M1+pausa,689752ec2d69,1.0,0.6995,0.9382,0.6711,0.0618,0.2571,0.0594,,1.0,599,0,516
W-conflict,600,0.3,1.0,0.05,9,866003712,M0,689752ec2d69,1.0,0.6995,0.9399,0.6528,0.0601,0.202,0.07,,1.0,599,0,509
W-conflict,600,0.3,1.0,0.05,9,866003712,M1,689752ec2d69,1.0,0.6995,0.9399,0.6528,0.0601,0.202,0.0581,,1.0,599,0,509
W-conflict,600,0.3,1.0,0.05,9,866003712,M2,689752ec2d69,1.0,0.6995,1.0,0.7012,0.0,0.1653,0.0094,,1.0,599,0,509
W-conflict,600,0.3,1.0,0.05,9,866003712,M1+pausa,689752ec2d69,1.0,0.6995,0.9399,0.6528,0.0601,0.202,0.0581,,1.0,599,0,509
W-conflict,600,0.3,1.0,0.05,10,93327722,M0,689752ec2d69,1.0,0.6995,0.9182,0.6511,0.0818,0.2838,0.1433,,1.0,599,0,489
W-conflict,600,0.3,1.0,0.05,10,93327722,M1,689752ec2d69,1.0,0.6995,0.9182,0.6511,0.0818,0.2838,0.0754,,1.0,599,0,489
W-conflict,600,0.3,1.0,0.05,10,93327722,M2,689752ec2d69,1.0,0.6995,1.0,0.7212,0.0,0.202,0.0092,,1.0,599,0,489
W-conflict,600,0.3,1.0,0.05,10,93327722,M1+pausa,689752ec2d69,1.0,0.6995,0.9182,0.6511,0.0818,0.2838,0.0754,,1.0,599,0,489
W-conflict,600,0.3,1.0,0.05,11,478879787,M0,689752ec2d69,1.0,0.6995,0.9149,0.6561,0.0851,0.2638,0.1068,,1.0,599,0,475
W-conflict,600,0.3,1.0,0.05,11,478879787,M1,689752ec2d69,1.0,0.6995,0.9149,0.6561,0.0851,0.2638,0.0781,,1.0,599,0,475
W-conflict,600,0.3,1.0,0.05,11,478879787,M2,689752ec2d69,1.0,0.6995,1.0,0.7312,0.0,0.1803,0.0092,,1.0,599,0,475
W-conflict,600,0.3,1.0,0.05,11,478879787,M1+pausa,689752ec2d69,1.0,0.6995,0.9149,0.6561,0.0851,0.2638,0.0781,,1.0,599,0,475
W-conflict,600,0.3,1.0,0.05,12,933655528,M0,689752ec2d69,1.0,0.6995,0.9432,0.6528,0.0568,0.2738,0.09,,1.0,599,0,496
W-conflict,600,0.3,1.0,0.05,12,933655528,M1,689752ec2d69,1.0,0.6995,0.9432,0.6528,0.0568,0.2738,0.0554,,1.0,599,0,496
W-conflict,600,0.3,1.0,0.05,12,933655528,M2,689752ec2d69,1.0,0.6995,1.0,0.7062,0.0,0.217,0.0095,,1.0,599,0,496
W-conflict,600,0.3,1.0,0.05,12,933655528,M1+pausa,689752ec2d69,1.0,0.6995,0.9432,0.6528,0.0568,0.2738,0.0554,,1.0,599,0,496
W-conflict,600,0.3,1.0,0.05,13,784155305,M0,689752ec2d69,1.0,0.6995,0.9349,0.6578,0.0651,0.2738,0.0911,,1.0,599,0,497
W-conflict,600,0.3,1.0,0.05,13,784155305,M1,689752ec2d69,1.0,0.6995,0.9349,0.6578,0.0651,0.2738,0.0621,,1.0,599,0,497
W-conflict,600,0.3,1.0,0.05,13,784155305,M2,689752ec2d69,1.0,0.6995,1.0,0.7179,0.0,0.2104,0.0094,,1.0,599,0,497
W-conflict,600,0.3,1.0,0.05,13,784155305,M1+pausa,689752ec2d69,1.0,0.6995,0.9349,0.6578,0.0651,0.2738,0.0621,,1.0,599,0,497
W-conflict,600,0.3,1.0,0.05,14,1643959406,M0,689752ec2d69,1.0,0.6995,0.9516,0.6644,0.0484,0.2554,0.0624,,1.0,599,0,537
W-conflict,600,0.3,1.0,0.05,14,1643959406,M1,689752ec2d69,1.0,0.6995,0.9516,0.6644,0.0484,0.2554,0.0487,,1.0,599,0,537
W-conflict,600,0.3,1.0,0.05,14,1643959406,M2,689752ec2d69,1.0,0.6995,1.0,0.7045,0.0,0.207,0.0095,,1.0,599,0,537
W-conflict,600,0.3,1.0,0.05,14,1643959406,M1+pausa,689752ec2d69,1.0,0.6995,0.9516,0.6644,0.0484,0.2554,0.0487,,1.0,599,0,537
W-conflict,600,0.3,1.0,0.05,15,2028463407,M0,689752ec2d69,1.0,0.6995,0.9199,0.6411,0.0801,0.2738,0.0927,,1.0,599,0,494
W-conflict,600,0.3,1.0,0.05,15,2028463407,M1,689752ec2d69,1.0,0.6995,0.9199,0.6411,0.0801,0.2738,0.0741,,1.0,599,0,494
W-conflict,600,0.3,1.0,0.05,15,2028463407,M2,689752ec2d69,1.0,0.6995,1.0,0.7162,0.0,0.1937,0.0092,,1.0,599,0,494
W-conflict,600,0.3,1.0,0.05,15,2028463407,M1+pausa,689752ec2d69,1.0,0.6995,0.9199,0.6411,0.0801,0.2738,0.0741,,1.0,599,0,494
W-conflict,600,0.3,1.0,0.05,16,1405794028,M0,689752ec2d69,1.0,0.6995,0.9082,0.6611,0.0918,0.2755,0.09,,1.0,599,0,519
W-conflict,600,0.3,1.0,0.05,16,1405794028,M1,689752ec2d69,1.0,0.6995,0.9082,0.6611,0.0918,0.2755,0.0835,,1.0,599,0,519
W-conflict,600,0.3,1.0,0.05,16,1405794028,M2,689752ec2d69,1.0,0.6995,1.0,0.7429,0.0,0.1836,0.0091,,1.0,599,0,519
W-conflict,600,0.3,1.0,0.05,16,1405794028,M1+pausa,689752ec2d69,1.0,0.6995,0.9082,0.6611,0.0918,0.2755,0.0835,,1.0,599,0,519
W-conflict,600,0.3,1.0,0.05,17,1255245741,M0,689752ec2d69,1.0,0.6995,0.9299,0.6528,0.0701,0.2771,0.0957,,1.0,599,0,485
W-conflict,600,0.3,1.0,0.05,17,1255245741,M1,689752ec2d69,1.0,0.6995,0.9299,0.6528,0.0701,0.2771,0.0661,,1.0,599,0,485
W-conflict,600,0.3,1.0,0.05,17,1255245741,M2,689752ec2d69,1.0,0.6995,1.0,0.7179,0.0,0.207,0.0093,,1.0,599,0,485
W-conflict,600,0.3,1.0,0.05,17,1255245741,M1+pausa,689752ec2d69,1.0,0.6995,0.9299,0.6528,0.0701,0.2771,0.0661,,1.0,599,0,485
W-conflict,600,0.3,1.0,0.05,18,1296669538,M0,689752ec2d69,1.0,0.6995,0.9332,0.6678,0.0668,0.1953,0.0749,,1.0,599,0,485
W-conflict,600,0.3,1.0,0.05,18,1296669538,M1,689752ec2d69,1.0,0.6995,0.9332,0.6678,0.0668,0.1953,0.0634,,1.0,599,0,485
W-conflict,600,0.3,1.0,0.05,18,1296669538,M2,689752ec2d69,1.0,0.6995,1.0,0.7262,0.0,0.1469,0.0094,,1.0,599,0,485
W-conflict,600,0.3,1.0,0.05,18,1296669538,M1+pausa,689752ec2d69,1.0,0.6995,0.9332,0.6678,0.0668,0.1953,0.0634,,1.0,599,0,485
W-conflict,600,0.3,1.0,0.05,19,1414703651,M0,689752ec2d69,1.0,0.6995,0.9215,0.6578,0.0785,0.2755,0.1089,,1.0,599,0,488
W-conflict,600,0.3,1.0,0.05,19,1414703651,M1,689752ec2d69,1.0,0.6995,0.9215,0.6578,0.0785,0.2755,0.0728,,1.0,599,0,488
W-conflict,600,0.3,1.0,0.05,19,1414703651,M2,689752ec2d69,1.0,0.6995,1.0,0.7262,0.0,0.197,0.0092,,1.0,599,0,488
W-conflict,600,0.3,1.0,0.05,19,1414703651,M1+pausa,689752ec2d69,1.0,0.6995,0.9215,0.6578,0.0785,0.2755,0.0728,,1.0,599,0,488
W-conflict,600,0.3,1.0,0.25,0,798241090,M0,689752ec2d69,1.0,0.6995,0.9382,0.4341,0.0618,0.2003,0.06,,1.0,599,0,486
W-conflict,600,0.3,1.0,0.25,0,798241090,M1,689752ec2d69,1.0,0.6995,0.9382,0.4341,0.0618,0.2003,0.0594,,1.0,599,0,486
W-conflict,600,0.3,1.0,0.25,0,798241090,M2,689752ec2d69,1.0,0.6995,1.0,0.4758,0.0,0.1386,0.0094,,1.0,599,0,486
W-conflict,600,0.3,1.0,0.25,0,798241090,M1+pausa,689752ec2d69,1.0,0.6995,0.9382,0.4341,0.0618,0.2003,0.0594,,1.0,599,0,486
W-conflict,600,0.3,1.0,0.25,1,915341315,M0,689752ec2d69,1.0,0.6995,0.9432,0.4391,0.0568,0.1987,0.1043,,1.0,599,0,519
W-conflict,600,0.3,1.0,0.25,1,915341315,M1,689752ec2d69,1.0,0.6995,0.9432,0.4391,0.0568,0.1987,0.0554,,1.0,599,0,519
W-conflict,600,0.3,1.0,0.25,1,915341315,M2,689752ec2d69,1.0,0.6995,1.0,0.4674,0.0,0.1419,0.0095,,1.0,599,0,519
W-conflict,600,0.3,1.0,0.25,1,915341315,M1+pausa,689752ec2d69,1.0,0.6995,0.9432,0.4391,0.0568,0.1987,0.0554,,1.0,599,0,519
W-conflict,600,0.3,1.0,0.25,2,497177536,M0,689752ec2d69,1.0,0.6995,0.9566,0.4508,0.0434,0.1853,0.0531,,1.0,599,0,483
W-conflict,600,0.3,1.0,0.25,2,497177536,M1,689752ec2d69,1.0,0.6995,0.9566,0.4508,0.0434,0.1853,0.0447,,1.0,599,0,483
W-conflict,600,0.3,1.0,0.25,2,497177536,M2,689752ec2d69,1.0,0.6995,1.0,0.4775,0.0,0.1419,0.0096,,1.0,599,0,483
W-conflict,600,0.3,1.0,0.25,2,497177536,M1+pausa,689752ec2d69,1.0,0.6995,0.9566,0.4508,0.0434,0.1853,0.0447,,1.0,599,0,483
W-conflict,600,0.3,1.0,0.25,3,79258241,M0,689752ec2d69,1.0,0.6995,0.9366,0.4508,0.0634,0.1903,0.0594,,1.0,599,0,503
W-conflict,600,0.3,1.0,0.25,3,79258241,M1,689752ec2d69,1.0,0.6995,0.9366,0.4508,0.0634,0.1903,0.0608,,1.0,599,0,503
W-conflict,600,0.3,1.0,0.25,3,79258241,M2,689752ec2d69,1.0,0.6995,1.0,0.4808,0.0,0.1269,0.0094,,1.0,599,0,503
W-conflict,600,0.3,1.0,0.25,3,79258241,M1+pausa,689752ec2d69,1.0,0.6995,0.9366,0.4508,0.0634,0.1903,0.0608,,1.0,599,0,503
W-conflict,600,0.3,1.0,0.25,4,1274606662,M0,689752ec2d69,1.0,0.6995,0.9482,0.4942,0.0518,0.1803,0.058,,1.0,599,0,488
W-conflict,600,0.3,1.0,0.25,4,1274606662,M1,689752ec2d69,1.0,0.6995,0.9482,0.4942,0.0518,0.1803,0.0514,,1.0,599,0,488
W-conflict,600,0.3,1.0,0.25,4,1274606662,M2,689752ec2d69,1.0,0.6995,1.0,0.5292,0.0,0.1285,0.0095,,1.0,599,0,488
W-conflict,600,0.3,1.0,0.25,4,1274606662,M1+pausa,689752ec2d69,1.0,0.6995,0.9482,0.4942,0.0518,0.1803,0.0514,,1.0,599,0,488
W-conflict,600,0.3,1.0,0.25,5,1390658823,M0,689752ec2d69,1.0,0.6995,0.9616,0.4825,0.0384,0.187,0.0633,,1.0,599,0,502
W-conflict,600,0.3,1.0,0.25,5,1390658823,M1,689752ec2d69,1.0,0.6995,0.9616,0.4825,0.0384,0.187,0.0407,,1.0,599,0,502
W-conflict,600,0.3,1.0,0.25,5,1390658823,M2,689752ec2d69,1.0,0.6995,1.0,0.5075,0.0,0.1486,0.0096,,1.0,599,0,502
W-conflict,600,0.3,1.0,0.25,5,1390658823,M1+pausa,689752ec2d69,1.0,0.6995,0.9616,0.4825,0.0384,0.187,0.0407,,1.0,599,0,502
W-conflict,600,0.3,1.0,0.25,6,2043582148,M0,689752ec2d69,1.0,0.6995,0.9516,0.4858,0.0484,0.1937,0.1356,,1.0,599,0,501
W-conflict,600,0.3,1.0,0.25,6,2043582148,M1,689752ec2d69,1.0,0.6995,0.9516,0.4858,0.0484,0.1937,0.0487,,1.0,599,0,501
W-conflict,600,0.3,1.0,0.25,6,2043582148,M2,689752ec2d69,1.0,0.6995,1.0,0.5142,0.0,0.1469,0.0095,,1.0,599,0,501
W-conflict,600,0.3,1.0,0.25,6,2043582148,M1+pausa,689752ec2d69,1.0,0.6995,0.9516,0.4858,0.0484,0.1937,0.0487,,1.0,599,0,501
W-conflict,600,0.3,1.0,0.25,7,1624614789,M0,689752ec2d69,1.0,0.6995,0.9633,0.4574,0.0367,0.187,0.0851,,1.0,599,0,501
W-conflict,600,0.3,1.0,0.25,7,1624614789,M1,689752ec2d69,1.0,0.6995,0.9633,0.4574,0.0367,0.187,0.0394,,1.0,599,0,501
W-conflict,600,0.3,1.0,0.25,7,1624614789,M2,689752ec2d69,1.0,0.6995,1.0,0.4758,0.0,0.1503,0.0096,,1.0,599,0,501
W-conflict,600,0.3,1.0,0.25,7,1624614789,M1+pausa,689752ec2d69,1.0,0.6995,0.9633,0.4574,0.0367,0.187,0.0394,,1.0,599,0,501
W-conflict,600,0.3,1.0,0.25,8,1733147466,M0,689752ec2d69,1.0,0.6995,0.9449,0.4174,0.0551,0.192,0.0652,,1.0,599,0,532
W-conflict,600,0.3,1.0,0.25,8,1733147466,M1,689752ec2d69,1.0,0.6995,0.9449,0.4174,0.0551,0.192,0.0541,,1.0,599,0,532
W-conflict,600,0.3,1.0,0.25,8,1733147466,M2,689752ec2d69,1.0,0.6995,1.0,0.4457,0.0,0.1369,0.0095,,1.0,599,0,532
W-conflict,600,0.3,1.0,0.25,8,1733147466,M1+pausa,689752ec2d69,1.0,0.6995,0.9449,0.4174,0.0551,0.192,0.0541,,1.0,599,0,532
W-conflict,600,0.3,1.0,0.25,9,2119600651,M0,689752ec2d69,1.0,0.6995,0.9699,0.4808,0.0301,0.1953,0.0606,,1.0,599,0,498
W-conflict,600,0.3,1.0,0.25,9,2119600651,M1,689752ec2d69,1.0,0.6995,0.9699,0.4808,0.0301,0.1953,0.034,,1.0,599,0,498
W-conflict,600,0.3,1.0,0.25,9,2119600651,M2,689752ec2d69,1.0,0.6995,1.0,0.4992,0.0,0.1653,0.0097,,1.0,599,0,498
W-conflict,600,0.3,1.0,0.25,9,2119600651,M1+pausa,689752ec2d69,1.0,0.6995,0.9699,0.4808,0.0301,0.1953,0.034,,1.0,599,0,498
W-conflict,600,0.3,1.0,0.25,10,302972995,M0,689752ec2d69,1.0,0.6995,0.9499,0.4691,0.0501,0.1853,0.0598,,1.0,599,0,507
W-conflict,600,0.3,1.0,0.25,10,302972995,M1,689752ec2d69,1.0,0.6995,0.9499,0.4691,0.0501,0.1853,0.0501,,1.0,599,0,507
W-conflict,600,0.3,1.0,0.25,10,302972995,M2,689752ec2d69,1.0,0.6995,1.0,0.4992,0.0,0.1352,0.0095,,1.0,599,0,507
W-conflict,600,0.3,1.0,0.25,10,302972995,M1+pausa,689752ec2d69,1.0,0.6995,0.9499,0.4691,0.0501,0.1853,0.0501,,1.0,599,0,507
W-conflict,600,0.3,1.0,0.25,11,185872642,M0,689752ec2d69,1.0,0.6995,0.9516,0.4474,0.0484,0.1987,0.0541,,1.0,599,0,483
W-conflict,600,0.3,1.0,0.25,11,185872642,M1,689752ec2d69,1.0,0.6995,0.9516,0.4474,0.0484,0.1987,0.0487,,1.0,599,0,483
W-conflict,600,0.3,1.0,0.25,11,185872642,M2,689752ec2d69,1.0,0.6995,1.0,0.4758,0.0,0.1503,0.0095,,1.0,599,0,483
W-conflict,600,0.3,1.0,0.25,11,185872642,M1+pausa,689752ec2d69,1.0,0.6995,0.9516,0.4474,0.0484,0.1987,0.0487,,1.0,599,0,483
W-conflict,600,0.3,1.0,0.25,12,540631745,M0,689752ec2d69,1.0,0.6995,0.9466,0.4908,0.0534,0.187,0.0532,,1.0,599,0,539
W-conflict,600,0.3,1.0,0.25,12,540631745,M1,689752ec2d69,1.0,0.6995,0.9466,0.4908,0.0534,0.187,0.0527,,1.0,599,0,539
W-conflict,600,0.3,1.0,0.25,12,540631745,M2,689752ec2d69,1.0,0.6995,1.0,0.5192,0.0,0.1336,0.0095,,1.0,599,0,539
W-conflict,600,0.3,1.0,0.25,12,540631745,M1+pausa,689752ec2d69,1.0,0.6995,0.9466,0.4908,0.0534,0.187,0.0527,,1.0,599,0,539
W-conflict,600,0.3,1.0,0.25,13,958550912,M0,689752ec2d69,1.0,0.6995,0.9583,0.4658,0.0417,0.1953,0.0579,,1.0,599,0,485
W-conflict,600,0.3,1.0,0.25,13,958550912,M1,689752ec2d69,1.0,0.6995,0.9583,0.4658,0.0417,0.1953,0.0434,,1.0,599,0,485
W-conflict,600,0.3,1.0,0.25,13,958550912,M2,689752ec2d69,1.0,0.6995,1.0,0.4875,0.0,0.1536,0.0096,,1.0,599,0,485
W-conflict,600,0.3,1.0,0.25,13,958550912,M1+pausa,689752ec2d69,1.0,0.6995,0.9583,0.4658,0.0417,0.1953,0.0434,,1.0,599,0,485
W-conflict,600,0.3,1.0,0.25,14,1986250055,M0,689752ec2d69,1.0,0.6995,0.9449,0.4791,0.0551,0.1903,0.0624,,1.0,599,0,514
W-conflict,600,0.3,1.0,0.25,14,1986250055,M1,689752ec2d69,1.0,0.6995,0.9449,0.4791,0.0551,0.1903,0.0541,,1.0,599,0,514
W-conflict,600,0.3,1.0,0.25,14,1986250055,M2,689752ec2d69,1.0,0.6995,1.0,0.5125,0.0,0.1352,0.0095,,1.0,599,0,514
W-conflict,600,0.3,1.0,0.25,14,1986250055,M1+pausa,689752ec2d69,1.0,0.6995,0.9449,0.4791,0.0551,0.1903,0.0541,,1.0,599,0,514
W-conflict,600,0.3,1.0,0.25,15,1870197766,M0,689752ec2d69,1.0,0.6995,0.9466,0.4474,0.0534,0.1786,0.0999,,1.0,599,0,500
W-conflict,600,0.3,1.0,0.25,15,1870197766,M1,689752ec2d69,1.0,0.6995,0.9466,0.4474,0.0534,0.1786,0.0527,,1.0,599,0,500
W-conflict,600,0.3,1.0,0.25,15,1870197766,M2,689752ec2d69,1.0,0.6995,1.0,0.4758,0.0,0.1252,0.0095,,1.0,599,0,500
W-conflict,600,0.3,1.0,0.25,15,1870197766,M1+pausa,689752ec2d69,1.0,0.6995,0.9466,0.4474,0.0534,0.1786,0.0527,,1.0,599,0,500
W-conflict,600,0.3,1.0,0.25,16,1146464197,M0,689752ec2d69,1.0,0.6995,0.9466,0.4841,0.0534,0.187,0.0508,,1.0,599,0,533
W-conflict,600,0.3,1.0,0.25,16,1146464197,M1,689752ec2d69,1.0,0.6995,0.9466,0.4841,0.0534,0.187,0.0527,,1.0,599,0,533
W-conflict,600,0.3,1.0,0.25,16,1146464197,M2,689752ec2d69,1.0,0.6995,1.0,0.5192,0.0,0.1352,0.0095,,1.0,599,0,533
W-conflict,600,0.3,1.0,0.25,16,1146464197,M1+pausa,689752ec2d69,1.0,0.6995,0.9466,0.4841,0.0534,0.187,0.0527,,1.0,599,0,533
W-conflict,600,0.3,1.0,0.25,17,1565431428,M0,689752ec2d69,1.0,0.6995,0.9683,0.4858,0.0317,0.1853,0.0657,,1.0,599,0,483
W-conflict,600,0.3,1.0,0.25,17,1565431428,M1,689752ec2d69,1.0,0.6995,0.9683,0.4858,0.0317,0.1853,0.0354,,1.0,599,0,483
W-conflict,600,0.3,1.0,0.25,17,1565431428,M2,689752ec2d69,1.0,0.6995,1.0,0.4958,0.0,0.1536,0.0097,,1.0,599,0,483
W-conflict,600,0.3,1.0,0.25,17,1565431428,M1+pausa,689752ec2d69,1.0,0.6995,0.9683,0.4858,0.0317,0.1853,0.0354,,1.0,599,0,483
W-conflict,600,0.3,1.0,0.25,18,1524009547,M0,689752ec2d69,1.0,0.6995,0.9466,0.4825,0.0534,0.1736,0.0711,,1.0,599,0,504
W-conflict,600,0.3,1.0,0.25,18,1524009547,M1,689752ec2d69,1.0,0.6995,0.9466,0.4825,0.0534,0.1736,0.0527,,1.0,599,0,504
W-conflict,600,0.3,1.0,0.25,18,1524009547,M2,689752ec2d69,1.0,0.6995,1.0,0.5125,0.0,0.1202,0.0095,,1.0,599,0,504
W-conflict,600,0.3,1.0,0.25,18,1524009547,M1+pausa,689752ec2d69,1.0,0.6995,0.9466,0.4825,0.0534,0.1736,0.0527,,1.0,599,0,504
W-conflict,600,0.3,1.0,0.25,19,1137556234,M0,689752ec2d69,1.0,0.6995,0.9633,0.4341,0.0367,0.1903,0.0674,,1.0,599,0,484
W-conflict,600,0.3,1.0,0.25,19,1137556234,M1,689752ec2d69,1.0,0.6995,0.9633,0.4341,0.0367,0.1903,0.0394,,1.0,599,0,484
W-conflict,600,0.3,1.0,0.25,19,1137556234,M2,689752ec2d69,1.0,0.6995,1.0,0.4457,0.0,0.1536,0.0096,,1.0,599,0,484
W-conflict,600,0.3,1.0,0.25,19,1137556234,M1+pausa,689752ec2d69,1.0,0.6995,0.9633,0.4341,0.0367,0.1903,0.0394,,1.0,599,0,484
W-conflict,600,0.3,0.7,0.05,0,384916559,M0,689752ec2d69,1.0,0.6995,0.924,0.6578,0.076,0.27,0.0753,,1.0,263,0,221
W-conflict,600,0.3,0.7,0.05,0,384916559,M1,689752ec2d69,1.0,0.6995,0.924,0.6578,0.076,0.27,0.0708,,1.0,263,0,221
W-conflict,600,0.3,0.7,0.05,0,384916559,M2,689752ec2d69,1.0,0.6995,1.0,0.73,0.0,0.1939,0.0093,,1.0,263,0,221
W-conflict,600,0.3,0.7,0.05,0,384916559,M1+pausa,689752ec2d69,1.0,0.6995,0.924,0.6578,0.076,0.27,0.0708,,1.0,263,0,221
W-conflict,600,0.3,0.7,0.05,1,267021582,M0,689752ec2d69,1.0,0.6995,0.9308,0.6401,0.0692,0.2699,0.0882,,1.0,289,0,236
W-conflict,600,0.3,0.7,0.05,1,267021582,M1,689752ec2d69,1.0,0.6995,0.9308,0.6401,0.0692,0.2699,0.0654,,1.0,289,0,236
W-conflict,600,0.3,0.7,0.05,1,267021582,M2,689752ec2d69,1.0,0.6995,1.0,0.699,0.0,0.2007,0.0093,,1.0,289,0,236
W-conflict,600,0.3,0.7,0.05,1,267021582,M1+pausa,689752ec2d69,1.0,0.6995,0.9308,0.6401,0.0692,0.2699,0.0654,,1.0,289,0,236
W-conflict,600,0.3,0.7,0.05,2,617037517,M0,689752ec2d69,1.0,0.6995,0.9291,0.6757,0.0709,0.2432,0.0555,,1.0,296,0,238
W-conflict,600,0.3,0.7,0.05,2,617037517,M1,689752ec2d69,1.0,0.6995,0.9291,0.6757,0.0709,0.2432,0.0668,,1.0,296,0,238
W-conflict,600,0.3,0.7,0.05,2,617037517,M2,689752ec2d69,1.0,0.6995,1.0,0.7399,0.0,0.1723,0.0093,,1.0,296,0,238
W-conflict,600,0.3,0.7,0.05,2,617037517,M1+pausa,689752ec2d69,1.0,0.6995,0.9291,0.6757,0.0709,0.2432,0.0668,,1.0,296,0,238
W-conflict,600,0.3,0.7,0.05,3,1037832076,M0,689752ec2d69,1.0,0.6995,0.9545,0.6656,0.0455,0.25,0.1264,,1.0,308,0,274
W-conflict,600,0.3,0.7,0.05,3,1037832076,M1,689752ec2d69,1.0,0.6995,0.9545,0.6656,0.0455,0.25,0.0464,,1.0,308,0,274
W-conflict,600,0.3,0.7,0.05,3,1037832076,M2,689752ec2d69,1.0,0.6995,1.0,0.7045,0.0,0.2045,0.0096,,1.0,308,0,274
W-conflict,600,0.3,0.7,0.05,3,1037832076,M1+pausa,689752ec2d69,1.0,0.6995,0.9545,0.6656,0.0455,0.25,0.0464,,1.0,308,0,274
W-conflict,600,0.3,0.7,0.05,4,1922931019,M0,689752ec2d69,1.0,0.6995,0.9404,0.6982,0.0596,0.193,0.0772,,1.0,285,0,243
W-conflict,600,0.3,0.7,0.05,4,1922931019,M1,689752ec2d69,1.0,0.6995,0.9404,0.6982,0.0596,0.193,0.0577,,1.0,285,0,243
W-conflict,600,0.3,0.7,0.05,4,1922931019,M2,689752ec2d69,1.0,0.6995,1.0,0.7544,0.0,0.1439,0.0094,,1.0,285,0,243
W-conflict,600,0.3,0.7,0.05,4,1922931019,M1+pausa,689752ec2d69,1.0,0.6995,0.9404,0.6982,0.0596,0.193,0.0577,,1.0,285,0,243
W-conflict,600,0.3,0.7,0.05,5,1803986954,M0,689752ec2d69,1.0,0.6995,0.9251,0.683,0.0749,0.1671,0.0706,,1.0,347,0,281
W-conflict,600,0.3,0.7,0.05,5,1803986954,M1,689752ec2d69,1.0,0.6995,0.9251,0.683,0.0749,0.1671,0.0699,,1.0,347,0,281
W-conflict,600,0.3,0.7,0.05,5,1803986954,M2,689752ec2d69,1.0,0.6995,1.0,0.7493,0.0,0.121,0.0093,,1.0,347,0,281
W-conflict,600,0.3,0.7,0.05,5,1803986954,M1+pausa,689752ec2d69,1.0,0.6995,0.9251,0.683,0.0749,0.1671,0.0699,,1.0,347,0,281
W-conflict,600,0.3,0.7,0.05,6,1085012937,M0,689752ec2d69,1.0,0.6995,0.9441,0.6783,0.0559,0.2098,0.0826,,1.0,286,0,238
W-conflict,600,0.3,0.7,0.05,6,1085012937,M1,689752ec2d69,1.0,0.6995,0.9441,0.6783,0.0559,0.2098,0.0548,,1.0,286,0,238
W-conflict,600,0.3,0.7,0.05,6,1085012937,M2,689752ec2d69,1.0,0.6995,1.0,0.7308,0.0,0.1573,0.0095,,1.0,286,0,238
W-conflict,600,0.3,0.7,0.05,6,1085012937,M1+pausa,689752ec2d69,1.0,0.6995,0.9441,0.6783,0.0559,0.2098,0.0548,,1.0,286,0,238
W-conflict,600,0.3,0.7,0.05,7,1504758408,M0,689752ec2d69,1.0,0.6995,0.9393,0.6893,0.0607,0.2321,0.0814,,1.0,280,0,239
W-conflict,600,0.3,0.7,0.05,7,1504758408,M1,689752ec2d69,1.0,0.6995,0.9393,0.6893,0.0607,0.2321,0.0586,,1.0,280,0,239
W-conflict,600,0.3,0.7,0.05,7,1504758408,M2,689752ec2d69,1.0,0.6995,1.0,0.7464,0.0,0.1714,0.0094,,1.0,280,0,239
W-conflict,600,0.3,0.7,0.05,7,1504758408,M1+pausa,689752ec2d69,1.0,0.6995,0.9393,0.6893,0.0607,0.2321,0.0586,,1.0,280,0,239
W-conflict,600,0.3,0.7,0.05,8,1579734599,M0,689752ec2d69,1.0,0.6995,0.9462,0.6738,0.0538,0.2151,0.06,,1.0,279,0,225
W-conflict,600,0.3,0.7,0.05,8,1579734599,M1,689752ec2d69,1.0,0.6995,0.9462,0.6738,0.0538,0.2151,0.053,,1.0,279,0,225
W-conflict,600,0.3,0.7,0.05,8,1579734599,M2,689752ec2d69,1.0,0.6995,1.0,0.724,0.0,0.1613,0.0095,,1.0,279,0,225
W-conflict,600,0.3,0.7,0.05,8,1579734599,M1+pausa,689752ec2d69,1.0,0.6995,0.9462,0.6738,0.0538,0.2151,0.053,,1.0,279,0,225
W-conflict,600,0.3,0.7,0.05,9,1194583814,M0,689752ec2d69,1.0,0.6995,0.9437,0.6514,0.0563,0.2887,0.0631,,1.0,284,0,232
W-conflict,600,0.3,0.7,0.05,9,1194583814,M1,689752ec2d69,1.0,0.6995,0.9437,0.6514,0.0563,0.2887,0.0551,,1.0,284,0,232
W-conflict,600,0.3,0.7,0.05,9,1194583814,M2,689752ec2d69,1.0,0.6995,1.0,0.7007,0.0,0.2324,0.0095,,1.0,284,0,232
W-conflict,600,0.3,0.7,0.05,9,1194583814,M1+pausa,689752ec2d69,1.0,0.6995,0.9437,0.6514,0.0563,0.2887,0.0551,,1.0,284,0,232
W-conflict,600,0.3,0.7,0.05,10,1812404627,M0,689752ec2d69,1.0,0.6995,0.9316,0.671,0.0684,0.2704,0.1679,,1.0,307,0,248
W-conflict,600,0.3,0.7,0.05,10,1812404627,M1,689752ec2d69,1.0,0.6995,0.9316,0.671,0.0684,0.2704,0.0647,,1.0,307,0,248
W-conflict,600,0.3,0.7,0.05,10,1812404627,M2,689752ec2d69,1.0,0.6995,1.0,0.7329,0.0,0.202,0.0093,,1.0,307,0,248
W-conflict,600,0.3,0.7,0.05,10,1812404627,M1+pausa,689752ec2d69,1.0,0.6995,0.9316,0.671,0.0684,0.2704,0.0647,,1.0,307,0,248
W-conflict,600,0.3,0.7,0.05,11,1964779730,M0,689752ec2d69,1.0,0.6995,0.9365,0.6923,0.0635,0.2542,0.0646,,1.0,299,0,241
W-conflict,600,0.3,0.7,0.05,11,1964779730,M1,689752ec2d69,1.0,0.6995,0.9365,0.6923,0.0635,0.2542,0.0608,,1.0,299,0,241
W-conflict,600,0.3,0.7,0.05,11,1964779730,M2,689752ec2d69,1.0,0.6995,1.0,0.7492,0.0,0.1906,0.0094,,1.0,299,0,241
W-conflict,600,0.3,0.7,0.05,11,1964779730,M1+pausa,689752ec2d69,1.0,0.6995,0.9365,0.6923,0.0635,0.2542,0.0608,,1.0,299,0,241
W-conflict,600,0.3,0.7,0.05,12,1580301073,M0,689752ec2d69,1.0,0.6995,0.9279,0.659,0.0721,0.2623,0.0671,,1.0,305,0,242
W-conflict,600,0.3,0.7,0.05,12,1580301073,M1,689752ec2d69,1.0,0.6995,0.9279,0.659,0.0721,0.2623,0.0677,,1.0,305,0,242
W-conflict,600,0.3,0.7,0.05,12,1580301073,M2,689752ec2d69,1.0,0.6995,1.0,0.7311,0.0,0.1902,0.0093,,1.0,305,0,242
W-conflict,600,0.3,0.7,0.05,12,1580301073,M1+pausa,689752ec2d69,1.0,0.6995,0.9279,0.659,0.0721,0.2623,0.0677,,1.0,305,0,242
W-conflict,600,0.3,0.7,0.05,13,1193953872,M0,689752ec2d69,1.0,0.6995,0.9373,0.6551,0.0627,0.2683,0.1423,,1.0,287,0,249
W-conflict,600,0.3,0.7,0.05,13,1193953872,M1,689752ec2d69,1.0,0.6995,0.9373,0.6551,0.0627,0.2683,0.0602,,1.0,287,0,249
W-conflict,600,0.3,0.7,0.05,13,1193953872,M2,689752ec2d69,1.0,0.6995,1.0,0.7038,0.0,0.2056,0.0094,,1.0,287,0,249
W-conflict,600,0.3,0.7,0.05,13,1193953872,M1+pausa,689752ec2d69,1.0,0.6995,0.9373,0.6551,0.0627,0.2683,0.0602,,1.0,287,0,249
W-conflict,600,0.3,0.7,0.05,14,141286551,M0,689752ec2d69,1.0,0.6995,0.9247,0.6541,0.0753,0.2534,0.0685,,1.0,292,0,240
W-conflict,600,0.3,0.7,0.05,14,141286551,M1,689752ec2d69,1.0,0.6995,0.9247,0.6541,0.0753,0.2534,0.0703,,1.0,292,0,240
W-conflict,600,0.3,0.7,0.05,14,141286551,M2,689752ec2d69,1.0,0.6995,1.0,0.7192,0.0,0.1781,0.0093,,1.0,292,0,240
W-conflict,600,0.3,0.7,0.05,14,141286551,M1+pausa,689752ec2d69,1.0,0.6995,0.9247,0.6541,0.0753,0.2534,0.0703,,1.0,292,0,240
W-conflict,600,0.3,0.7,0.05,15,292613590,M0,689752ec2d69,1.0,0.6995,0.9397,0.6986,0.0603,0.2518,0.0714,,1.0,282,0,259
W-conflict,600,0.3,0.7,0.05,15,292613590,M1,689752ec2d69,1.0,0.6995,0.9397,0.6986,0.0603,0.2518,0.0582,,1.0,282,0,259
W-conflict,600,0.3,0.7,0.05,15,292613590,M2,689752ec2d69,1.0,0.6995,1.0,0.7553,0.0,0.195,0.0094,,1.0,282,0,259
W-conflict,600,0.3,0.7,0.05,15,292613590,M1+pausa,689752ec2d69,1.0,0.6995,0.9397,0.6986,0.0603,0.2518,0.0582,,1.0,282,0,259
W-conflict,600,0.3,0.7,0.05,16,979222037,M0,689752ec2d69,1.0,0.6995,0.9459,0.6723,0.0541,0.2838,0.1132,,1.0,296,0,247
W-conflict,600,0.3,0.7,0.05,16,979222037,M1,689752ec2d69,1.0,0.6995,0.9459,0.6723,0.0541,0.2838,0.0532,,1.0,296,0,247
W-conflict,600,0.3,0.7,0.05,16,979222037,M2,689752ec2d69,1.0,0.6995,1.0,0.7264,0.0,0.2297,0.0095,,1.0,296,0,247
W-conflict,600,0.3,0.7,0.05,16,979222037,M1+pausa,689752ec2d69,1.0,0.6995,0.9459,0.6723,0.0541,0.2838,0.0532,,1.0,296,0,247
W-conflict,600,0.3,0.7,0.05,17,591826772,M0,689752ec2d69,1.0,0.6995,0.9343,0.6971,0.0657,0.2591,0.096,,1.0,274,0,218
W-conflict,600,0.3,0.7,0.05,17,591826772,M1,689752ec2d69,1.0,0.6995,0.9343,0.6971,0.0657,0.2591,0.0626,,1.0,274,0,218
W-conflict,600,0.3,0.7,0.05,17,591826772,M2,689752ec2d69,1.0,0.6995,1.0,0.7628,0.0,0.1934,0.0094,,1.0,274,0,218
W-conflict,600,0.3,0.7,0.05,17,591826772,M1+pausa,689752ec2d69,1.0,0.6995,0.9343,0.6971,0.0657,0.2591,0.0626,,1.0,274,0,218
W-conflict,600,0.3,0.7,0.05,18,618566555,M0,689752ec2d69,1.0,0.6995,0.9441,0.6643,0.0559,0.2238,0.0957,,1.0,286,0,242
W-conflict,600,0.3,0.7,0.05,18,618566555,M1,689752ec2d69,1.0,0.6995,0.9441,0.6643,0.0559,0.2238,0.0548,,1.0,286,0,242
W-conflict,600,0.3,0.7,0.05,18,618566555,M2,689752ec2d69,1.0,0.6995,1.0,0.7098,0.0,0.1713,0.0095,,1.0,286,0,242
W-conflict,600,0.3,0.7,0.05,18,618566555,M1+pausa,689752ec2d69,1.0,0.6995,0.9441,0.6643,0.0559,0.2238,0.0548,,1.0,286,0,242
W-conflict,600,0.3,0.7,0.05,19,1036362458,M0,689752ec2d69,1.0,0.6995,0.9199,0.6341,0.0801,0.3031,0.0827,,1.0,287,0,231
W-conflict,600,0.3,0.7,0.05,19,1036362458,M1,689752ec2d69,1.0,0.6995,0.9199,0.6341,0.0801,0.3031,0.0741,,1.0,287,0,231
W-conflict,600,0.3,0.7,0.05,19,1036362458,M2,689752ec2d69,1.0,0.6995,1.0,0.7003,0.0,0.223,0.0092,,1.0,287,0,231
W-conflict,600,0.3,0.7,0.05,19,1036362458,M1+pausa,689752ec2d69,1.0,0.6995,0.9199,0.6341,0.0801,0.3031,0.0741,,1.0,287,0,231
W-conflict,600,0.3,0.7,0.25,0,1530527044,M0,689752ec2d69,1.0,0.6995,0.9238,0.4073,0.0762,0.2053,0.0775,,1.0,302,0,247
W-conflict,600,0.3,0.7,0.25,0,1530527044,M1,689752ec2d69,1.0,0.6995,0.9238,0.4073,0.0762,0.2053,0.0709,,1.0,302,0,247
W-conflict,600,0.3,0.7,0.25,0,1530527044,M2,689752ec2d69,1.0,0.6995,1.0,0.457,0.0,0.1291,0.0093,,1.0,302,0,247
W-conflict,600,0.3,0.7,0.25,0,1530527044,M1+pausa,689752ec2d69,1.0,0.6995,0.9238,0.4073,0.0762,0.2053,0.0709,,1.0,302,0,247
W-conflict,600,0.3,0.7,0.25,1,1109576709,M0,689752ec2d69,1.0,0.6995,0.9291,0.4645,0.0709,0.2234,0.088,,1.0,282,0,226
W-conflict,600,0.3,0.7,0.25,1,1109576709,M1,689752ec2d69,1.0,0.6995,0.9291,0.4645,0.0709,0.2234,0.0667,,1.0,282,0,226
W-conflict,600,0.3,0.7,0.25,1,1109576709,M2,689752ec2d69,1.0,0.6995,1.0,0.5142,0.0,0.1525,0.0093,,1.0,282,0,226
W-conflict,600,0.3,0.7,0.25,1,1109576709,M1+pausa,689752ec2d69,1.0,0.6995,0.9291,0.4645,0.0709,0.2234,0.0667,,1.0,282,0,226
W-conflict,600,0.3,0.7,0.25,2,1762631622,M0,689752ec2d69,1.0,0.6995,0.9705,0.4723,0.0295,0.1771,0.0678,,1.0,271,0,213
W-conflict,600,0.3,0.7,0.25,2,1762631622,M1,689752ec2d69,1.0,0.6995,0.9705,0.4723,0.0295,0.1771,0.0336,,1.0,271,0,213
W-conflict,600,0.3,0.7,0.25,2,1762631622,M2,689752ec2d69,1.0,0.6995,1.0,0.4908,0.0,0.1476,0.0097,,1.0,271,0,213
W-conflict,600,0.3,0.7,0.25,2,1762631622,M1+pausa,689752ec2d69,1.0,0.6995,0.9705,0.4723,0.0295,0.1771,0.0336,,1.0,271,0,213
W-conflict,600,0.3,0.7,0.25,3,1880403591,M0,689752ec2d69,1.0,0.6995,0.9564,0.4473,0.0436,0.1818,0.0672,,1.0,275,0,240
W-conflict,600,0.3,0.7,0.25,3,1880403591,M1,689752ec2d69,1.0,0.6995,0.9564,0.4473,0.0436,0.1818,0.0449,,1.0,275,0,240
W-conflict,600,0.3,0.7,0.25,3,1880403591,M2,689752ec2d69,1.0,0.6995,1.0,0.4691,0.0,0.1382,0.0096,,1.0,275,0,240
W-conflict,600,0.3,0.7,0.25,3,1880403591,M1+pausa,689752ec2d69,1.0,0.6995,0.9564,0.4473,0.0436,0.1818,0.0449,,1.0,275,0,240
W-conflict,600,0.3,0.7,0.25,4,1062549568,M0,689752ec2d69,1.0,0.6995,0.95,0.4533,0.05,0.2133,0.0822,,1.0,300,0,248
W-conflict,600,0.3,0.7,0.25,4,1062549568,M1,689752ec2d69,1.0,0.6995,0.95,0.4533,0.05,0.2133,0.05,,1.0,300,0,248
W-conflict,600,0.3,0.7,0.25,4,1062549568,M2,689752ec2d69,1.0,0.6995,1.0,0.4833,0.0,0.1633,0.0095,,1.0,300,0,248
W-conflict,600,0.3,0.7,0.25,4,1062549568,M1+pausa,689752ec2d69,1.0,0.6995,0.95,0.4533,0.05,0.2133,0.05,,1.0,300,0,248
W-conflict,600,0.3,0.7,0.25,5,642648321,M0,689752ec2d69,1.0,0.6995,0.9539,0.4507,0.0461,0.1875,0.0675,,1.0,304,0,248
W-conflict,600,0.3,0.7,0.25,5,642648321,M1,689752ec2d69,1.0,0.6995,0.9539,0.4507,0.0461,0.1875,0.0468,,1.0,304,0,248
W-conflict,600,0.3,0.7,0.25,5,642648321,M2,689752ec2d69,1.0,0.6995,1.0,0.4704,0.0,0.1414,0.0096,,1.0,304,0,248
W-conflict,600,0.3,0.7,0.25,5,642648321,M1+pausa,689752ec2d69,1.0,0.6995,0.9539,0.4507,0.0461,0.1875,0.0468,,1.0,304,0,248
W-conflict,600,0.3,0.7,0.25,6,224615106,M0,689752ec2d69,1.0,0.6995,0.9604,0.4488,0.0396,0.1749,0.0573,,1.0,303,0,247
W-conflict,600,0.3,0.7,0.25,6,224615106,M1,689752ec2d69,1.0,0.6995,0.9604,0.4488,0.0396,0.1749,0.0417,,1.0,303,0,247
W-conflict,600,0.3,0.7,0.25,6,224615106,M2,689752ec2d69,1.0,0.6995,1.0,0.4752,0.0,0.1353,0.0096,,1.0,303,0,247
W-conflict,600,0.3,0.7,0.25,6,224615106,M1+pausa,689752ec2d69,1.0,0.6995,0.9604,0.4488,0.0396,0.1749,0.0417,,1.0,303,0,247
W-conflict,600,0.3,0.7,0.25,7,343436163,M0,689752ec2d69,1.0,0.6995,0.9406,0.4755,0.0594,0.1678,0.0656,,1.0,286,0,267
W-conflict,600,0.3,0.7,0.25,7,343436163,M1,689752ec2d69,1.0,0.6995,0.9406,0.4755,0.0594,0.1678,0.0576,,1.0,286,0,267
W-conflict,600,0.3,0.7,0.25,7,343436163,M2,689752ec2d69,1.0,0.6995,1.0,0.507,0.0,0.1084,0.0094,,1.0,286,0,267
W-conflict,600,0.3,0.7,0.25,7,343436163,M1+pausa,689752ec2d69,1.0,0.6995,0.9406,0.4755,0.0594,0.1678,0.0576,,1.0,286,0,267
W-conflict,600,0.3,0.7,0.25,8,333477708,M0,689752ec2d69,1.0,0.6995,0.9529,0.4275,0.0471,0.1812,0.0649,,1.0,276,0,225
W-conflict,600,0.3,0.7,0.25,8,333477708,M1,689752ec2d69,1.0,0.6995,0.9529,0.4275,0.0471,0.1812,0.0477,,1.0,276,0,225
W-conflict,600,0.3,0.7,0.25,8,333477708,M2,689752ec2d69,1.0,0.6995,1.0,0.4565,0.0,0.1341,0.0095,,1.0,276,0,225
W-conflict,600,0.3,0.7,0.25,8,333477708,M1+pausa,689752ec2d69,1.0,0.6995,0.9529,0.4275,0.0471,0.1812,0.0477,,1.0,276,0,225
W-conflict,600,0.3,0.7,0.25,9,184239629,M0,689752ec2d69,1.0,0.6995,0.97,0.4,0.03,0.1967,0.0791,,1.0,300,0,247
W-conflict,600,0.3,0.7,0.25,9,184239629,M1,689752ec2d69,1.0,0.6995,0.97,0.4,0.03,0.1967,0.034,,1.0,300,0,247
W-conflict,600,0.3,0.7,0.25,9,184239629,M2,689752ec2d69,1.0,0.6995,1.0,0.4167,0.0,0.1667,0.0097,,1.0,300,0,247
W-conflict,600,0.3,0.7,0.25,9,184239629,M1+pausa,689752ec2d69,1.0,0.6995,0.97,0.4,0.03,0.1967,0.034,,1.0,300,0,247
W-conflict,600,0.3,0.7,0.25,10,2073561274,M0,689752ec2d69,1.0,0.6995,0.943,0.4832,0.057,0.1577,0.06,,1.0,298,0,246
W-conflict,600,0.3,0.7,0.25,10,2073561274,M1,689752ec2d69,1.0,0.6995,0.943,0.4832,0.057,0.1577,0.0556,,1.0,298,0,246
W-conflict,600,0.3,0.7,0.25,10,2073561274,M2,689752ec2d69,1.0,0.6995,1.0,0.5168,0.0,0.1007,0.0095,,1.0,298,0,246
W-conflict,600,0.3,0.7,0.25,10,2073561274,M1+pausa,689752ec2d69,1.0,0.6995,0.943,0.4832,0.057,0.1577,0.0556,,1.0,298,0,246
W-conflict,600,0.3,0.7,0.25,11,1652767227,M0,689752ec2d69,1.0,0.6995,0.9536,0.3964,0.0464,0.2179,0.0724,,1.0,280,0,234
W-conflict,600,0.3,0.7,0.25,11,1652767227,M1,689752ec2d69,1.0,0.6995,0.9536,0.3964,0.0464,0.2179,0.0471,,1.0,280,0,234
W-conflict,600,0.3,0.7,0.25,11,1652767227,M2,689752ec2d69,1.0,0.6995,1.0,0.4214,0.0,0.1714,0.0096,,1.0,280,0,234
W-conflict,600,0.3,0.7,0.25,11,1652767227,M1+pausa,689752ec2d69,1.0,0.6995,0.9536,0.3964,0.0464,0.2179,0.0471,,1.0,280,0,234
W-conflict,600,0.3,0.7,0.25,12,1236167224,M0,689752ec2d69,1.0,0.6995,0.9519,0.4639,0.0481,0.1856,0.0513,,1.0,291,0,263
W-conflict,600,0.3,0.7,0.25,12,1236167224,M1,689752ec2d69,1.0,0.6995,0.9519,0.4639,0.0481,0.1856,0.0485,,1.0,291,0,263
W-conflict,600,0.3,0.7,0.25,12,1236167224,M2,689752ec2d69,1.0,0.6995,1.0,0.4948,0.0,0.1375,0.0095,,1.0,291,0,263
W-conflict,600,0.3,0.7,0.25,12,1236167224,M1+pausa,689752ec2d69,1.0,0.6995,0.9519,0.4639,0.0481,0.1856,0.0485,,1.0,291,0,263
W-conflict,600,0.3,0.7,0.25,13,1354062713,M0,689752ec2d69,1.0,0.6995,0.9787,0.4397,0.0213,0.1312,0.0767,,1.0,282,0,240
W-conflict,600,0.3,0.7,0.25,13,1354062713,M1,689752ec2d69,1.0,0.6995,0.9787,0.4397,0.0213,0.1312,0.027,,1.0,282,0,240
W-conflict,600,0.3,0.7,0.25,13,1354062713,M2,689752ec2d69,1.0,0.6995,1.0,0.4433,0.0,0.1099,0.0098,,1.0,282,0,240
W-conflict,600,0.3,0.7,0.25,13,1354062713,M1+pausa,689752ec2d69,1.0,0.6995,0.9787,0.4397,0.0213,0.1312,0.027,,1.0,282,0,240
W-conflict,600,0.3,0.7,0.25,14,536137150,M0,689752ec2d69,1.0,0.6995,0.9664,0.4799,0.0336,0.1745,0.0457,,1.0,298,0,264
W-conflict,600,0.3,0.7,0.25,14,536137150,M1,689752ec2d69,1.0,0.6995,0.9664,0.4799,0.0336,0.1745,0.0368,,1.0,298,0,264
W-conflict,600,0.3,0.7,0.25,14,536137150,M2,689752ec2d69,1.0,0.6995,1.0,0.5,0.0,0.1409,0.0097,,1.0,298,0,264
W-conflict,600,0.3,0.7,0.25,14,536137150,M1+pausa,689752ec2d69,1.0,0.6995,0.9664,0.4799,0.0336,0.1745,0.0368,,1.0,298,0,264
W-conflict,600,0.3,0.7,0.25,15,116391167,M0,689752ec2d69,1.0,0.6995,0.9649,0.4877,0.0351,0.1754,0.0796,,1.0,285,0,243
W-conflict,600,0.3,0.7,0.25,15,116391167,M1,689752ec2d69,1.0,0.6995,0.9649,0.4877,0.0351,0.1754,0.0381,,1.0,285,0,243
W-conflict,600,0.3,0.7,0.25,15,116391167,M2,689752ec2d69,1.0,0.6995,1.0,0.5088,0.0,0.1404,0.0097,,1.0,285,0,243
W-conflict,600,0.3,0.7,0.25,15,116391167,M1+pausa,689752ec2d69,1.0,0.6995,0.9649,0.4877,0.0351,0.1754,0.0381,,1.0,285,0,243
W-conflict,600,0.3,0.7,0.25,16,767733564,M0,689752ec2d69,1.0,0.6995,0.9505,0.4629,0.0495,0.1979,0.0976,,1.0,283,0,225
W-conflict,600,0.3,0.7,0.25,16,767733564,M1,689752ec2d69,1.0,0.6995,0.9505,0.4629,0.0495,0.1979,0.0496,,1.0,283,0,225
W-conflict,600,0.3,0.7,0.25,16,767733564,M2,689752ec2d69,1.0,0.6995,1.0,0.4912,0.0,0.1484,0.0095,,1.0,283,0,225
W-conflict,600,0.3,0.7,0.25,16,767733564,M1+pausa,689752ec2d69,1.0,0.6995,0.9505,0.4629,0.0495,0.1979,0.0496,,1.0,283,0,225
W-conflict,600,0.3,0.7,0.25,17,886677117,M0,689752ec2d69,1.0,0.6995,0.9565,0.4281,0.0435,0.204,0.0843,,1.0,299,0,241
W-conflict,600,0.3,0.7,0.25,17,886677117,M1,689752ec2d69,1.0,0.6995,0.9565,0.4281,0.0435,0.204,0.0448,,1.0,299,0,241
W-conflict,600,0.3,0.7,0.25,17,886677117,M2,689752ec2d69,1.0,0.6995,1.0,0.4548,0.0,0.1605,0.0096,,1.0,299,0,241
W-conflict,600,0.3,0.7,0.25,17,886677117,M1+pausa,689752ec2d69,1.0,0.6995,0.9565,0.4281,0.0435,0.204,0.0448,,1.0,299,0,241
W-conflict,600,0.3,0.7,0.25,18,859931314,M0,689752ec2d69,1.0,0.6995,0.949,0.4588,0.051,0.1804,0.0571,,1.0,255,0,204
W-conflict,600,0.3,0.7,0.25,18,859931314,M1,689752ec2d69,1.0,0.6995,0.949,0.4588,0.051,0.1804,0.0508,,1.0,255,0,204
W-conflict,600,0.3,0.7,0.25,18,859931314,M2,689752ec2d69,1.0,0.6995,1.0,0.4902,0.0,0.1294,0.0095,,1.0,255,0,204
W-conflict,600,0.3,0.7,0.25,18,859931314,M1+pausa,689752ec2d69,1.0,0.6995,0.949,0.4588,0.051,0.1804,0.0508,,1.0,255,0,204
W-conflict,600,0.3,0.7,0.25,19,710587379,M0,689752ec2d69,1.0,0.6995,0.957,0.4272,0.043,0.1821,0.0513,,1.0,302,0,264
W-conflict,600,0.3,0.7,0.25,19,710587379,M1,689752ec2d69,1.0,0.6995,0.957,0.4272,0.043,0.1821,0.0444,,1.0,302,0,264
W-conflict,600,0.3,0.7,0.25,19,710587379,M2,689752ec2d69,1.0,0.6995,1.0,0.4603,0.0,0.1391,0.0096,,1.0,302,0,264
W-conflict,600,0.3,0.7,0.25,19,710587379,M1+pausa,689752ec2d69,1.0,0.6995,0.957,0.4272,0.043,0.1821,0.0444,,1.0,302,0,264
W-scope,300,0.05,1.0,0.05,0,1949792789,M0,689752ec2d69,0.9097,0.8462,0.1003,0.0033,0.0635,0.2107,0.099,,1.0,299,0,253
W-scope,300,0.05,1.0,0.05,0,1949792789,M1,689752ec2d69,0.9097,0.8462,0.8696,0.7124,0.0635,0.2107,0.1117,,0.087,299,0,253
W-scope,300,0.05,1.0,0.05,0,1949792789,M2,689752ec2d69,0.9097,0.8462,0.9097,0.7458,0.0,0.1472,0.0602,,0.087,299,0,253
W-scope,300,0.05,1.0,0.05,0,1949792789,M1+pausa,689752ec2d69,0.9097,0.8462,0.8696,0.7124,0.0635,0.2107,0.1117,,0.087,299,0,253
W-scope,300,0.05,1.0,0.05,1,1831619412,M0,689752ec2d69,0.8963,0.8595,0.1003,0.0,0.0569,0.1538,0.0914,,1.0,299,0,257
W-scope,300,0.05,1.0,0.05,1,1831619412,M1,689752ec2d69,0.8963,0.8595,0.8696,0.6923,0.0569,0.1538,0.1143,,0.1051,299,0,257
W-scope,300,0.05,1.0,0.05,1,1831619412,M2,689752ec2d69,0.8963,0.8595,0.8963,0.7157,0.0,0.1104,0.0683,,0.1051,299,0,257
W-scope,300,0.05,1.0,0.05,1,1831619412,M1+pausa,689752ec2d69,0.8963,0.8595,0.8696,0.6923,0.0569,0.1538,0.1143,,0.1051,299,0,257
W-scope,300,0.05,1.0,0.05,2,1174476951,M0,689752ec2d69,0.8863,0.8227,0.1204,0.0033,0.0569,0.2441,0.0731,,1.0,299,0,246
W-scope,300,0.05,1.0,0.05,2,1174476951,M1,689752ec2d69,0.8863,0.8227,0.8495,0.6756,0.0569,0.2441,0.1277,,0.1098,299,0,246
W-scope,300,0.05,1.0,0.05,2,1174476951,M2,689752ec2d69,0.8863,0.8227,0.8863,0.7057,0.0,0.1873,0.0817,,0.1098,299,0,246
W-scope,300,0.05,1.0,0.05,2,1174476951,M1+pausa,689752ec2d69,0.8863,0.8227,0.8495,0.6756,0.0569,0.2441,0.1277,,0.1098,299,0,246
W-scope,300,0.05,1.0,0.05,3,1595550166,M0,689752ec2d69,0.9064,0.8194,0.1438,0.0033,0.0602,0.2609,0.0733,,1.0,299,0,245
W-scope,300,0.05,1.0,0.05,3,1595550166,M1,689752ec2d69,0.9064,0.8194,0.8729,0.6488,0.0602,0.2609,0.109,,0.1061,299,0,245
W-scope,300,0.05,1.0,0.05,3,1595550166,M2,689752ec2d69,0.9064,0.8194,0.9064,0.6823,0.0,0.2007,0.0603,,0.1061,299,0,245
W-scope,300,0.05,1.0,0.05,3,1595550166,M1+pausa,689752ec2d69,0.9064,0.8194,0.8729,0.6488,0.0602,0.2609,0.109,,0.1061,299,0,245
W-scope,300,0.05,1.0,0.05,4,274448145,M0,689752ec2d69,0.8729,0.796,0.1338,0.0,0.0602,0.2709,0.1399,,1.0,299,0,238
W-scope,300,0.05,1.0,0.05,4,274448145,M1,689752ec2d69,0.8729,0.796,0.8328,0.6254,0.0602,0.2709,0.1438,,0.1218,299,0,238
W-scope,300,0.05,1.0,0.05,4,274448145,M2,689752ec2d69,0.8729,0.796,0.8729,0.6656,0.0,0.2107,0.095,,0.1218,299,0,238
W-scope,300,0.05,1.0,0.05,4,274448145,M1+pausa,689752ec2d69,0.8729,0.796,0.8328,0.6254,0.0602,0.2709,0.1438,,0.1218,299,0,238
W-scope,300,0.05,1.0,0.05,5,155225680,M0,689752ec2d69,0.8863,0.7759,0.1672,0.0033,0.0736,0.2542,0.1019,,1.0,299,0,232
W-scope,300,0.05,1.0,0.05,5,155225680,M1,689752ec2d69,0.8863,0.7759,0.8495,0.6221,0.0736,0.2542,0.1277,,0.1164,299,0,232
W-scope,300,0.05,1.0,0.05,5,155225680,M2,689752ec2d69,0.8863,0.7759,0.8863,0.6488,0.0,0.1873,0.0682,,0.1164,299,0,232
W-scope,300,0.05,1.0,0.05,5,155225680,M1+pausa,689752ec2d69,0.8863,0.7759,0.8495,0.6221,0.0736,0.2542,0.1277,,0.1164,299,0,232
W-scope,300,0.05,1.0,0.05,6,577625491,M0,689752ec2d69,0.8896,0.8896,0.0702,0.0067,0.0569,0.1873,0.0503,,1.0,299,0,266
W-scope,300,0.05,1.0,0.05,6,577625491,M1,689752ec2d69,0.8896,0.8896,0.8595,0.7057,0.0569,0.1873,0.117,,0.1053,299,0,266
W-scope,300,0.05,1.0,0.05,6,577625491,M2,689752ec2d69,0.8896,0.8896,0.8896,0.7291,0.0,0.1304,0.071,,0.1053,299,0,266
W-scope,300,0.05,1.0,0.05,6,577625491,M1+pausa,689752ec2d69,0.8896,0.8896,0.8595,0.7057,0.0569,0.1873,0.117,,0.1053,299,0,266
W-scope,300,0.05,1.0,0.05,7,997649618,M0,689752ec2d69,0.9264,0.8528,0.1171,0.0,0.0468,0.2207,0.0714,,1.0,299,0,255
W-scope,300,0.05,1.0,0.05,7,997649618,M1,689752ec2d69,0.9264,0.8528,0.8963,0.7023,0.0468,0.2207,0.0929,,0.0863,299,0,255
W-scope,300,0.05,1.0,0.05,7,997649618,M2,689752ec2d69,0.9264,0.8528,0.9264,0.7324,0.0,0.1739,0.055,,0.0863,299,0,255
W-scope,300,0.05,1.0,0.05,7,997649618,M1+pausa,689752ec2d69,0.9264,0.8528,0.8963,0.7023,0.0468,0.2207,0.0929,,0.0863,299,0,255
W-scope,300,0.05,1.0,0.05,8,1022291997,M0,689752ec2d69,0.913,0.8963,0.0669,0.0033,0.0669,0.1605,0.0458,,1.0,299,0,268
W-scope,300,0.05,1.0,0.05,8,1022291997,M1,689752ec2d69,0.913,0.8963,0.8763,0.7324,0.0669,0.1605,0.1063,,0.0933,299,0,268
W-scope,300,0.05,1.0,0.05,8,1022291997,M2,689752ec2d69,0.913,0.8963,0.913,0.7692,0.0,0.1104,0.0522,,0.0933,299,0,268
W-scope,300,0.05,1.0,0.05,8,1022291997,M1+pausa,689752ec2d69,0.913,0.8963,0.8763,0.7324,0.0669,0.1605,0.1063,,0.0933,299,0,268
W-scope,300,0.05,1.0,0.05,9,636862812,M0,689752ec2d69,0.8997,0.8395,0.087,0.0,0.0535,0.1973,0.1003,,1.0,299,0,251
W-scope,300,0.05,1.0,0.05,9,636862812,M1,689752ec2d69,0.8997,0.8395,0.8528,0.6823,0.0535,0.1973,0.1251,,0.0837,299,0,251
W-scope,300,0.05,1.0,0.05,9,636862812,M2,689752ec2d69,0.8997,0.8395,0.8997,0.7291,0.0,0.1438,0.0817,,0.0837,299,0,251
W-scope,300,0.05,1.0,0.05,9,636862812,M1+pausa,689752ec2d69,0.8997,0.8395,0.8528,0.6823,0.0535,0.1973,0.1251,,0.0837,299,0,251
W-scope,300,0.05,1.0,0.05,10,1734043487,M0,689752ec2d69,0.8629,0.806,0.1271,0.01,0.0736,0.2542,0.1304,,1.0,299,0,241
W-scope,300,0.05,1.0,0.05,10,1734043487,M1,689752ec2d69,0.8629,0.806,0.8127,0.6321,0.0736,0.2542,0.1518,,0.1369,299,0,241
W-scope,300,0.05,1.0,0.05,10,1734043487,M2,689752ec2d69,0.8629,0.806,0.8629,0.6789,0.0,0.1873,0.0922,,0.1369,299,0,241
W-scope,300,0.05,1.0,0.05,10,1734043487,M1+pausa,689752ec2d69,0.8629,0.806,0.8127,0.6321,0.0736,0.2542,0.1518,,0.1369,299,0,241
W-scope,300,0.05,1.0,0.05,11,2118145566,M0,689752ec2d69,0.9231,0.8462,0.1037,0.0,0.0502,0.204,0.0687,,1.0,299,0,253
W-scope,300,0.05,1.0,0.05,11,2118145566,M1,689752ec2d69,0.9231,0.8462,0.8863,0.7023,0.0502,0.204,0.101,,0.0751,299,0,253
W-scope,300,0.05,1.0,0.05,11,2118145566,M2,689752ec2d69,0.9231,0.8462,0.9231,0.7291,0.0,0.1538,0.0604,,0.0751,299,0,253
W-scope,300,0.05,1.0,0.05,11,2118145566,M1+pausa,689752ec2d69,0.9231,0.8462,0.8863,0.7023,0.0502,0.204,0.101,,0.0751,299,0,253
W-scope,300,0.05,1.0,0.05,12,1433208285,M0,689752ec2d69,0.9097,0.8194,0.1338,0.0067,0.0635,0.2441,0.0768,,1.0,299,0,245
W-scope,300,0.05,1.0,0.05,12,1433208285,M1,689752ec2d69,0.9097,0.8194,0.8696,0.6656,0.0635,0.2441,0.109,,0.0939,299,0,245
W-scope,300,0.05,1.0,0.05,12,1433208285,M2,689752ec2d69,0.9097,0.8194,0.9097,0.699,0.0,0.1806,0.0576,,0.0939,299,0,245
W-scope,300,0.05,1.0,0.05,12,1433208285,M1+pausa,689752ec2d69,0.9097,0.8194,0.8696,0.6656,0.0635,0.2441,0.109,,0.0939,299,0,245
W-scope,300,0.05,1.0,0.05,13,1282815132,M0,689752ec2d69,0.9231,0.8595,0.107,0.0033,0.0468,0.194,0.0507,,1.0,299,0,257
W-scope,300,0.05,1.0,0.05,13,1282815132,M1,689752ec2d69,0.9231,0.8595,0.8963,0.7057,0.0468,0.194,0.0903,,0.0778,299,0,257
W-scope,300,0.05,1.0,0.05,13,1282815132,M2,689752ec2d69,0.9231,0.8595,0.9231,0.7291,0.0,0.1472,0.0524,,0.0778,299,0,257
W-scope,300,0.05,1.0,0.05,13,1282815132,M1+pausa,689752ec2d69,0.9231,0.8595,0.8963,0.7057,0.0468,0.194,0.0903,,0.0778,299,0,257
W-scope,300,0.05,1.0,0.05,14,53977691,M0,689752ec2d69,0.9097,0.8729,0.0903,0.0,0.0569,0.204,0.0757,,1.0,299,0,261
W-scope,300,0.05,1.0,0.05,14,53977691,M1,689752ec2d69,0.9097,0.8729,0.8796,0.7324,0.0569,0.204,0.1063,,0.0958,299,0,261
W-scope,300,0.05,1.0,0.05,14,53977691,M2,689752ec2d69,0.9097,0.8729,0.9097,0.7625,0.0,0.1472,0.0603,,0.0958,299,0,261
W-scope,300,0.05,1.0,0.05,14,53977691,M1+pausa,689752ec2d69,0.9097,0.8729,0.8796,0.7324,0.0569,0.204,0.1063,,0.0958,299,0,261
W-scope,300,0.05,1.0,0.05,15,439128858,M0,689752ec2d69,0.9197,0.7893,0.1405,0.0033,0.0736,0.2508,0.1205,,1.0,299,0,236
W-scope,300,0.05,1.0,0.05,15,439128858,M1,689752ec2d69,0.9197,0.7893,0.8562,0.6756,0.0736,0.2508,0.1224,,0.089,299,0,236
W-scope,300,0.05,1.0,0.05,15,439128858,M2,689752ec2d69,0.9197,0.7893,0.9197,0.7324,0.0,0.1839,0.0628,,0.089,299,0,236
W-scope,300,0.05,1.0,0.05,15,439128858,M1+pausa,689752ec2d69,0.9197,0.7893,0.8562,0.6756,0.0736,0.2508,0.1224,,0.089,299,0,236
W-scope,300,0.05,1.0,0.05,16,822198489,M0,689752ec2d69,0.8997,0.796,0.1572,0.0033,0.0435,0.2642,0.0878,,1.0,299,0,238
W-scope,300,0.05,1.0,0.05,16,822198489,M1,689752ec2d69,0.8997,0.796,0.8696,0.6321,0.0435,0.2642,0.1117,,0.1008,299,0,238
W-scope,300,0.05,1.0,0.05,16,822198489,M2,689752ec2d69,0.8997,0.796,0.8997,0.6622,0.0,0.2207,0.0765,,0.1008,299,0,238
W-scope,300,0.05,1.0,0.05,16,822198489,M1+pausa,689752ec2d69,0.8997,0.796,0.8696,0.6321,0.0435,0.2642,0.1117,,0.1008,299,0,238
W-scope,300,0.05,1.0,0.05,17,672854424,M0,689752ec2d69,0.9064,0.9231,0.0535,0.0,0.0401,0.1505,0.0435,,1.0,299,0,276
W-scope,300,0.05,1.0,0.05,17,672854424,M1,689752ec2d69,0.9064,0.9231,0.8863,0.7826,0.0401,0.1505,0.101,,0.0978,299,0,276
W-scope,300,0.05,1.0,0.05,17,672854424,M2,689752ec2d69,0.9064,0.9231,0.9064,0.8027,0.0,0.1137,0.0685,,0.0978,299,0,276
W-scope,300,0.05,1.0,0.05,17,672854424,M1+pausa,689752ec2d69,0.9064,0.9231,0.8863,0.7826,0.0401,0.1505,0.101,,0.0978,299,0,276
W-scope,300,0.05,1.0,0.05,18,797109591,M0,689752ec2d69,0.8896,0.8729,0.0903,0.0,0.0535,0.1706,0.0739,,1.0,299,0,261
W-scope,300,0.05,1.0,0.05,18,797109591,M1,689752ec2d69,0.8896,0.8729,0.8562,0.709,0.0535,0.1706,0.1224,,0.1188,299,0,261
W-scope,300,0.05,1.0,0.05,18,797109591,M2,689752ec2d69,0.8896,0.8729,0.8896,0.7391,0.0,0.1304,0.0791,,0.1188,299,0,261
W-scope,300,0.05,1.0,0.05,18,797109591,M1+pausa,689752ec2d69,0.8896,0.8729,0.8562,0.709,0.0535,0.1706,0.1224,,0.1188,299,0,261
W-scope,300,0.05,1.0,0.05,19,916053014,M0,689752ec2d69,0.9398,0.8094,0.1405,0.0033,0.0468,0.2107,0.0732,,1.0,299,0,242
W-scope,300,0.05,1.0,0.05,19,916053014,M1,689752ec2d69,0.9398,0.8094,0.8963,0.6756,0.0468,0.2107,0.0903,,0.062,299,0,242
W-scope,300,0.05,1.0,0.05,19,916053014,M2,689752ec2d69,0.9398,0.8094,0.9398,0.7157,0.0,0.1739,0.0524,,0.062,299,0,242
W-scope,300,0.05,1.0,0.05,19,916053014,M1+pausa,689752ec2d69,0.9398,0.8094,0.8963,0.6756,0.0468,0.2107,0.0903,,0.062,299,0,242
W-scope,300,0.05,1.0,0.25,0,973069086,M0,689752ec2d69,0.6555,0.8094,0.1104,0.01,0.0903,0.3913,0.2189,,1.0,299,0,242
W-scope,300,0.05,1.0,0.25,0,973069086,M1,689752ec2d69,0.6555,0.8094,0.6221,0.2843,0.0903,0.3913,0.2963,,0.343,299,0,242
W-scope,300,0.05,1.0,0.25,0,973069086,M2,689752ec2d69,0.6555,0.8094,0.6555,0.301,0.0,0.3043,0.2232,,0.343,299,0,242
W-scope,300,0.05,1.0,0.25,0,973069086,M1+pausa,689752ec2d69,0.6555,0.8094,0.6221,0.2843,0.0903,0.3913,0.2963,,0.343,299,0,242
W-scope,300,0.05,1.0,0.25,1,551873119,M0,689752ec2d69,0.6054,0.8528,0.0769,0.0067,0.0936,0.408,0.127,,1.0,299,0,255
W-scope,300,0.05,1.0,0.25,1,551873119,M1,689752ec2d69,0.6054,0.8528,0.5853,0.2843,0.0936,0.408,0.3311,,0.3882,299,0,255
W-scope,300,0.05,1.0,0.25,1,551873119,M2,689752ec2d69,0.6054,0.8528,0.6054,0.301,0.0,0.3177,0.2553,,0.3882,299,0,255
W-scope,300,0.05,1.0,0.25,1,551873119,M1+pausa,689752ec2d69,0.6054,0.8528,0.5853,0.2843,0.0936,0.408,0.3311,,0.3882,299,0,255
W-scope,300,0.05,1.0,0.25,2,197769628,M0,689752ec2d69,0.6087,0.8662,0.0769,0.01,0.1104,0.4314,0.2933,,1.0,299,0,259
W-scope,300,0.05,1.0,0.25,2,197769628,M1,689752ec2d69,0.6087,0.8662,0.5886,0.3177,0.1104,0.4314,0.3311,,0.3977,299,0,259
W-scope,300,0.05,1.0,0.25,2,197769628,M2,689752ec2d69,0.6087,0.8662,0.6087,0.3311,0.0,0.3211,0.2417,,0.3977,299,0,259
W-scope,300,0.05,1.0,0.25,2,197769628,M1+pausa,689752ec2d69,0.6087,0.8662,0.5886,0.3177,0.1104,0.4314,0.3311,,0.3977,299,0,259
W-scope,300,0.05,1.0,0.25,3,315787485,M0,689752ec2d69,0.6455,0.7926,0.1304,0.0167,0.0936,0.4214,0.2611,,1.0,299,0,237
W-scope,300,0.05,1.0,0.25,3,315787485,M1,689752ec2d69,0.6455,0.7926,0.6187,0.2308,0.0936,0.4214,0.299,,0.3586,299,0,237
W-scope,300,0.05,1.0,0.25,3,315787485,M2,689752ec2d69,0.6455,0.7926,0.6455,0.2308,0.0,0.3278,0.2231,,0.3586,299,0,237
W-scope,300,0.05,1.0,0.25,3,315787485,M1+pausa,689752ec2d69,0.6455,0.7926,0.6187,0.2308,0.0936,0.4214,0.299,,0.3586,299,0,237
W-scope,300,0.05,1.0,0.25,4,1569922586,M0,689752ec2d69,0.6288,0.8428,0.097,0.01,0.097,0.398,0.2615,,1.0,299,0,252
W-scope,300,0.05,1.0,0.25,4,1569922586,M1,689752ec2d69,0.6288,0.8428,0.612,0.2508,0.097,0.398,0.3043,,0.3651,299,0,252
W-scope,300,0.05,1.0,0.25,4,1569922586,M2,689752ec2d69,0.6288,0.8428,0.6288,0.2609,0.0,0.3043,0.2258,,0.3651,299,0,252
W-scope,300,0.05,1.0,0.25,4,1569922586,M1+pausa,689752ec2d69,0.6288,0.8428,0.612,0.2508,0.097,0.398,0.3043,,0.3651,299,0,252
W-scope,300,0.05,1.0,0.25,5,1149775707,M0,689752ec2d69,0.6288,0.8161,0.0803,0.0067,0.107,0.4013,0.26,,1.0,299,0,244
W-scope,300,0.05,1.0,0.25,5,1149775707,M1,689752ec2d69,0.6288,0.8161,0.5819,0.2742,0.107,0.4013,0.3284,,0.3607,299,0,244
W-scope,300,0.05,1.0,0.25,5,1149775707,M2,689752ec2d69,0.6288,0.8161,0.6288,0.3043,0.0,0.2943,0.2417,,0.3607,299,0,244
W-scope,300,0.05,1.0,0.25,5,1149775707,M1+pausa,689752ec2d69,0.6288,0.8161,0.5819,0.2742,0.107,0.4013,0.3284,,0.3607,299,0,244
W-scope,300,0.05,1.0,0.25,6,1873116312,M0,689752ec2d69,0.5886,0.8261,0.1003,0.0201,0.1037,0.4181,0.2235,,1.0,299,0,247
W-scope,300,0.05,1.0,0.25,6,1873116312,M1,689752ec2d69,0.5886,0.8261,0.5652,0.2709,0.1037,0.4181,0.3311,,0.3968,299,0,247
W-scope,300,0.05,1.0,0.25,6,1873116312,M2,689752ec2d69,0.5886,0.8261,0.5886,0.2843,0.0,0.3144,0.2471,,0.3968,299,0,247
W-scope,300,0.05,1.0,0.25,6,1873116312,M1+pausa,689752ec2d69,0.5886,0.8261,0.5652,0.2709,0.1037,0.4181,0.3311,,0.3968,299,0,247
W-scope,300,0.05,1.0,0.25,7,1992183257,M0,689752ec2d69,0.6789,0.7993,0.1271,0.0134,0.0803,0.388,0.2212,,1.0,299,0,239
W-scope,300,0.05,1.0,0.25,7,1992183257,M1,689752ec2d69,0.6789,0.7993,0.6555,0.2742,0.0803,0.388,0.2722,,0.318,299,0,239
W-scope,300,0.05,1.0,0.25,7,1992183257,M2,689752ec2d69,0.6789,0.7993,0.6789,0.2843,0.0,0.3077,0.2072,,0.318,299,0,239
W-scope,300,0.05,1.0,0.25,7,1992183257,M1+pausa,689752ec2d69,0.6789,0.7993,0.6555,0.2742,0.0803,0.388,0.2722,,0.318,299,0,239
W-scope,300,0.05,1.0,0.25,8,1898336534,M0,689752ec2d69,0.5953,0.8997,0.0334,0.0033,0.1472,0.4281,0.2307,,1.0,299,0,269
W-scope,300,0.05,1.0,0.25,8,1898336534,M1,689752ec2d69,0.5953,0.8997,0.5619,0.301,0.1472,0.4281,0.3578,,0.4089,299,0,269
W-scope,300,0.05,1.0,0.25,8,1898336534,M2,689752ec2d69,0.5953,0.8997,0.5953,0.3177,0.0,0.2809,0.2387,,0.4089,299,0,269
W-scope,300,0.05,1.0,0.25,8,1898336534,M1+pausa,689752ec2d69,0.5953,0.8997,0.5619,0.301,0.1472,0.4281,0.3578,,0.4089,299,0,269
W-scope,300,0.05,1.0,0.25,9,1748852823,M0,689752ec2d69,0.6355,0.7993,0.1338,0.01,0.097,0.4716,0.191,,1.0,299,0,239
W-scope,300,0.05,1.0,0.25,9,1748852823,M1,689752ec2d69,0.6355,0.7993,0.5953,0.2742,0.097,0.4716,0.3204,,0.4017,299,0,239
W-scope,300,0.05,1.0,0.25,9,1748852823,M2,689752ec2d69,0.6355,0.7993,0.6355,0.2876,0.0,0.3746,0.2418,,0.4017,299,0,239
W-scope,300,0.05,1.0,0.25,9,1748852823,M1+pausa,689752ec2d69,0.6355,0.7993,0.5953,0.2742,0.097,0.4716,0.3204,,0.4017,299,0,239
W-scope,300,0.05,1.0,0.25,10,1891923574,M0,689752ec2d69,0.5953,0.8662,0.0736,0.0201,0.1171,0.408,0.2163,,1.0,299,0,259
W-scope,300,0.05,1.0,0.25,10,1891923574,M1,689752ec2d69,0.5953,0.8662,0.5786,0.301,0.1171,0.408,0.3311,,0.3938,299,0,259
W-scope,300,0.05,1.0,0.25,10,1891923574,M2,689752ec2d69,0.5953,0.8662,0.5953,0.3144,0.0,0.2943,0.2363,,0.3938,299,0,259
W-scope,300,0.05,1.0,0.25,10,1891923574,M1+pausa,689752ec2d69,0.5953,0.8662,0.5786,0.301,0.1171,0.408,0.3311,,0.3938,299,0,259
W-scope,300,0.05,1.0,0.25,11,1776240439,M0,689752ec2d69,0.5987,0.8963,0.0569,0.0033,0.0836,0.4214,0.1908,,1.0,299,0,268
W-scope,300,0.05,1.0,0.25,11,1776240439,M1,689752ec2d69,0.5987,0.8963,0.5819,0.3144,0.0836,0.4214,0.3364,,0.403,299,0,268
W-scope,300,0.05,1.0,0.25,11,1776240439,M2,689752ec2d69,0.5987,0.8963,0.5987,0.3244,0.0,0.3378,0.2687,,0.403,299,0,268
W-scope,300,0.05,1.0,0.25,11,1776240439,M1+pausa,689752ec2d69,0.5987,0.8963,0.5819,0.3144,0.0836,0.4214,0.3364,,0.403,299,0,268
W-scope,300,0.05,1.0,0.25,12,1123161332,M0,689752ec2d69,0.6355,0.8662,0.0769,0.01,0.0803,0.398,0.1087,,1.0,299,0,259
W-scope,300,0.05,1.0,0.25,12,1123161332,M1,689752ec2d69,0.6355,0.8662,0.6154,0.2843,0.0803,0.398,0.307,,0.3629,299,0,259
W-scope,300,0.05,1.0,0.25,12,1123161332,M2,689752ec2d69,0.6355,0.8662,0.6355,0.291,0.0,0.3177,0.242,,0.3629,299,0,259
W-scope,300,0.05,1.0,0.25,12,1123161332,M1+pausa,689752ec2d69,0.6355,0.8662,0.6154,0.2843,0.0803,0.398,0.307,,0.3629,299,0,259
W-scope,300,0.05,1.0,0.25,13,1542006197,M0,689752ec2d69,0.6187,0.7893,0.1137,0.0067,0.107,0.3913,0.2767,,1.0,299,0,236
W-scope,300,0.05,1.0,0.25,13,1542006197,M1,689752ec2d69,0.6187,0.7893,0.592,0.3077,0.107,0.3913,0.315,,0.3602,299,0,236
W-scope,300,0.05,1.0,0.25,13,1542006197,M2,689752ec2d69,0.6187,0.7893,0.6187,0.3211,0.0,0.2843,0.2284,,0.3602,299,0,236
W-scope,300,0.05,1.0,0.25,13,1542006197,M1+pausa,689752ec2d69,0.6187,0.7893,0.592,0.3077,0.107,0.3913,0.315,,0.3602,299,0,236
W-scope,300,0.05,1.0,0.25,14,346600306,M0,689752ec2d69,0.6321,0.8896,0.0569,0.0,0.1137,0.4114,0.2358,,1.0,299,0,266
W-scope,300,0.05,1.0,0.25,14,346600306,M1,689752ec2d69,0.6321,0.8896,0.612,0.3278,0.1137,0.4114,0.3204,,0.3759,299,0,266
W-scope,300,0.05,1.0,0.25,14,346600306,M2,689752ec2d69,0.6321,0.8896,0.6321,0.3445,0.0,0.2977,0.2283,,0.3759,299,0,266
W-scope,300,0.05,1.0,0.25,14,346600306,M1+pausa,689752ec2d69,0.6321,0.8896,0.612,0.3278,0.1137,0.4114,0.3204,,0.3759,299,0,266
W-scope,300,0.05,1.0,0.25,15,229868083,M0,689752ec2d69,0.6355,0.8395,0.097,0.0067,0.0635,0.4181,0.2615,,1.0,299,0,251
W-scope,300,0.05,1.0,0.25,15,229868083,M1,689752ec2d69,0.6355,0.8395,0.6154,0.3043,0.0635,0.4181,0.3097,,0.3705,299,0,251
W-scope,300,0.05,1.0,0.25,15,229868083,M2,689752ec2d69,0.6355,0.8395,0.6355,0.3211,0.0,0.3545,0.2582,,0.3705,299,0,251
W-scope,300,0.05,1.0,0.25,15,229868083,M1+pausa,689752ec2d69,0.6355,0.8395,0.6154,0.3043,0.0635,0.4181,0.3097,,0.3705,299,0,251
W-scope,300,0.05,1.0,0.25,16,647942640,M0,689752ec2d69,0.6555,0.8696,0.0736,0.0167,0.0903,0.3746,0.097,,1.0,299,0,260
W-scope,300,0.05,1.0,0.25,16,647942640,M1,689752ec2d69,0.6555,0.8696,0.6321,0.3177,0.0903,0.3746,0.2909,,0.3385,299,0,260
W-scope,300,0.05,1.0,0.25,16,647942640,M2,689752ec2d69,0.6555,0.8696,0.6555,0.3278,0.0,0.2843,0.2178,,0.3385,299,0,260
W-scope,300,0.05,1.0,0.25,16,647942640,M1+pausa,689752ec2d69,0.6555,0.8696,0.6321,0.3177,0.0903,0.3746,0.2909,,0.3385,299,0,260
W-scope,300,0.05,1.0,0.25,17,1065738417,M0,689752ec2d69,0.5853,0.8194,0.1037,0.0167,0.1003,0.4582,0.2338,,1.0,299,0,245
W-scope,300,0.05,1.0,0.25,17,1065738417,M1,689752ec2d69,0.5853,0.8194,0.5552,0.2609,0.1003,0.4582,0.3498,,0.4245,299,0,245
W-scope,300,0.05,1.0,0.25,17,1065738417,M2,689752ec2d69,0.5853,0.8194,0.5853,0.2709,0.0,0.3579,0.2686,,0.4245,299,0,245
W-scope,300,0.05,1.0,0.25,17,1065738417,M1+pausa,689752ec2d69,0.5853,0.8194,0.5552,0.2609,0.1003,0.4582,0.3498,,0.4245,299,0,245
W-scope,300,0.05,1.0,0.25,18,941489278,M0,689752ec2d69,0.602,0.8227,0.1104,0.01,0.1237,0.4716,0.1993,,1.0,299,0,246
W-scope,300,0.05,1.0,0.25,18,941489278,M1,689752ec2d69,0.602,0.8227,0.5652,0.2709,0.1237,0.4716,0.3418,,0.4228,299,0,246
W-scope,300,0.05,1.0,0.25,18,941489278,M2,689752ec2d69,0.602,0.8227,0.602,0.2977,0.0,0.3478,0.2416,,0.4228,299,0,246
W-scope,300,0.05,1.0,0.25,18,941489278,M1+pausa,689752ec2d69,0.602,0.8227,0.5652,0.2709,0.1237,0.4716,0.3418,,0.4228,299,0,246
W-scope,300,0.05,1.0,0.25,19,554093887,M0,689752ec2d69,0.6355,0.8896,0.0602,0.0033,0.1171,0.4013,0.1536,,1.0,299,0,266
W-scope,300,0.05,1.0,0.25,19,554093887,M1,689752ec2d69,0.6355,0.8896,0.6154,0.3445,0.1171,0.4013,0.3123,,0.3684,299,0,266
W-scope,300,0.05,1.0,0.25,19,554093887,M2,689752ec2d69,0.6355,0.8896,0.6355,0.3545,0.0,0.2843,0.2176,,0.3684,299,0,266
W-scope,300,0.05,1.0,0.25,19,554093887,M1+pausa,689752ec2d69,0.6355,0.8896,0.6154,0.3445,0.1171,0.4013,0.3123,,0.3684,299,0,266
W-scope,300,0.05,0.7,0.05,0,10139155,M0,689752ec2d69,0.8633,0.8863,0.1079,0.0072,0.0576,0.2518,0.1034,,1.0,139,0,119
W-scope,300,0.05,0.7,0.05,0,10139155,M1,689752ec2d69,0.8633,0.8863,0.8345,0.6763,0.0576,0.2518,0.1366,,0.1429,139,0,119
W-scope,300,0.05,0.7,0.05,0,10139155,M2,689752ec2d69,0.8633,0.8863,0.8633,0.705,0.0,0.1942,0.09,,0.1429,139,0,119
W-scope,300,0.05,0.7,0.05,0,10139155,M1+pausa,689752ec2d69,0.8633,0.8863,0.8345,0.6763,0.0576,0.2518,0.1366,,0.1429,139,0,119
W-scope,300,0.05,0.7,0.05,1,427919186,M0,689752ec2d69,0.9179,0.8127,0.097,0.0,0.0522,0.194,0.0566,,1.0,134,0,116
W-scope,300,0.05,0.7,0.05,1,427919186,M1,689752ec2d69,0.9179,0.8127,0.8881,0.6866,0.0522,0.194,0.0996,,0.0862,134,0,116
W-scope,300,0.05,0.7,0.05,1,427919186,M2,689752ec2d69,0.9179,0.8127,0.9179,0.709,0.0,0.1493,0.0573,,0.0862,134,0,116
W-scope,300,0.05,0.7,0.05,1,427919186,M1+pausa,689752ec2d69,0.9179,0.8127,0.8881,0.6866,0.0522,0.194,0.0996,,0.0862,134,0,116
W-scope,300,0.05,0.7,0.05,2,850187409,M0,689752ec2d69,0.9119,0.8528,0.1195,0.0,0.0252,0.2013,0.0786,,1.0,159,0,134
W-scope,300,0.05,0.7,0.05,2,850187409,M1,689752ec2d69,0.9119,0.8528,0.8931,0.6981,0.0252,0.2013,0.0955,,0.0821,159,0,134
W-scope,300,0.05,0.7,0.05,2,850187409,M2,689752ec2d69,0.9119,0.8528,0.9119,0.717,0.0,0.1761,0.0752,,0.0821,159,0,134
W-scope,300,0.05,0.7,0.05,2,850187409,M1+pausa,689752ec2d69,0.9119,0.8528,0.8931,0.6981,0.0252,0.2013,0.0955,,0.0821,159,0,134
W-scope,300,0.05,0.7,0.05,3,733472208,M0,689752ec2d69,0.8547,0.8027,0.1368,0.0085,0.0855,0.3077,0.0894,,1.0,117,0,94
W-scope,300,0.05,0.7,0.05,3,733472208,M1,689752ec2d69,0.8547,0.8027,0.8034,0.5983,0.0855,0.3077,0.1604,,0.1596,117,0,94
W-scope,300,0.05,0.7,0.05,3,733472208,M2,689752ec2d69,0.8547,0.8027,0.8547,0.6239,0.0,0.2222,0.0912,,0.1596,117,0,94
W-scope,300,0.05,0.7,0.05,3,733472208,M1+pausa,689752ec2d69,0.8547,0.8027,0.8034,0.5983,0.0855,0.3077,0.1604,,0.1596,117,0,94
W-scope,300,0.05,0.7,0.05,4,1693872919,M0,689752ec2d69,0.8828,0.796,0.1241,0.0069,0.069,0.2552,0.1174,,1.0,145,0,117
W-scope,300,0.05,0.7,0.05,4,1693872919,M1,689752ec2d69,0.8828,0.796,0.8345,0.6483,0.069,0.2552,0.1369,,0.1111,145,0,117
W-scope,300,0.05,0.7,0.05,4,1693872919,M2,689752ec2d69,0.8828,0.796,0.8828,0.6966,0.0,0.1862,0.0811,,0.1111,145,0,117
W-scope,300,0.05,0.7,0.05,4,1693872919,M1+pausa,689752ec2d69,0.8828,0.796,0.8345,0.6483,0.069,0.2552,0.1369,,0.1111,145,0,117
W-scope,300,0.05,0.7,0.05,5,2112701014,M0,689752ec2d69,0.8976,0.8094,0.1496,0.0236,0.0394,0.2205,0.0677,,1.0,127,0,104
W-scope,300,0.05,0.7,0.05,5,2112701014,M1,689752ec2d69,0.8976,0.8094,0.874,0.6535,0.0394,0.2205,0.0919,,0.0865,127,0,104
W-scope,300,0.05,0.7,0.05,5,2112701014,M2,689752ec2d69,0.8976,0.8094,0.8976,0.6772,0.0,0.1811,0.06,,0.0865,127,0,104
W-scope,300,0.05,0.7,0.05,5,2112701014,M1+pausa,689752ec2d69,0.8976,0.8094,0.874,0.6535,0.0394,0.2205,0.0919,,0.0865,127,0,104
W-scope,300,0.05,0.7,0.05,6,1455427989,M0,689752ec2d69,0.9185,0.8027,0.1259,0.0148,0.0444,0.1852,0.0556,,1.0,135,0,114
W-scope,300,0.05,0.7,0.05,6,1455427989,M1,689752ec2d69,0.9185,0.8027,0.8963,0.7333,0.0444,0.1852,0.0811,,0.0702,135,0,114
W-scope,300,0.05,0.7,0.05,6,1455427989,M2,689752ec2d69,0.9185,0.8027,0.9185,0.7556,0.0,0.1407,0.0451,,0.0702,135,0,114
W-scope,300,0.05,0.7,0.05,6,1455427989,M1+pausa,689752ec2d69,0.9185,0.8027,0.8963,0.7333,0.0444,0.1852,0.0811,,0.0702,135,0,114
W-scope,300,0.05,0.7,0.05,7,1339760852,M0,689752ec2d69,0.9286,0.8629,0.0714,0.0,0.0519,0.1753,0.0662,,1.0,154,0,136
W-scope,300,0.05,0.7,0.05,7,1339760852,M1,689752ec2d69,0.9286,0.8629,0.8896,0.7468,0.0519,0.1753,0.0983,,0.0735,154,0,136
W-scope,300,0.05,0.7,0.05,7,1339760852,M2,689752ec2d69,0.9286,0.8629,0.9286,0.7792,0.0,0.1234,0.0563,,0.0735,154,0,136
W-scope,300,0.05,0.7,0.05,7,1339760852,M1+pausa,689752ec2d69,0.9286,0.8629,0.8896,0.7468,0.0519,0.1753,0.0983,,0.0735,154,0,136
W-scope,300,0.05,0.7,0.05,8,1212365851,M0,689752ec2d69,0.8974,0.8194,0.1603,0.0,0.0705,0.2949,0.1065,,1.0,156,0,124
W-scope,300,0.05,0.7,0.05,8,1212365851,M1,689752ec2d69,0.8974,0.8194,0.859,0.6474,0.0705,0.2949,0.1228,,0.121,156,0,124
W-scope,300,0.05,0.7,0.05,8,1212365851,M2,689752ec2d69,0.8974,0.8194,0.8974,0.6859,0.0,0.2244,0.0657,,0.121,156,0,124
W-scope,300,0.05,0.7,0.05,8,1212365851,M1+pausa,689752ec2d69,0.8974,0.8194,0.859,0.6474,0.0705,0.2949,0.1228,,0.121,156,0,124
W-scope,300,0.05,0.7,0.05,9,1364725082,M0,689752ec2d69,0.8903,0.796,0.1419,0.0,0.0581,0.2645,0.0935,,1.0,155,0,123
W-scope,300,0.05,0.7,0.05,9,1364725082,M1,689752ec2d69,0.8903,0.796,0.8516,0.6387,0.0581,0.2645,0.1287,,0.1057,155,0,123
W-scope,300,0.05,0.7,0.05,9,1364725082,M2,689752ec2d69,0.8903,0.796,0.8903,0.671,0.0,0.2065,0.0817,,0.1057,155,0,123
W-scope,300,0.05,0.7,0.05,9,1364725082,M1+pausa,689752ec2d69,0.8903,0.796,0.8516,0.6387,0.0581,0.2645,0.1287,,0.1057,155,0,123
W-scope,300,0.05,0.7,0.05,10,248278950,M0,689752ec2d69,0.9221,0.8428,0.1169,0.0,0.0584,0.2208,0.0465,,1.0,154,0,130
W-scope,300,0.05,0.7,0.05,10,248278950,M1,689752ec2d69,0.9221,0.8428,0.8896,0.7078,0.0584,0.2208,0.0983,,0.0846,154,0,130
W-scope,300,0.05,0.7,0.05,10,248278950,M2,689752ec2d69,0.9221,0.8428,0.9221,0.7403,0.0,0.1623,0.051,,0.0846,154,0,130
W-scope,300,0.05,0.7,0.05,10,248278950,M1+pausa,689752ec2d69,0.9221,0.8428,0.8896,0.7078,0.0584,0.2208,0.0983,,0.0846,154,0,130
W-scope,300,0.05,0.7,0.05,11,399990503,M0,689752ec2d69,0.9014,0.8495,0.0986,0.0,0.0563,0.1972,0.0674,,1.0,142,0,122
W-scope,300,0.05,0.7,0.05,11,399990503,M1,689752ec2d69,0.9014,0.8495,0.8732,0.6972,0.0563,0.1972,0.1114,,0.0984,142,0,122
W-scope,300,0.05,0.7,0.05,11,399990503,M2,689752ec2d69,0.9014,0.8495,0.9014,0.7254,0.0,0.1479,0.0658,,0.0984,142,0,122
W-scope,300,0.05,0.7,0.05,11,399990503,M1+pausa,689752ec2d69,0.9014,0.8495,0.8732,0.6972,0.0563,0.1972,0.1114,,0.0984,142,0,122
W-scope,300,0.05,0.7,0.05,12,1023020324,M0,689752ec2d69,0.9207,0.806,0.1159,0.0061,0.0732,0.2195,0.0807,,1.0,164,0,135
W-scope,300,0.05,0.7,0.05,12,1023020324,M1,689752ec2d69,0.9207,0.806,0.872,0.6951,0.0732,0.2195,0.1076,,0.0741,164,0,135
W-scope,300,0.05,0.7,0.05,12,1023020324,M2,689752ec2d69,0.9207,0.806,0.9207,0.7439,0.0,0.1463,0.0483,,0.0741,164,0,135
W-scope,300,0.05,0.7,0.05,12,1023020324,M1+pausa,689752ec2d69,0.9207,0.806,0.872,0.6951,0.0732,0.2195,0.1076,,0.0741,164,0,135
W-scope,300,0.05,0.7,0.05,13,635518053,M0,689752ec2d69,0.8968,0.7893,0.1806,0.0129,0.0581,0.2581,0.1114,,1.0,155,0,117
W-scope,300,0.05,0.7,0.05,13,635518053,M1,689752ec2d69,0.8968,0.7893,0.8452,0.6452,0.0581,0.2581,0.1235,,0.1026,155,0,117
W-scope,300,0.05,0.7,0.05,13,635518053,M2,689752ec2d69,0.8968,0.7893,0.8968,0.6839,0.0,0.2129,0.0765,,0.1026,155,0,117
W-scope,300,0.05,0.7,0.05,13,635518053,M1+pausa,689752ec2d69,0.8968,0.7893,0.8452,0.6452,0.0581,0.2581,0.1235,,0.1026,155,0,117
W-scope,300,0.05,0.7,0.05,14,1788914338,M0,689752ec2d69,0.9041,0.699,0.2192,0.0,0.0753,0.3082,0.1434,,1.0,146,0,97
W-scope,300,0.05,0.7,0.05,14,1788914338,M1,689752ec2d69,0.9041,0.699,0.8356,0.5548,0.0753,0.3082,0.1415,,0.0722,146,0,97
W-scope,300,0.05,0.7,0.05,14,1788914338,M2,689752ec2d69,0.9041,0.699,0.9041,0.6096,0.0,0.2397,0.0805,,0.0722,146,0,97
W-scope,300,0.05,0.7,0.05,14,1788914338,M1+pausa,689752ec2d69,0.9041,0.699,0.8356,0.5548,0.0753,0.3082,0.1415,,0.0722,146,0,97
W-scope,300,0.05,0.7,0.05,15,1941674979,M0,689752ec2d69,0.9416,0.786,0.1364,0.0065,0.0714,0.2338,0.0969,,1.0,154,0,121
W-scope,300,0.05,0.7,0.05,15,1941674979,M1,689752ec2d69,0.9416,0.786,0.8701,0.7078,0.0714,0.2338,0.1035,,0.0496,154,0,121
W-scope,300,0.05,0.7,0.05,15,1941674979,M2,689752ec2d69,0.9416,0.786,0.9416,0.7792,0.0,0.1623,0.0457,,0.0496,154,0,121
W-scope,300,0.05,0.7,0.05,15,1941674979,M1+pausa,689752ec2d69,0.9416,0.786,0.8701,0.7078,0.0714,0.2338,0.1035,,0.0496,154,0,121
W-scope,300,0.05,0.7,0.05,16,1486276640,M0,689752ec2d69,0.9108,0.8495,0.0892,0.0064,0.0573,0.1911,0.0544,,1.0,157,0,137
W-scope,300,0.05,0.7,0.05,16,1486276640,M1,689752ec2d69,0.9108,0.8495,0.879,0.7325,0.0573,0.1911,0.1017,,0.0876,157,0,137
W-scope,300,0.05,0.7,0.05,16,1486276640,M2,689752ec2d69,0.9108,0.8495,0.9108,0.758,0.0,0.1338,0.0553,,0.0876,157,0,137
W-scope,300,0.05,0.7,0.05,16,1486276640,M1+pausa,689752ec2d69,0.9108,0.8495,0.879,0.7325,0.0573,0.1911,0.1017,,0.0876,157,0,137
W-scope,300,0.05,0.7,0.05,17,1099823457,M0,689752ec2d69,0.9007,0.806,0.1702,0.0,0.0496,0.234,0.0929,,1.0,141,0,113
W-scope,300,0.05,0.7,0.05,17,1099823457,M1,689752ec2d69,0.9007,0.806,0.8794,0.6383,0.0496,0.234,0.1065,,0.115,141,0,113
W-scope,300,0.05,0.7,0.05,17,1099823457,M2,689752ec2d69,0.9007,0.806,0.9007,0.6596,0.0,0.1844,0.0663,,0.115,141,0,113
W-scope,300,0.05,0.7,0.05,17,1099823457,M1+pausa,689752ec2d69,0.9007,0.806,0.8794,0.6383,0.0496,0.234,0.1065,,0.115,141,0,113
W-scope,300,0.05,0.7,0.05,18,1175840174,M0,689752ec2d69,0.9571,0.806,0.1286,0.0,0.0786,0.2357,0.0801,,1.0,140,0,113
W-scope,300,0.05,0.7,0.05,18,1175840174,M1,689752ec2d69,0.9571,0.806,0.8929,0.7071,0.0786,0.2357,0.0957,,0.0531,140,0,113
W-scope,300,0.05,0.7,0.05,18,1175840174,M2,689752ec2d69,0.9571,0.806,0.9571,0.7714,0.0,0.1571,0.0321,,0.0531,140,0,113
W-scope,300,0.05,0.7,0.05,18,1175840174,M1+pausa,689752ec2d69,0.9571,0.806,0.8929,0.7071,0.0786,0.2357,0.0957,,0.0531,140,0,113
W-scope,300,0.05,0.7,0.05,19,1594807535,M0,689752ec2d69,0.8839,0.8395,0.1339,0.0089,0.0714,0.2054,0.0817,,1.0,112,0,92
W-scope,300,0.05,0.7,0.05,19,1594807535,M1,689752ec2d69,0.8839,0.8395,0.8661,0.6964,0.0714,0.2054,0.1029,,0.087,112,0,92
W-scope,300,0.05,0.7,0.05,19,1594807535,M2,689752ec2d69,0.8839,0.8395,0.8839,0.7143,0.0,0.1339,0.045,,0.087,112,0,92
W-scope,300,0.05,0.7,0.05,19,1594807535,M1+pausa,689752ec2d69,0.8839,0.8395,0.8661,0.6964,0.0714,0.2054,0.1029,,0.087,112,0,92
W-scope,300,0.05,0.7,0.25,0,1297225496,M0,689752ec2d69,0.62,0.7659,0.12,0.0067,0.0733,0.42,0.2048,,1.0,150,0,120
W-scope,300,0.05,0.7,0.25,0,1297225496,M1,689752ec2d69,0.62,0.7659,0.6067,0.2867,0.0733,0.42,0.314,,0.375,150,0,120
W-scope,300,0.05,0.7,0.25,0,1297225496,M2,689752ec2d69,0.62,0.7659,0.62,0.2933,0.0,0.3467,0.2546,,0.375,150,0,120
W-scope,300,0.05,0.7,0.25,0,1297225496,M1+pausa,689752ec2d69,0.62,0.7659,0.6067,0.2867,0.0733,0.42,0.314,,0.375,150,0,120
W-scope,300,0.05,0.7,0.25,1,1414080089,M0,689752ec2d69,0.6528,0.8629,0.0694,0.0069,0.1042,0.3819,0.2279,,1.0,144,0,125
W-scope,300,0.05,0.7,0.25,1,1414080089,M1,689752ec2d69,0.6528,0.8629,0.6319,0.4097,0.1042,0.3819,0.2989,,0.344,144,0,125
W-scope,300,0.05,0.7,0.25,1,1414080089,M2,689752ec2d69,0.6528,0.8629,0.6528,0.4167,0.0,0.2778,0.2146,,0.344,144,0,125
W-scope,300,0.05,0.7,0.25,1,1414080089,M1+pausa,689752ec2d69,0.6528,0.8629,0.6319,0.4097,0.1042,0.3819,0.2989,,0.344,144,0,125
W-scope,300,0.05,0.7,0.25,2,2137290138,M0,689752ec2d69,0.5806,0.8462,0.071,0.0065,0.0839,0.4,0.186,,1.0,155,0,132
W-scope,300,0.05,0.7,0.25,2,2137290138,M1,689752ec2d69,0.5806,0.8462,0.5613,0.2968,0.0839,0.4,0.3455,,0.4015,155,0,132
W-scope,300,0.05,0.7,0.25,2,2137290138,M2,689752ec2d69,0.5806,0.8462,0.5806,0.3032,0.0,0.329,0.2776,,0.4015,155,0,132
W-scope,300,0.05,0.7,0.25,2,2137290138,M1+pausa,689752ec2d69,0.5806,0.8462,0.5613,0.2968,0.0839,0.4,0.3455,,0.4015,155,0,132
W-scope,300,0.05,0.7,0.25,3,1719616731,M0,689752ec2d69,0.5764,0.8027,0.125,0.0069,0.1458,0.4722,0.3019,,1.0,144,0,109
W-scope,300,0.05,0.7,0.25,3,1719616731,M1,689752ec2d69,0.5764,0.8027,0.5347,0.2222,0.1458,0.4722,0.3656,,0.4312,144,0,109
W-scope,300,0.05,0.7,0.25,3,1719616731,M2,689752ec2d69,0.5764,0.8027,0.5764,0.25,0.0,0.3264,0.2475,,0.4312,144,0,109
W-scope,300,0.05,0.7,0.25,3,1719616731,M1+pausa,689752ec2d69,0.5764,0.8027,0.5347,0.2222,0.1458,0.4722,0.3656,,0.4312,144,0,109
W-scope,300,0.05,0.7,0.25,4,691982876,M0,689752ec2d69,0.6087,0.8194,0.1242,0.0186,0.1304,0.4907,0.258,,1.0,161,0,129
W-scope,300,0.05,0.7,0.25,4,691982876,M1,689752ec2d69,0.6087,0.8194,0.5652,0.2671,0.1304,0.4907,0.3429,,0.4264,161,0,129
W-scope,300,0.05,0.7,0.25,4,691982876,M2,689752ec2d69,0.6087,0.8194,0.6087,0.2733,0.0,0.3602,0.2373,,0.4264,161,0,129
W-scope,300,0.05,0.7,0.25,4,691982876,M1+pausa,689752ec2d69,0.6087,0.8194,0.5652,0.2671,0.1304,0.4907,0.3429,,0.4264,161,0,129
W-scope,300,0.05,0.7,0.25,5,807789405,M0,689752ec2d69,0.6936,0.8361,0.0983,0.0,0.0983,0.3873,0.2191,,1.0,173,0,145
W-scope,300,0.05,0.7,0.25,5,807789405,M1,689752ec2d69,0.6936,0.8361,0.6705,0.3295,0.0983,0.3873,0.2736,,0.3172,173,0,145
W-scope,300,0.05,0.7,0.25,5,807789405,M2,689752ec2d69,0.6936,0.8361,0.6936,0.3526,0.0,0.289,0.194,,0.3172,173,0,145
W-scope,300,0.05,0.7,0.25,5,807789405,M1+pausa,689752ec2d69,0.6936,0.8361,0.6705,0.3295,0.0983,0.3873,0.2736,,0.3172,173,0,145
W-scope,300,0.05,0.7,0.25,6,453554334,M0,689752ec2d69,0.6554,0.7893,0.0878,0.0,0.0811,0.3919,0.2564,,1.0,148,0,117
W-scope,300,0.05,0.7,0.25,6,453554334,M1,689752ec2d69,0.6554,0.7893,0.6081,0.3176,0.0811,0.3919,0.3235,,0.3419,148,0,117
W-scope,300,0.05,0.7,0.25,6,453554334,M2,689752ec2d69,0.6554,0.7893,0.6554,0.3446,0.0,0.3176,0.2579,,0.3419,148,0,117
W-scope,300,0.05,0.7,0.25,6,453554334,M1+pausa,689752ec2d69,0.6554,0.7893,0.6081,0.3176,0.0811,0.3919,0.3235,,0.3419,148,0,117
W-scope,300,0.05,0.7,0.25,7,34832863,M0,689752ec2d69,0.6054,0.8829,0.0544,0.0204,0.0816,0.3741,0.3104,,1.0,147,0,135
W-scope,300,0.05,0.7,0.25,7,34832863,M1,689752ec2d69,0.6054,0.8829,0.6054,0.3401,0.0816,0.3741,0.3093,,0.3778,147,0,135
W-scope,300,0.05,0.7,0.25,7,34832863,M2,689752ec2d69,0.6054,0.8829,0.6054,0.3401,0.0,0.2925,0.2432,,0.3778,147,0,135
W-scope,300,0.05,0.7,0.25,7,34832863,M1+pausa,689752ec2d69,0.6054,0.8829,0.6054,0.3401,0.0816,0.3741,0.3093,,0.3778,147,0,135
W-scope,300,0.05,0.7,0.25,8,93035792,M0,689752ec2d69,0.6667,0.8863,0.1026,0.0342,0.0684,0.3248,0.1498,,1.0,117,0,98
W-scope,300,0.05,0.7,0.25,8,93035792,M1,689752ec2d69,0.6667,0.8863,0.6581,0.2479,0.0684,0.3248,0.2562,,0.2959,117,0,98
W-scope,300,0.05,0.7,0.25,8,93035792,M2,689752ec2d69,0.6667,0.8863,0.6667,0.2564,0.0,0.2564,0.2008,,0.2959,117,0,98
W-scope,300,0.05,0.7,0.25,8,93035792,M1+pausa,689752ec2d69,0.6667,0.8863,0.6581,0.2479,0.0684,0.3248,0.2562,,0.2959,117,0,98
W-scope,300,0.05,0.7,0.25,9,479243345,M0,689752ec2d69,0.6478,0.8227,0.0818,0.0063,0.1195,0.3962,0.2891,,1.0,159,0,128
W-scope,300,0.05,0.7,0.25,9,479243345,M1,689752ec2d69,0.6478,0.8227,0.6038,0.3019,0.1195,0.3962,0.3219,,0.3438,159,0,128
W-scope,300,0.05,0.7,0.25,9,479243345,M2,689752ec2d69,0.6478,0.8227,0.6478,0.3396,0.0,0.2767,0.2252,,0.3438,159,0,128
W-scope,300,0.05,0.7,0.25,9,479243345,M1+pausa,689752ec2d69,0.6478,0.8227,0.6038,0.3019,0.1195,0.3962,0.3219,,0.3438,159,0,128
W-scope,300,0.05,0.7,0.25,10,424902287,M0,689752ec2d69,0.5891,0.806,0.124,0.0388,0.093,0.4419,0.238,,1.0,129,0,105
W-scope,300,0.05,0.7,0.25,10,424902287,M1,689752ec2d69,0.5891,0.806,0.5659,0.2558,0.093,0.4419,0.3263,,0.4095,129,0,105
W-scope,300,0.05,0.7,0.25,10,424902287,M2,689752ec2d69,0.5891,0.806,0.5891,0.2713,0.0,0.3488,0.251,,0.4095,129,0,105
W-scope,300,0.05,0.7,0.25,10,424902287,M1+pausa,689752ec2d69,0.5891,0.806,0.5659,0.2558,0.093,0.4419,0.3263,,0.4095,129,0,105
W-scope,300,0.05,0.7,0.25,11,4739022,M0,689752ec2d69,0.5597,0.9064,0.0672,0.0075,0.1194,0.4701,0.296,,1.0,134,0,120
W-scope,300,0.05,0.7,0.25,11,4739022,M1,689752ec2d69,0.5597,0.9064,0.5522,0.2463,0.1194,0.4701,0.3622,,0.45,134,0,120
W-scope,300,0.05,0.7,0.25,11,4739022,M2,689752ec2d69,0.5597,0.9064,0.5597,0.2537,0.0,0.3507,0.2656,,0.45,134,0,120
W-scope,300,0.05,0.7,0.25,11,4739022,M1+pausa,689752ec2d69,0.5597,0.9064,0.5522,0.2463,0.1194,0.4701,0.3622,,0.45,134,0,120
W-scope,300,0.05,0.7,0.25,12,728046605,M0,689752ec2d69,0.6281,0.8361,0.0992,0.0165,0.157,0.4215,0.1882,,1.0,121,0,101
W-scope,300,0.05,0.7,0.25,12,728046605,M1,689752ec2d69,0.6281,0.8361,0.5868,0.314,0.157,0.4215,0.3141,,0.3762,121,0,101
W-scope,300,0.05,0.7,0.25,12,728046605,M2,689752ec2d69,0.6281,0.8361,0.6281,0.3554,0.0,0.2645,0.187,,0.3762,121,0,101
W-scope,300,0.05,0.7,0.25,12,728046605,M1+pausa,689752ec2d69,0.6281,0.8361,0.5868,0.314,0.157,0.4215,0.3141,,0.3762,121,0,101
W-scope,300,0.05,0.7,0.25,13,847129932,M0,689752ec2d69,0.6358,0.8161,0.0926,0.0,0.1173,0.4136,0.145,,1.0,162,0,134
W-scope,300,0.05,0.7,0.25,13,847129932,M1,689752ec2d69,0.6358,0.8161,0.6049,0.2901,0.1173,0.4136,0.3162,,0.3657,162,0,134
W-scope,300,0.05,0.7,0.25,13,847129932,M2,689752ec2d69,0.6358,0.8161,0.6358,0.3025,0.0,0.2963,0.2212,,0.3657,162,0,134
W-scope,300,0.05,0.7,0.25,13,847129932,M1+pausa,689752ec2d69,0.6358,0.8161,0.6049,0.2901,0.1173,0.4136,0.3162,,0.3657,162,0,134
W-scope,300,0.05,0.7,0.25,14,2101328779,M0,689752ec2d69,0.6061,0.8227,0.1212,0.0,0.0682,0.4773,0.1346,,1.0,132,0,105
W-scope,300,0.05,0.7,0.25,14,2101328779,M1,689752ec2d69,0.6061,0.8227,0.5682,0.25,0.0682,0.4773,0.3433,,0.419,132,0,105
W-scope,300,0.05,0.7,0.25,14,2101328779,M2,689752ec2d69,0.6061,0.8227,0.6061,0.2727,0.0,0.4091,0.2881,,0.419,132,0,105
W-scope,300,0.05,0.7,0.25,14,2101328779,M1+pausa,689752ec2d69,0.6061,0.8227,0.5682,0.25,0.0682,0.4773,0.3433,,0.419,132,0,105
W-scope,300,0.05,0.7,0.25,15,1680116426,M0,689752ec2d69,0.662,0.8428,0.0634,0.0,0.0986,0.3803,0.2917,,1.0,142,0,119
W-scope,300,0.05,0.7,0.25,15,1680116426,M1,689752ec2d69,0.662,0.8428,0.6197,0.2324,0.0986,0.3803,0.3142,,0.3361,142,0,119
W-scope,300,0.05,0.7,0.25,15,1680116426,M2,689752ec2d69,0.662,0.8428,0.662,0.2394,0.0,0.2817,0.2344,,0.3361,142,0,119
W-scope,300,0.05,0.7,0.25,15,1680116426,M1+pausa,689752ec2d69,0.662,0.8428,0.6197,0.2324,0.0986,0.3803,0.3142,,0.3361,142,0,119
W-scope,300,0.05,0.7,0.25,16,1326045449,M0,689752ec2d69,0.6069,0.806,0.0897,0.0069,0.0966,0.3793,0.2124,,1.0,145,0,119
W-scope,300,0.05,0.7,0.25,16,1326045449,M1,689752ec2d69,0.6069,0.806,0.5862,0.3103,0.0966,0.3793,0.319,,0.3613,145,0,119
W-scope,300,0.05,0.7,0.25,16,1326045449,M2,689752ec2d69,0.6069,0.806,0.6069,0.3172,0.0,0.2828,0.2408,,0.3613,145,0,119
W-scope,300,0.05,0.7,0.25,16,1326045449,M1+pausa,689752ec2d69,0.6069,0.806,0.5862,0.3103,0.0966,0.3793,0.319,,0.3613,145,0,119
W-scope,300,0.05,0.7,0.25,17,1444079688,M0,689752ec2d69,0.6304,0.8361,0.087,0.0,0.1087,0.4565,0.3374,,1.0,138,0,116
W-scope,300,0.05,0.7,0.25,17,1444079688,M1,689752ec2d69,0.6304,0.8361,0.587,0.3333,0.1087,0.4565,0.3346,,0.3966,138,0,116
W-scope,300,0.05,0.7,0.25,17,1444079688,M2,689752ec2d69,0.6304,0.8361,0.6304,0.3623,0.0,0.3478,0.2466,,0.3966,138,0,116
W-scope,300,0.05,0.7,0.25,17,1444079688,M1+pausa,689752ec2d69,0.6304,0.8361,0.587,0.3333,0.1087,0.4565,0.3346,,0.3966,138,0,116
W-scope,300,0.05,0.7,0.25,18,1368061063,M0,689752ec2d69,0.5725,0.893,0.084,0.0,0.0763,0.4504,0.1866,,1.0,131,0,115
W-scope,300,0.05,0.7,0.25,18,1368061063,M1,689752ec2d69,0.5725,0.893,0.5725,0.2748,0.0763,0.4504,0.3459,,0.4348,131,0,115
W-scope,300,0.05,0.7,0.25,18,1368061063,M2,689752ec2d69,0.5725,0.893,0.5725,0.2748,0.0,0.374,0.2841,,0.4348,131,0,115
W-scope,300,0.05,0.7,0.25,18,1368061063,M1+pausa,689752ec2d69,0.5725,0.893,0.5725,0.2748,0.0763,0.4504,0.3459,,0.4348,131,0,115
W-scope,300,0.05,0.7,0.25,19,1217512902,M0,689752ec2d69,0.5705,0.7793,0.1218,0.0064,0.0962,0.4808,0.2949,,1.0,156,0,115
W-scope,300,0.05,0.7,0.25,19,1217512902,M1,689752ec2d69,0.5705,0.7793,0.5192,0.2372,0.0962,0.4808,0.3844,,0.4435,156,0,115
W-scope,300,0.05,0.7,0.25,19,1217512902,M2,689752ec2d69,0.5705,0.7793,0.5705,0.2692,0.0,0.3846,0.3065,,0.4435,156,0,115
W-scope,300,0.05,0.7,0.25,19,1217512902,M1+pausa,689752ec2d69,0.5705,0.7793,0.5192,0.2372,0.0962,0.4808,0.3844,,0.4435,156,0,115
W-scope,300,0.3,1.0,0.05,0,1568114760,M0,689752ec2d69,0.9365,0.8127,0.1338,0.0033,0.0535,0.1706,0.0498,,1.0,299,0,243
W-scope,300,0.3,1.0,0.05,0,1568114760,M1,689752ec2d69,0.9365,0.8127,0.8863,0.6923,0.0535,0.1706,0.0956,,0.0658,299,0,243
W-scope,300,0.3,1.0,0.05,0,1568114760,M2,689752ec2d69,0.9365,0.8127,0.9365,0.7391,0.0,0.1271,0.0523,,0.0658,299,0,243
W-scope,300,0.3,1.0,0.05,0,1568114760,M1+pausa,689752ec2d69,0.9365,0.8127,0.8863,0.6923,0.0535,0.1706,0.0956,,0.0658,299,0,243
W-scope,300,0.3,1.0,0.05,1,1147975945,M0,689752ec2d69,0.8896,0.8127,0.1338,0.01,0.0435,0.2241,0.0788,,1.0,299,0,243
W-scope,300,0.3,1.0,0.05,1,1147975945,M1,689752ec2d69,0.8896,0.8127,0.8629,0.6321,0.0435,0.2241,0.1117,,0.0905,299,0,243
W-scope,300,0.3,1.0,0.05,1,1147975945,M2,689752ec2d69,0.8896,0.8127,0.8896,0.6522,0.0,0.1806,0.0765,,0.0905,299,0,243
W-scope,300,0.3,1.0,0.05,1,1147975945,M1+pausa,689752ec2d69,0.8896,0.8127,0.8629,0.6321,0.0435,0.2241,0.1117,,0.0905,299,0,243
W-scope,300,0.3,1.0,0.05,2,1866590922,M0,689752ec2d69,0.9231,0.8294,0.1472,0.0033,0.0435,0.2408,0.0542,,1.0,299,0,248
W-scope,300,0.3,1.0,0.05,2,1866590922,M1,689752ec2d69,0.9231,0.8294,0.8997,0.6856,0.0435,0.2408,0.0876,,0.0887,299,0,248
W-scope,300,0.3,1.0,0.05,2,1866590922,M2,689752ec2d69,0.9231,0.8294,0.9231,0.7023,0.0,0.1973,0.0524,,0.0887,299,0,248
W-scope,300,0.3,1.0,0.05,2,1866590922,M1+pausa,689752ec2d69,0.9231,0.8294,0.8997,0.6856,0.0435,0.2408,0.0876,,0.0887,299,0,248
W-scope,300,0.3,1.0,0.05,3,1985665931,M0,689752ec2d69,0.8829,0.7926,0.1338,0.0134,0.0702,0.2508,0.0849,,1.0,299,0,237
W-scope,300,0.3,1.0,0.05,3,1985665931,M1,689752ec2d69,0.8829,0.7926,0.8328,0.6321,0.0702,0.2508,0.1331,,0.1013,299,0,237
W-scope,300,0.3,1.0,0.05,3,1985665931,M2,689752ec2d69,0.8829,0.7926,0.8829,0.6823,0.0,0.1806,0.0762,,0.1013,299,0,237
W-scope,300,0.3,1.0,0.05,3,1985665931,M1+pausa,689752ec2d69,0.8829,0.7926,0.8328,0.6321,0.0702,0.2508,0.1331,,0.1013,299,0,237
W-scope,300,0.3,1.0,0.05,4,958090572,M0,689752ec2d69,0.8796,0.7324,0.1639,0.0067,0.107,0.2575,0.13,,1.0,299,0,219
W-scope,300,0.3,1.0,0.05,4,958090572,M1,689752ec2d69,0.8796,0.7324,0.7926,0.5619,0.107,0.2575,0.1679,,0.1279,299,0,219
W-scope,300,0.3,1.0,0.05,4,958090572,M2,689752ec2d69,0.8796,0.7324,0.8796,0.6388,0.0,0.1739,0.0812,,0.1279,299,0,219
W-scope,300,0.3,1.0,0.05,4,958090572,M1+pausa,689752ec2d69,0.8796,0.7324,0.7926,0.5619,0.107,0.2575,0.1679,,0.1279,299,0,219
W-scope,300,0.3,1.0,0.05,5,536902669,M0,689752ec2d69,0.9264,0.8796,0.0736,0.0,0.0535,0.1672,0.0706,,1.0,299,0,263
W-scope,300,0.3,1.0,0.05,5,536902669,M1,689752ec2d69,0.9264,0.8796,0.893,0.7291,0.0535,0.1672,0.0956,,0.0684,299,0,263
W-scope,300,0.3,1.0,0.05,5,536902669,M2,689752ec2d69,0.9264,0.8796,0.9264,0.7625,0.0,0.1137,0.0523,,0.0684,299,0,263
W-scope,300,0.3,1.0,0.05,5,536902669,M1+pausa,689752ec2d69,0.9264,0.8796,0.893,0.7291,0.0535,0.1672,0.0956,,0.0684,299,0,263
W-scope,300,0.3,1.0,0.05,6,187510734,M0,689752ec2d69,0.9398,0.8094,0.1438,0.0,0.0502,0.2441,0.0703,,1.0,299,0,242
W-scope,300,0.3,1.0,0.05,6,187510734,M1,689752ec2d69,0.9398,0.8094,0.8963,0.6689,0.0502,0.2441,0.0929,,0.0702,299,0,242
W-scope,300,0.3,1.0,0.05,6,187510734,M2,689752ec2d69,0.9398,0.8094,0.9398,0.7124,0.0,0.194,0.0523,,0.0702,299,0,242
W-scope,300,0.3,1.0,0.05,6,187510734,M1+pausa,689752ec2d69,0.9398,0.8094,0.8963,0.6689,0.0502,0.2441,0.0929,,0.0702,299,0,242
W-scope,300,0.3,1.0,0.05,7,305536655,M0,689752ec2d69,0.8963,0.8528,0.0936,0.0033,0.0803,0.2308,0.0795,,1.0,299,0,255
W-scope,300,0.3,1.0,0.05,7,305536655,M1,689752ec2d69,0.8963,0.8528,0.8495,0.699,0.0803,0.2308,0.1277,,0.1098,299,0,255
W-scope,300,0.3,1.0,0.05,7,305536655,M2,689752ec2d69,0.8963,0.8528,0.8963,0.7425,0.0,0.1505,0.0627,,0.1098,299,0,255
W-scope,300,0.3,1.0,0.05,7,305536655,M1+pausa,689752ec2d69,0.8963,0.8528,0.8495,0.699,0.0803,0.2308,0.1277,,0.1098,299,0,255
W-scope,300,0.3,1.0,0.05,8,363725376,M0,689752ec2d69,0.8963,0.8161,0.1338,0.0067,0.0702,0.2542,0.0695,,1.0,299,0,244
W-scope,300,0.3,1.0,0.05,8,363725376,M1,689752ec2d69,0.8963,0.8161,0.8562,0.6522,0.0702,0.2542,0.1197,,0.1066,299,0,244
W-scope,300,0.3,1.0,0.05,8,363725376,M2,689752ec2d69,0.8963,0.8161,0.8963,0.6856,0.0,0.1839,0.0628,,0.1066,299,0,244
W-scope,300,0.3,1.0,0.05,8,363725376,M1+pausa,689752ec2d69,0.8963,0.8161,0.8562,0.6522,0.0702,0.2542,0.1197,,0.1066,299,0,244
W-scope,300,0.3,1.0,0.05,9,213201665,M0,689752ec2d69,0.9164,0.7926,0.1605,0.0067,0.0535,0.2441,0.0756,,1.0,299,0,237
W-scope,300,0.3,1.0,0.05,9,213201665,M1,689752ec2d69,0.9164,0.7926,0.8863,0.6488,0.0535,0.2441,0.0956,,0.0759,299,0,237
W-scope,300,0.3,1.0,0.05,9,213201665,M2,689752ec2d69,0.9164,0.7926,0.9164,0.6789,0.0,0.1906,0.0523,,0.0759,299,0,237
W-scope,300,0.3,1.0,0.05,9,213201665,M1+pausa,689752ec2d69,0.9164,0.7926,0.8863,0.6488,0.0535,0.2441,0.0956,,0.0759,299,0,237
W-scope,300,0.3,1.0,0.05,10,1915226852,M0,689752ec2d69,0.913,0.7926,0.1371,0.0,0.087,0.2709,0.0906,,1.0,299,0,237
W-scope,300,0.3,1.0,0.05,10,1915226852,M1,689752ec2d69,0.913,0.7926,0.8528,0.6589,0.087,0.2709,0.1277,,0.097,299,0,237
W-scope,300,0.3,1.0,0.05,10,1915226852,M2,689752ec2d69,0.913,0.7926,0.913,0.7124,0.0,0.1839,0.0573,,0.097,299,0,237
W-scope,300,0.3,1.0,0.05,10,1915226852,M1+pausa,689752ec2d69,0.913,0.7926,0.8528,0.6589,0.087,0.2709,0.1277,,0.097,299,0,237
W-scope,300,0.3,1.0,0.05,11,1798519717,M0,689752ec2d69,0.9197,0.8562,0.097,0.0033,0.0468,0.1906,0.0664,,1.0,299,0,256
W-scope,300,0.3,1.0,0.05,11,1798519717,M1,689752ec2d69,0.9197,0.8562,0.8863,0.7324,0.0468,0.1906,0.0983,,0.0742,299,0,256
W-scope,300,0.3,1.0,0.05,11,1798519717,M2,689752ec2d69,0.9197,0.8562,0.9197,0.7659,0.0,0.1438,0.0604,,0.0742,299,0,256
W-scope,300,0.3,1.0,0.05,11,1798519717,M1+pausa,689752ec2d69,0.9197,0.8562,0.8863,0.7324,0.0468,0.1906,0.0983,,0.0742,299,0,256
W-scope,300,0.3,1.0,0.05,12,1075734630,M0,689752ec2d69,0.8963,0.8696,0.0803,0.0,0.0669,0.1839,0.0965,,1.0,299,0,260
W-scope,300,0.3,1.0,0.05,12,1075734630,M1,689752ec2d69,0.8963,0.8696,0.8595,0.7224,0.0669,0.1839,0.1224,,0.1038,299,0,260
W-scope,300,0.3,1.0,0.05,12,1075734630,M2,689752ec2d69,0.8963,0.8696,0.8963,0.7559,0.0,0.1204,0.0682,,0.1038,299,0,260
W-scope,300,0.3,1.0,0.05,12,1075734630,M1+pausa,689752ec2d69,0.8963,0.8696,0.8595,0.7224,0.0669,0.1839,0.1224,,0.1038,299,0,260
W-scope,300,0.3,1.0,0.05,13,1493522727,M0,689752ec2d69,0.8997,0.8428,0.1338,0.0,0.0401,0.194,0.0693,,1.0,299,0,252
W-scope,300,0.3,1.0,0.05,13,1493522727,M1,689752ec2d69,0.8997,0.8428,0.8829,0.6923,0.0401,0.194,0.1036,,0.1111,299,0,252
W-scope,300,0.3,1.0,0.05,13,1493522727,M2,689752ec2d69,0.8997,0.8428,0.8997,0.709,0.0,0.1605,0.0712,,0.1111,299,0,252
W-scope,300,0.3,1.0,0.05,13,1493522727,M1+pausa,689752ec2d69,0.8997,0.8428,0.8829,0.6923,0.0401,0.194,0.1036,,0.1111,299,0,252
W-scope,300,0.3,1.0,0.05,14,373608416,M0,689752ec2d69,0.8997,0.796,0.1405,0.0134,0.0602,0.2375,0.0749,,1.0,299,0,238
W-scope,300,0.3,1.0,0.05,14,373608416,M1,689752ec2d69,0.8997,0.796,0.8562,0.6589,0.0602,0.2375,0.1143,,0.084,299,0,238
W-scope,300,0.3,1.0,0.05,14,373608416,M2,689752ec2d69,0.8997,0.796,0.8997,0.6923,0.0,0.1773,0.0656,,0.084,299,0,238
W-scope,300,0.3,1.0,0.05,14,373608416,M1+pausa,689752ec2d69,0.8997,0.796,0.8562,0.6589,0.0602,0.2375,0.1143,,0.084,299,0,238
W-scope,300,0.3,1.0,0.05,15,257949345,M0,689752ec2d69,0.8796,0.8094,0.1371,0.01,0.0502,0.2642,0.0559,,1.0,299,0,242
W-scope,300,0.3,1.0,0.05,15,257949345,M1,689752ec2d69,0.8796,0.8094,0.8395,0.6288,0.0502,0.2642,0.1304,,0.1198,299,0,242
W-scope,300,0.3,1.0,0.05,15,257949345,M2,689752ec2d69,0.8796,0.8094,0.8796,0.6589,0.0,0.214,0.0898,,0.1198,299,0,242
W-scope,300,0.3,1.0,0.05,15,257949345,M1+pausa,689752ec2d69,0.8796,0.8094,0.8395,0.6288,0.0502,0.2642,0.1304,,0.1198,299,0,242
W-scope,300,0.3,1.0,0.05,16,611495266,M0,689752ec2d69,0.8896,0.7893,0.1505,0.0033,0.0736,0.2876,0.0813,,1.0,299,0,236
W-scope,300,0.3,1.0,0.05,16,611495266,M1,689752ec2d69,0.8896,0.7893,0.8428,0.6321,0.0736,0.2876,0.1331,,0.1186,299,0,236
W-scope,300,0.3,1.0,0.05,16,611495266,M2,689752ec2d69,0.8896,0.7893,0.8896,0.6756,0.0,0.214,0.0735,,0.1186,299,0,236
W-scope,300,0.3,1.0,0.05,16,611495266,M1+pausa,689752ec2d69,0.8896,0.7893,0.8428,0.6321,0.0736,0.2876,0.1331,,0.1186,299,0,236
W-scope,300,0.3,1.0,0.05,17,1030331427,M0,689752ec2d69,0.9064,0.8829,0.1037,0.0033,0.0468,0.204,0.0819,,1.0,299,0,264
W-scope,300,0.3,1.0,0.05,17,1030331427,M1,689752ec2d69,0.9064,0.8829,0.893,0.7191,0.0468,0.204,0.0929,,0.1023,299,0,264
W-scope,300,0.3,1.0,0.05,17,1030331427,M2,689752ec2d69,0.9064,0.8829,0.9064,0.7324,0.0,0.1572,0.055,,0.1023,299,0,264
W-scope,300,0.3,1.0,0.05,17,1030331427,M1+pausa,689752ec2d69,0.9064,0.8829,0.893,0.7191,0.0468,0.204,0.0929,,0.1023,299,0,264
W-scope,300,0.3,1.0,0.05,18,988905708,M0,689752ec2d69,0.8829,0.9231,0.0535,0.0033,0.0401,0.1672,0.0289,,1.0,299,0,276
W-scope,300,0.3,1.0,0.05,18,988905708,M1,689752ec2d69,0.8829,0.9231,0.8696,0.7492,0.0401,0.1672,0.1117,,0.1123,299,0,276
W-scope,300,0.3,1.0,0.05,18,988905708,M2,689752ec2d69,0.8829,0.9231,0.8829,0.7592,0.0,0.1271,0.0792,,0.1123,299,0,276
W-scope,300,0.3,1.0,0.05,18,988905708,M1+pausa,689752ec2d69,0.8829,0.9231,0.8696,0.7492,0.0401,0.1672,0.1117,,0.1123,299,0,276
W-scope,300,0.3,1.0,0.05,19,602583469,M0,689752ec2d69,0.8997,0.8462,0.1237,0.0,0.0468,0.2441,0.1005,,1.0,299,0,253
W-scope,300,0.3,1.0,0.05,19,602583469,M1,689752ec2d69,0.8997,0.8462,0.8729,0.6656,0.0468,0.2441,0.1117,,0.1146,299,0,253
W-scope,300,0.3,1.0,0.05,19,602583469,M2,689752ec2d69,0.8997,0.8462,0.8997,0.6923,0.0,0.1973,0.0738,,0.1146,299,0,253
W-scope,300,0.3,1.0,0.05,19,602583469,M1+pausa,689752ec2d69,0.8997,0.8462,0.8729,0.6656,0.0468,0.2441,0.1117,,0.1146,299,0,253
W-scope,300,0.3,1.0,0.25,0,280963395,M0,689752ec2d69,0.612,0.8328,0.087,0.01,0.1137,0.4348,0.1416,,1.0,299,0,249
W-scope,300,0.3,1.0,0.25,0,280963395,M1,689752ec2d69,0.612,0.8328,0.5819,0.3077,0.1137,0.4348,0.3364,,0.3936,299,0,249
W-scope,300,0.3,1.0,0.25,0,280963395,M2,689752ec2d69,0.612,0.8328,0.612,0.3244,0.0,0.3211,0.2444,,0.3936,299,0,249
W-scope,300,0.3,1.0,0.25,0,280963395,M1+pausa,689752ec2d69,0.612,0.8328,0.5819,0.3077,0.1137,0.4348,0.3364,,0.3936,299,0,249
W-scope,300,0.3,1.0,0.25,1,161748994,M0,689752ec2d69,0.6355,0.9064,0.0635,0.0033,0.1137,0.4114,0.0766,,1.0,299,0,271
W-scope,300,0.3,1.0,0.25,1,161748994,M1,689752ec2d69,0.6355,0.9064,0.6254,0.2943,0.1137,0.4114,0.307,,0.3764,299,0,271
W-scope,300,0.3,1.0,0.25,1,161748994,M2,689752ec2d69,0.6355,0.9064,0.6355,0.2977,0.0,0.2977,0.2149,,0.3764,299,0,271
W-scope,300,0.3,1.0,0.25,1,161748994,M1+pausa,689752ec2d69,0.6355,0.9064,0.6254,0.2943,0.1137,0.4114,0.307,,0.3764,299,0,271
W-scope,300,0.3,1.0,0.25,2,579423169,M0,689752ec2d69,0.612,0.7926,0.1304,0.01,0.1137,0.4649,0.2176,,1.0,299,0,237
W-scope,300,0.3,1.0,0.25,2,579423169,M1,689752ec2d69,0.612,0.7926,0.5886,0.2709,0.1137,0.4649,0.3311,,0.4093,299,0,237
W-scope,300,0.3,1.0,0.25,2,579423169,M2,689752ec2d69,0.612,0.7926,0.612,0.2742,0.0,0.3512,0.239,,0.4093,299,0,237
W-scope,300,0.3,1.0,0.25,2,579423169,M1+pausa,689752ec2d69,0.612,0.7926,0.5886,0.2709,0.1137,0.4649,0.3311,,0.4093,299,0,237
W-scope,300,0.3,1.0,0.25,3,999455360,M0,689752ec2d69,0.592,0.786,0.1304,0.0201,0.1037,0.4548,0.1848,,1.0,299,0,235
W-scope,300,0.3,1.0,0.25,3,999455360,M1,689752ec2d69,0.592,0.786,0.5652,0.2508,0.1037,0.4548,0.3364,,0.4128,299,0,235
W-scope,300,0.3,1.0,0.25,3,999455360,M2,689752ec2d69,0.592,0.786,0.592,0.2709,0.0,0.3512,0.2525,,0.4128,299,0,235
W-scope,300,0.3,1.0,0.25,3,999455360,M1+pausa,689752ec2d69,0.592,0.786,0.5652,0.2508,0.1037,0.4548,0.3364,,0.4128,299,0,235
W-scope,300,0.3,1.0,0.25,4,1960045639,M0,689752ec2d69,0.6221,0.8161,0.097,0.0033,0.0769,0.388,0.1377,,1.0,299,0,244
W-scope,300,0.3,1.0,0.25,4,1960045639,M1,689752ec2d69,0.6221,0.8161,0.6087,0.2776,0.0769,0.388,0.3123,,0.3566,299,0,244
W-scope,300,0.3,1.0,0.25,4,1960045639,M2,689752ec2d69,0.6221,0.8161,0.6221,0.2843,0.0,0.311,0.2501,,0.3566,299,0,244
W-scope,300,0.3,1.0,0.25,4,1960045639,M1+pausa,689752ec2d69,0.6221,0.8161,0.6087,0.2776,0.0769,0.388,0.3123,,0.3566,299,0,244
W-scope,300,0.3,1.0,0.25,5,1841880326,M0,689752ec2d69,0.5819,0.7893,0.0936,0.0067,0.1137,0.4348,0.1583,,1.0,299,0,236
W-scope,300,0.3,1.0,0.25,5,1841880326,M1,689752ec2d69,0.5819,0.7893,0.5485,0.2709,0.1137,0.4348,0.3632,,0.411,299,0,236
W-scope,300,0.3,1.0,0.25,5,1841880326,M2,689752ec2d69,0.5819,0.7893,0.5819,0.2943,0.0,0.3211,0.2711,,0.411,299,0,236
W-scope,300,0.3,1.0,0.25,5,1841880326,M1+pausa,689752ec2d69,0.5819,0.7893,0.5485,0.2709,0.1137,0.4348,0.3632,,0.411,299,0,236
W-scope,300,0.3,1.0,0.25,6,1189449413,M0,689752ec2d69,0.6756,0.8428,0.097,0.0067,0.0903,0.3779,0.0862,,1.0,299,0,252
W-scope,300,0.3,1.0,0.25,6,1189449413,M1,689752ec2d69,0.6756,0.8428,0.6488,0.3512,0.0903,0.3779,0.2802,,0.3294,299,0,252
W-scope,300,0.3,1.0,0.25,6,1189449413,M2,689752ec2d69,0.6756,0.8428,0.6756,0.3645,0.0,0.2876,0.2071,,0.3294,299,0,252
W-scope,300,0.3,1.0,0.25,6,1189449413,M1+pausa,689752ec2d69,0.6756,0.8428,0.6488,0.3512,0.0903,0.3779,0.2802,,0.3294,299,0,252
W-scope,300,0.3,1.0,0.25,7,1610530692,M0,689752ec2d69,0.5987,0.8361,0.0803,0.0067,0.1104,0.4047,0.2021,,1.0,299,0,250
W-scope,300,0.3,1.0,0.25,7,1610530692,M1,689752ec2d69,0.5987,0.8361,0.5753,0.2709,0.1104,0.4047,0.3364,,0.388,299,0,250
W-scope,300,0.3,1.0,0.25,7,1610530692,M2,689752ec2d69,0.5987,0.8361,0.5987,0.2843,0.0,0.2977,0.2471,,0.388,299,0,250
W-scope,300,0.3,1.0,0.25,7,1610530692,M1+pausa,689752ec2d69,0.5987,0.8361,0.5753,0.2709,0.1104,0.4047,0.3364,,0.388,299,0,250
W-scope,300,0.3,1.0,0.25,8,1483121483,M0,689752ec2d69,0.6154,0.9197,0.0368,0.0067,0.1104,0.4047,0.0502,,1.0,299,0,275
W-scope,300,0.3,1.0,0.25,8,1483121483,M1,689752ec2d69,0.6154,0.9197,0.5953,0.3144,0.1104,0.4047,0.3284,,0.3855,299,0,275
W-scope,300,0.3,1.0,0.25,8,1483121483,M2,689752ec2d69,0.6154,0.9197,0.6154,0.3311,0.0,0.2943,0.239,,0.3855,299,0,275
W-scope,300,0.3,1.0,0.25,8,1483121483,M1+pausa,689752ec2d69,0.6154,0.9197,0.5953,0.3144,0.1104,0.4047,0.3284,,0.3855,299,0,275
W-scope,300,0.3,1.0,0.25,9,1098748426,M0,689752ec2d69,0.6154,0.7993,0.1271,0.0067,0.1237,0.4515,0.1273,,1.0,299,0,239
W-scope,300,0.3,1.0,0.25,9,1098748426,M1,689752ec2d69,0.6154,0.7993,0.5886,0.2776,0.1237,0.4515,0.3257,,0.4017,299,0,239
W-scope,300,0.3,1.0,0.25,9,1098748426,M2,689752ec2d69,0.6154,0.7993,0.6154,0.2876,0.0,0.3278,0.2255,,0.4017,299,0,239
W-scope,300,0.3,1.0,0.25,9,1098748426,M1+pausa,689752ec2d69,0.6154,0.7993,0.5886,0.2776,0.1237,0.4515,0.3257,,0.4017,299,0,239
W-scope,300,0.3,1.0,0.25,10,1706499021,M0,689752ec2d69,0.5753,0.8462,0.0769,0.0067,0.107,0.4247,0.1859,,1.0,299,0,253
W-scope,300,0.3,1.0,0.25,10,1706499021,M1,689752ec2d69,0.5753,0.8462,0.5552,0.3278,0.107,0.4247,0.3525,,0.415,299,0,253
W-scope,300,0.3,1.0,0.25,10,1706499021,M2,689752ec2d69,0.5753,0.8462,0.5753,0.3445,0.0,0.3211,0.2658,,0.415,299,0,253
W-scope,300,0.3,1.0,0.25,10,1706499021,M1+pausa,689752ec2d69,0.5753,0.8462,0.5552,0.3278,0.107,0.4247,0.3525,,0.415,299,0,253
W-scope,300,0.3,1.0,0.25,11,2091657868,M0,689752ec2d69,0.602,0.7793,0.107,0.0134,0.1104,0.4314,0.1612,,1.0,299,0,233
W-scope,300,0.3,1.0,0.25,11,2091657868,M1,689752ec2d69,0.602,0.7793,0.5518,0.2676,0.1104,0.4314,0.3444,,0.3906,299,0,233
W-scope,300,0.3,1.0,0.25,11,2091657868,M2,689752ec2d69,0.602,0.7793,0.602,0.2977,0.0,0.3211,0.2551,,0.3906,299,0,233
W-scope,300,0.3,1.0,0.25,11,2091657868,M1+pausa,689752ec2d69,0.602,0.7793,0.5518,0.2676,0.1104,0.4314,0.3444,,0.3906,299,0,233
W-scope,300,0.3,1.0,0.25,12,1468102991,M0,689752ec2d69,0.6221,0.8361,0.0903,0.01,0.0903,0.4047,0.1208,,1.0,299,0,250
W-scope,300,0.3,1.0,0.25,12,1468102991,M1,689752ec2d69,0.6221,0.8361,0.602,0.291,0.0903,0.4047,0.3177,,0.372,299,0,250
W-scope,300,0.3,1.0,0.25,12,1468102991,M2,689752ec2d69,0.6221,0.8361,0.6221,0.3077,0.0,0.3144,0.2446,,0.372,299,0,250
W-scope,300,0.3,1.0,0.25,12,1468102991,M1+pausa,689752ec2d69,0.6221,0.8361,0.602,0.291,0.0903,0.4047,0.3177,,0.372,299,0,250
W-scope,300,0.3,1.0,0.25,13,1318733838,M0,689752ec2d69,0.5886,0.8227,0.0903,0.0167,0.1237,0.4482,0.1971,,1.0,299,0,246
W-scope,300,0.3,1.0,0.25,13,1318733838,M1,689752ec2d69,0.5886,0.8227,0.5552,0.2709,0.1237,0.4482,0.3525,,0.4146,299,0,246
W-scope,300,0.3,1.0,0.25,13,1318733838,M2,689752ec2d69,0.5886,0.8227,0.5886,0.2809,0.0,0.3244,0.2523,,0.4146,299,0,246
W-scope,300,0.3,1.0,0.25,13,1318733838,M1+pausa,689752ec2d69,0.5886,0.8227,0.5552,0.2709,0.1237,0.4482,0.3525,,0.4146,299,0,246
W-scope,300,0.3,1.0,0.25,14,31186633,M0,689752ec2d69,0.6087,0.8896,0.0569,0.0067,0.1104,0.3913,0.1245,,1.0,299,0,266
W-scope,300,0.3,1.0,0.25,14,31186633,M1,689752ec2d69,0.6087,0.8896,0.5953,0.3612,0.1104,0.3913,0.323,,0.3797,299,0,266
W-scope,300,0.3,1.0,0.25,14,31186633,M2,689752ec2d69,0.6087,0.8896,0.6087,0.3612,0.0,0.2843,0.2337,,0.3797,299,0,266
W-scope,300,0.3,1.0,0.25,14,31186633,M1+pausa,689752ec2d69,0.6087,0.8896,0.5953,0.3612,0.1104,0.3913,0.323,,0.3797,299,0,266
W-scope,300,0.3,1.0,0.25,15,415297416,M0,689752ec2d69,0.5686,0.8127,0.1204,0.0201,0.1104,0.4716,0.2128,,1.0,299,0,243
W-scope,300,0.3,1.0,0.25,15,415297416,M1,689752ec2d69,0.5686,0.8127,0.5485,0.2809,0.1104,0.4716,0.3498,,0.4403,299,0,243
W-scope,300,0.3,1.0,0.25,15,415297416,M2,689752ec2d69,0.5686,0.8127,0.5686,0.291,0.0,0.3612,0.2604,,0.4403,299,0,243
W-scope,300,0.3,1.0,0.25,15,415297416,M1+pausa,689752ec2d69,0.5686,0.8127,0.5485,0.2809,0.1104,0.4716,0.3498,,0.4403,299,0,243
W-scope,300,0.3,1.0,0.25,16,871218251,M0,689752ec2d69,0.6622,0.8094,0.097,0.0033,0.107,0.3846,0.1561,,1.0,299,0,242
W-scope,300,0.3,1.0,0.25,16,871218251,M1,689752ec2d69,0.6622,0.8094,0.6187,0.291,0.107,0.3846,0.299,,0.3306,299,0,242
W-scope,300,0.3,1.0,0.25,16,871218251,M2,689752ec2d69,0.6622,0.8094,0.6622,0.3244,0.0,0.2776,0.2123,,0.3306,299,0,242
W-scope,300,0.3,1.0,0.25,16,871218251,M1+pausa,689752ec2d69,0.6622,0.8094,0.6187,0.291,0.107,0.3846,0.299,,0.3306,299,0,242
W-scope,300,0.3,1.0,0.25,17,720801034,M0,689752ec2d69,0.6288,0.8528,0.0769,0.0067,0.1104,0.398,0.1299,,1.0,299,0,255
W-scope,300,0.3,1.0,0.25,17,720801034,M1,689752ec2d69,0.6288,0.8528,0.602,0.3244,0.1104,0.398,0.315,,0.3647,299,0,255
W-scope,300,0.3,1.0,0.25,17,720801034,M2,689752ec2d69,0.6288,0.8528,0.6288,0.3378,0.0,0.2876,0.2257,,0.3647,299,0,255
W-scope,300,0.3,1.0,0.25,17,720801034,M1+pausa,689752ec2d69,0.6288,0.8528,0.602,0.3244,0.1104,0.398,0.315,,0.3647,299,0,255
W-scope,300,0.3,1.0,0.25,18,762220997,M0,689752ec2d69,0.6054,0.8127,0.087,0.0033,0.0936,0.4147,0.1919,,1.0,299,0,243
W-scope,300,0.3,1.0,0.25,18,762220997,M1,689752ec2d69,0.6054,0.8127,0.5719,0.2977,0.0936,0.4147,0.3391,,0.3827,299,0,243
W-scope,300,0.3,1.0,0.25,18,762220997,M2,689752ec2d69,0.6054,0.8127,0.6054,0.3278,0.0,0.3211,0.2633,,0.3827,299,0,243
W-scope,300,0.3,1.0,0.25,18,762220997,M1+pausa,689752ec2d69,0.6054,0.8127,0.5719,0.2977,0.0936,0.4147,0.3391,,0.3827,299,0,243
W-scope,300,0.3,1.0,0.25,19,880124036,M0,689752ec2d69,0.6555,0.8127,0.1037,0.0134,0.0936,0.3612,0.1407,,1.0,299,0,243
W-scope,300,0.3,1.0,0.25,19,880124036,M1,689752ec2d69,0.6555,0.8127,0.6321,0.3378,0.0936,0.3612,0.2856,,0.321,299,0,243
W-scope,300,0.3,1.0,0.25,19,880124036,M2,689752ec2d69,0.6555,0.8127,0.6555,0.3478,0.0,0.2676,0.2098,,0.321,299,0,243
W-scope,300,0.3,1.0,0.25,19,880124036,M1+pausa,689752ec2d69,0.6555,0.8127,0.6321,0.3378,0.0936,0.3612,0.2856,,0.321,299,0,243
W-scope,300,0.3,0.7,0.05,0,702170190,M0,689752ec2d69,0.8725,0.8161,0.1208,0.0067,0.0671,0.2752,0.0687,,1.0,149,0,123
W-scope,300,0.3,0.7,0.05,0,702170190,M1,689752ec2d69,0.8725,0.8161,0.8255,0.6376,0.0671,0.2752,0.1442,,0.1382,149,0,123
W-scope,300,0.3,0.7,0.05,0,702170190,M2,689752ec2d69,0.8725,0.8161,0.8725,0.6846,0.0,0.2081,0.0899,,0.1382,149,0,123
W-scope,300,0.3,0.7,0.05,0,702170190,M1+pausa,689752ec2d69,0.8725,0.8161,0.8255,0.6376,0.0671,0.2752,0.1442,,0.1382,149,0,123
W-scope,300,0.3,0.7,0.05,1,817984783,M0,689752ec2d69,0.9178,0.903,0.0548,0.0,0.0479,0.1575,0.0336,,1.0,146,0,133
W-scope,300,0.3,0.7,0.05,1,817984783,M1,689752ec2d69,0.9178,0.903,0.8904,0.7534,0.0479,0.1575,0.0977,,0.0827,146,0,133
W-scope,300,0.3,0.7,0.05,1,817984783,M2,689752ec2d69,0.9178,0.903,0.9178,0.7808,0.0,0.1096,0.0589,,0.0827,146,0,133
W-scope,300,0.3,0.7,0.05,1,817984783,M1+pausa,689752ec2d69,0.9178,0.903,0.8904,0.7534,0.0479,0.1575,0.0977,,0.0827,146,0,133
W-scope,300,0.3,0.7,0.05,2,468461260,M0,689752ec2d69,0.9383,0.8161,0.1296,0.0,0.0432,0.216,0.0498,,1.0,162,0,136
W-scope,300,0.3,0.7,0.05,2,468461260,M1,689752ec2d69,0.9383,0.8161,0.9074,0.7099,0.0432,0.216,0.0841,,0.0735,162,0,136
W-scope,300,0.3,0.7,0.05,2,468461260,M2,689752ec2d69,0.9383,0.8161,0.9383,0.7346,0.0,0.1728,0.0491,,0.0735,162,0,136
W-scope,300,0.3,0.7,0.05,2,468461260,M1+pausa,689752ec2d69,0.9383,0.8161,0.9074,0.7099,0.0432,0.216,0.0841,,0.0735,162,0,136
W-scope,300,0.3,0.7,0.05,3,49747853,M0,689752ec2d69,0.8599,0.8395,0.0955,0.0,0.0255,0.242,0.0752,,1.0,157,0,135
W-scope,300,0.3,0.7,0.05,3,49747853,M1,689752ec2d69,0.8599,0.8395,0.8344,0.6624,0.0255,0.242,0.1425,,0.1407,157,0,135
W-scope,300,0.3,0.7,0.05,3,49747853,M2,689752ec2d69,0.8599,0.8395,0.8599,0.6879,0.0,0.2166,0.1219,,0.1407,157,0,135
W-scope,300,0.3,0.7,0.05,3,49747853,M1+pausa,689752ec2d69,0.8599,0.8395,0.8344,0.6624,0.0255,0.242,0.1425,,0.1407,157,0,135
W-scope,300,0.3,0.7,0.05,4,1303806282,M0,689752ec2d69,0.8851,0.8796,0.1014,0.0,0.0541,0.2297,0.0528,,1.0,148,0,131
W-scope,300,0.3,0.7,0.05,4,1303806282,M1,689752ec2d69,0.8851,0.8796,0.8716,0.7162,0.0541,0.2297,0.1127,,0.1298,148,0,131
W-scope,300,0.3,0.7,0.05,4,1303806282,M2,689752ec2d69,0.8851,0.8796,0.8851,0.7297,0.0,0.1757,0.0689,,0.1298,148,0,131
W-scope,300,0.3,0.7,0.05,4,1303806282,M1+pausa,689752ec2d69,0.8851,0.8796,0.8716,0.7162,0.0541,0.2297,0.1127,,0.1298,148,0,131
W-scope,300,0.3,0.7,0.05,5,1420668939,M0,689752ec2d69,0.9104,0.8261,0.1045,0.0,0.0746,0.2537,0.0933,,1.0,134,0,110
W-scope,300,0.3,0.7,0.05,5,1420668939,M1,689752ec2d69,0.9104,0.8261,0.8433,0.7015,0.0746,0.2537,0.1354,,0.1,134,0,110
W-scope,300,0.3,0.7,0.05,5,1420668939,M2,689752ec2d69,0.9104,0.8261,0.9104,0.7537,0.0,0.1791,0.075,,0.1,134,0,110
W-scope,300,0.3,0.7,0.05,5,1420668939,M1+pausa,689752ec2d69,0.9104,0.8261,0.8433,0.7015,0.0746,0.2537,0.1354,,0.1,134,0,110
W-scope,300,0.3,0.7,0.05,6,2139153352,M0,689752ec2d69,0.9177,0.8161,0.1139,0.0063,0.0316,0.1962,0.0432,,1.0,158,0,138
W-scope,300,0.3,0.7,0.05,6,2139153352,M1,689752ec2d69,0.9177,0.8161,0.9051,0.7025,0.0316,0.1962,0.0809,,0.087,158,0,138
W-scope,300,0.3,0.7,0.05,6,2139153352,M2,689752ec2d69,0.9177,0.8161,0.9177,0.7152,0.0,0.1646,0.0553,,0.087,158,0,138
W-scope,300,0.3,0.7,0.05,6,2139153352,M1+pausa,689752ec2d69,0.9177,0.8161,0.9051,0.7025,0.0316,0.1962,0.0809,,0.087,158,0,138
W-scope,300,0.3,0.7,0.05,7,1721488009,M0,689752ec2d69,0.9139,0.806,0.1325,0.0,0.0397,0.2252,0.0575,,1.0,151,0,126
W-scope,300,0.3,0.7,0.05,7,1721488009,M1,689752ec2d69,0.9139,0.806,0.894,0.7086,0.0397,0.2252,0.0948,,0.0873,151,0,126
W-scope,300,0.3,0.7,0.05,7,1721488009,M2,689752ec2d69,0.9139,0.806,0.9139,0.7285,0.0,0.1854,0.0626,,0.0873,151,0,126
W-scope,300,0.3,0.7,0.05,7,1721488009,M1+pausa,689752ec2d69,0.9139,0.806,0.894,0.7086,0.0397,0.2252,0.0948,,0.0873,151,0,126
W-scope,300,0.3,0.7,0.05,8,1627639366,M0,689752ec2d69,0.9172,0.8294,0.131,0.0,0.0345,0.2138,0.061,,1.0,145,0,120
W-scope,300,0.3,0.7,0.05,8,1627639366,M1,689752ec2d69,0.9172,0.8294,0.8966,0.6759,0.0345,0.2138,0.0928,,0.075,145,0,120
W-scope,300,0.3,0.7,0.05,8,1627639366,M2,689752ec2d69,0.9172,0.8294,0.9172,0.6966,0.0,0.1793,0.0648,,0.075,145,0,120
W-scope,300,0.3,0.7,0.05,8,1627639366,M1+pausa,689752ec2d69,0.9172,0.8294,0.8966,0.6759,0.0345,0.2138,0.0928,,0.075,145,0,120
W-scope,300,0.3,0.7,0.05,9,2014904071,M0,689752ec2d69,0.8309,0.8428,0.1471,0.0074,0.0662,0.2426,0.0691,,1.0,136,0,112
W-scope,300,0.3,0.7,0.05,9,2014904071,M1,689752ec2d69,0.8309,0.8428,0.8088,0.6324,0.0662,0.2426,0.1571,,0.1875,136,0,112
W-scope,300,0.3,0.7,0.05,9,2014904071,M2,689752ec2d69,0.8309,0.8428,0.8309,0.6544,0.0,0.1838,0.1035,,0.1875,136,0,112
W-scope,300,0.3,0.7,0.05,9,2014904071,M1+pausa,689752ec2d69,0.8309,0.8428,0.8088,0.6324,0.0662,0.2426,0.1571,,0.1875,136,0,112
W-scope,300,0.3,0.7,0.05,10,465502749,M0,689752ec2d69,0.8973,0.8395,0.1644,0.0,0.0479,0.2877,0.0648,,1.0,146,0,117
W-scope,300,0.3,0.7,0.05,10,465502749,M1,689752ec2d69,0.8973,0.8395,0.8699,0.6438,0.0479,0.2877,0.1141,,0.1197,146,0,117
W-scope,300,0.3,0.7,0.05,10,465502749,M2,689752ec2d69,0.8973,0.8395,0.8973,0.6712,0.0,0.2397,0.0753,,0.1197,146,0,117
W-scope,300,0.3,0.7,0.05,10,465502749,M1+pausa,689752ec2d69,0.8973,0.8395,0.8699,0.6438,0.0479,0.2877,0.1141,,0.1197,146,0,117
W-scope,300,0.3,0.7,0.05,11,44315484,M0,689752ec2d69,0.8951,0.8161,0.1399,0.0,0.0629,0.2238,0.101,,1.0,143,0,112
W-scope,300,0.3,0.7,0.05,11,44315484,M1,689752ec2d69,0.8951,0.8161,0.8392,0.6294,0.0629,0.2238,0.1331,,0.0982,143,0,112
W-scope,300,0.3,0.7,0.05,11,44315484,M2,689752ec2d69,0.8951,0.8161,0.8951,0.6853,0.0,0.1818,0.0821,,0.0982,143,0,112
W-scope,300,0.3,0.7,0.05,11,44315484,M1+pausa,689752ec2d69,0.8951,0.8161,0.8392,0.6294,0.0629,0.2238,0.1331,,0.0982,143,0,112
W-scope,300,0.3,0.7,0.05,12,696869023,M0,689752ec2d69,0.9304,0.9264,0.057,0.0127,0.0253,0.1139,0.0282,,1.0,158,0,147
W-scope,300,0.3,0.7,0.05,12,696869023,M1,689752ec2d69,0.9304,0.9264,0.9177,0.7785,0.0253,0.1139,0.0657,,0.0612,158,0,147
W-scope,300,0.3,0.7,0.05,12,696869023,M2,689752ec2d69,0.9304,0.9264,0.9304,0.7911,0.0,0.0886,0.0452,,0.0612,158,0,147
W-scope,300,0.3,0.7,0.05,12,696869023,M1+pausa,689752ec2d69,0.9304,0.9264,0.9177,0.7785,0.0253,0.1139,0.0657,,0.0612,158,0,147
W-scope,300,0.3,0.7,0.05,13,814895582,M0,689752ec2d69,0.9038,0.796,0.1731,0.0064,0.0577,0.2692,0.0906,,1.0,156,0,119
W-scope,300,0.3,0.7,0.05,13,814895582,M1,689752ec2d69,0.9038,0.796,0.8654,0.641,0.0577,0.2692,0.1126,,0.084,156,0,119
W-scope,300,0.3,0.7,0.05,13,814895582,M2,689752ec2d69,0.9038,0.796,0.9038,0.6795,0.0,0.2115,0.0659,,0.084,156,0,119
W-scope,300,0.3,0.7,0.05,13,814895582,M1+pausa,689752ec2d69,0.9038,0.796,0.8654,0.641,0.0577,0.2692,0.1126,,0.084,156,0,119
W-scope,300,0.3,0.7,0.05,14,2144585497,M0,689752ec2d69,0.8938,0.8863,0.0688,0.0063,0.0688,0.1688,0.0711,,1.0,160,0,142
W-scope,300,0.3,0.7,0.05,14,2144585497,M1,689752ec2d69,0.8938,0.8863,0.85,0.7312,0.0688,0.1688,0.125,,0.1127,160,0,142
W-scope,300,0.3,0.7,0.05,14,2144585497,M2,689752ec2d69,0.8938,0.8863,0.8938,0.7625,0.0,0.1062,0.0693,,0.1127,160,0,142
W-scope,300,0.3,0.7,0.05,14,2144585497,M1+pausa,689752ec2d69,0.8938,0.8863,0.85,0.7312,0.0688,0.1688,0.125,,0.1127,160,0,142
W-scope,300,0.3,0.7,0.05,15,1724446296,M0,689752ec2d69,0.9333,0.8361,0.1333,0.0067,0.06,0.24,0.0823,,1.0,150,0,122
W-scope,300,0.3,0.7,0.05,15,1724446296,M1,689752ec2d69,0.9333,0.8361,0.88,0.6667,0.06,0.24,0.1007,,0.0738,150,0,122
W-scope,300,0.3,0.7,0.05,15,1724446296,M2,689752ec2d69,0.9333,0.8361,0.9333,0.72,0.0,0.18,0.0521,,0.0738,150,0,122
W-scope,300,0.3,0.7,0.05,15,1724446296,M1+pausa,689752ec2d69,0.9333,0.8361,0.88,0.6667,0.06,0.24,0.1007,,0.0738,150,0,122
W-scope,300,0.3,0.7,0.05,16,1306895771,M0,689752ec2d69,0.8944,0.8194,0.1268,0.007,0.0845,0.2887,0.1089,,1.0,142,0,112
W-scope,300,0.3,0.7,0.05,16,1306895771,M1,689752ec2d69,0.8944,0.8194,0.8169,0.6127,0.0845,0.2887,0.1508,,0.1161,142,0,112
W-scope,300,0.3,0.7,0.05,16,1306895771,M2,689752ec2d69,0.8944,0.8194,0.8944,0.6901,0.0,0.2042,0.0824,,0.1161,142,0,112
W-scope,300,0.3,0.7,0.05,16,1306895771,M1+pausa,689752ec2d69,0.8944,0.8194,0.8169,0.6127,0.0845,0.2887,0.1508,,0.1161,142,0,112
W-scope,300,0.3,0.7,0.05,17,1425970394,M0,689752ec2d69,0.8966,0.8328,0.1172,0.0069,0.0414,0.2,0.0603,,1.0,145,0,121
W-scope,300,0.3,0.7,0.05,17,1425970394,M1,689752ec2d69,0.8966,0.8328,0.8759,0.7034,0.0414,0.2,0.1038,,0.0826,145,0,121
W-scope,300,0.3,0.7,0.05,17,1425970394,M2,689752ec2d69,0.8966,0.8328,0.8966,0.7241,0.0,0.1586,0.0703,,0.0826,145,0,121
W-scope,300,0.3,0.7,0.05,17,1425970394,M1+pausa,689752ec2d69,0.8966,0.8328,0.8759,0.7034,0.0414,0.2,0.1038,,0.0826,145,0,121
W-scope,300,0.3,0.7,0.05,18,1399228437,M0,689752ec2d69,0.894,0.893,0.0397,0.0,0.0199,0.1126,0.0567,,1.0,151,0,140
W-scope,300,0.3,0.7,0.05,18,1399228437,M1,689752ec2d69,0.894,0.893,0.894,0.7682,0.0199,0.1126,0.0948,,0.0786,151,0,140
W-scope,300,0.3,0.7,0.05,18,1399228437,M2,689752ec2d69,0.894,0.893,0.894,0.7682,0.0,0.0927,0.0787,,0.0786,151,0,140
W-scope,300,0.3,0.7,0.05,18,1399228437,M1+pausa,689752ec2d69,0.894,0.893,0.894,0.7682,0.0199,0.1126,0.0948,,0.0786,151,0,140
W-scope,300,0.3,0.7,0.05,19,1249753428,M0,689752ec2d69,0.9574,0.8595,0.0922,0.0,0.0496,0.1277,0.0605,,1.0,141,0,122
W-scope,300,0.3,0.7,0.05,19,1249753428,M1,689752ec2d69,0.9574,0.8595,0.922,0.7447,0.0496,0.1277,0.0724,,0.041,141,0,122
W-scope,300,0.3,0.7,0.05,19,1249753428,M2,689752ec2d69,0.9574,0.8595,0.9574,0.7801,0.0,0.0851,0.0322,,0.041,141,0,122
W-scope,300,0.3,0.7,0.05,19,1249753428,M1+pausa,689752ec2d69,0.9574,0.8595,0.922,0.7447,0.0496,0.1277,0.0724,,0.041,141,0,122
W-scope,300,0.3,0.7,0.25,0,1678959941,M0,689752ec2d69,0.6456,0.8194,0.0633,0.0,0.1203,0.3797,0.2632,,1.0,158,0,132
W-scope,300,0.3,0.7,0.25,0,1678959941,M1,689752ec2d69,0.6456,0.8194,0.6139,0.3038,0.1203,0.3797,0.3189,,0.3409,158,0,132
W-scope,300,0.3,0.7,0.25,0,1678959941,M2,689752ec2d69,0.6456,0.8194,0.6456,0.3291,0.0,0.2595,0.2215,,0.3409,158,0,132
W-scope,300,0.3,0.7,0.25,0,1678959941,M1+pausa,689752ec2d69,0.6456,0.8194,0.6139,0.3038,0.1203,0.3797,0.3189,,0.3409,158,0,132
W-scope,300,0.3,0.7,0.25,1,2097796100,M0,689752ec2d69,0.5827,0.8094,0.1223,0.0144,0.1007,0.482,0.1467,,1.0,139,0,112
W-scope,300,0.3,0.7,0.25,1,2097796100,M1,689752ec2d69,0.5827,0.8094,0.5612,0.2518,0.1007,0.482,0.3496,,0.4375,139,0,112
W-scope,300,0.3,0.7,0.25,1,2097796100,M2,689752ec2d69,0.5827,0.8094,0.5827,0.2662,0.0,0.3813,0.268,,0.4375,139,0,112
W-scope,300,0.3,0.7,0.25,1,2097796100,M1+pausa,689752ec2d69,0.5827,0.8094,0.5612,0.2518,0.1007,0.482,0.3496,,0.4375,139,0,112
W-scope,300,0.3,0.7,0.25,2,1445234631,M0,689752ec2d69,0.6159,0.796,0.1304,0.0217,0.1087,0.4275,0.1412,,1.0,138,0,107
W-scope,300,0.3,0.7,0.25,2,1445234631,M1,689752ec2d69,0.6159,0.796,0.587,0.2754,0.1087,0.4275,0.323,,0.3832,138,0,107
W-scope,300,0.3,0.7,0.25,2,1445234631,M2,689752ec2d69,0.6159,0.796,0.6159,0.2899,0.0,0.3261,0.235,,0.3832,138,0,107
W-scope,300,0.3,0.7,0.25,2,1445234631,M1+pausa,689752ec2d69,0.6159,0.796,0.587,0.2754,0.1087,0.4275,0.323,,0.3832,138,0,107
W-scope,300,0.3,0.7,0.25,3,1329575558,M0,689752ec2d69,0.637,0.8729,0.089,0.0205,0.0616,0.3767,0.08,,1.0,146,0,128
W-scope,300,0.3,0.7,0.25,3,1329575558,M1,689752ec2d69,0.637,0.8729,0.6301,0.2808,0.0616,0.3767,0.284,,0.3516,146,0,128
W-scope,300,0.3,0.7,0.25,3,1329575558,M2,689752ec2d69,0.637,0.8729,0.637,0.2877,0.0,0.3151,0.2341,,0.3516,146,0,128
W-scope,300,0.3,0.7,0.25,3,1329575558,M1+pausa,689752ec2d69,0.637,0.8729,0.6301,0.2808,0.0616,0.3767,0.284,,0.3516,146,0,128
W-scope,300,0.3,0.7,0.25,4,8265793,M0,689752ec2d69,0.6014,0.8395,0.1049,0.007,0.0629,0.4406,0.1024,,1.0,143,0,118
W-scope,300,0.3,0.7,0.25,4,8265793,M1,689752ec2d69,0.6014,0.8395,0.5874,0.2378,0.0629,0.4406,0.3345,,0.4068,143,0,118
W-scope,300,0.3,0.7,0.25,4,8265793,M2,689752ec2d69,0.6014,0.8395,0.6014,0.2448,0.0,0.3846,0.2835,,0.4068,143,0,118
W-scope,300,0.3,0.7,0.25,4,8265793,M1+pausa,689752ec2d69,0.6014,0.8395,0.5874,0.2378,0.0629,0.4406,0.3345,,0.4068,143,0,118
W-scope,300,0.3,0.7,0.25,5,426053888,M0,689752ec2d69,0.6474,0.8863,0.0641,0.0,0.1026,0.4038,0.1052,,1.0,156,0,137
W-scope,300,0.3,0.7,0.25,5,426053888,M1,689752ec2d69,0.6474,0.8863,0.6218,0.2885,0.1026,0.4038,0.3126,,0.365,156,0,137
W-scope,300,0.3,0.7,0.25,5,426053888,M2,689752ec2d69,0.6474,0.8863,0.6474,0.2949,0.0,0.3077,0.2295,,0.365,156,0,137
W-scope,300,0.3,0.7,0.25,5,426053888,M1+pausa,689752ec2d69,0.6474,0.8863,0.6218,0.2885,0.1026,0.4038,0.3126,,0.365,156,0,137
W-scope,300,0.3,0.7,0.25,6,843596483,M0,689752ec2d69,0.6405,0.8294,0.0915,0.0131,0.1307,0.4052,0.187,,1.0,153,0,125
W-scope,300,0.3,0.7,0.25,6,843596483,M1,689752ec2d69,0.6405,0.8294,0.5948,0.3464,0.1307,0.4052,0.3185,,0.36,153,0,125
W-scope,300,0.3,0.7,0.25,6,843596483,M2,689752ec2d69,0.6405,0.8294,0.6405,0.3856,0.0,0.2745,0.2127,,0.36,153,0,125
W-scope,300,0.3,0.7,0.25,6,843596483,M1+pausa,689752ec2d69,0.6405,0.8294,0.5948,0.3464,0.1307,0.4052,0.3185,,0.36,153,0,125
W-scope,300,0.3,0.7,0.25,7,726889346,M0,689752ec2d69,0.637,0.8562,0.0753,0.0137,0.1096,0.3699,0.173,,1.0,146,0,125
W-scope,300,0.3,0.7,0.25,7,726889346,M1,689752ec2d69,0.637,0.8562,0.6233,0.3562,0.1096,0.3699,0.3004,,0.344,146,0,125
W-scope,300,0.3,0.7,0.25,7,726889346,M2,689752ec2d69,0.637,0.8562,0.637,0.363,0.0,0.2603,0.2117,,0.344,146,0,125
W-scope,300,0.3,0.7,0.25,7,726889346,M1+pausa,689752ec2d69,0.637,0.8562,0.6233,0.3562,0.1096,0.3699,0.3004,,0.344,146,0,125
W-scope,300,0.3,0.7,0.25,8,751529805,M0,689752ec2d69,0.5984,0.8462,0.0709,0.0,0.1102,0.4409,0.2591,,1.0,127,0,110
W-scope,300,0.3,0.7,0.25,8,751529805,M1,689752ec2d69,0.5984,0.8462,0.5748,0.3228,0.1102,0.4409,0.3439,,0.4091,127,0,110
W-scope,300,0.3,0.7,0.25,8,751529805,M2,689752ec2d69,0.5984,0.8462,0.5984,0.3386,0.0,0.3307,0.2546,,0.4091,127,0,110
W-scope,300,0.3,0.7,0.25,8,751529805,M1+pausa,689752ec2d69,0.5984,0.8462,0.5748,0.3228,0.1102,0.4409,0.3439,,0.4091,127,0,110
W-scope,300,0.3,0.7,0.25,9,902848012,M0,689752ec2d69,0.6,0.8361,0.069,0.0069,0.0966,0.4207,0.153,,1.0,145,0,124
W-scope,300,0.3,0.7,0.25,9,902848012,M1,689752ec2d69,0.6,0.8361,0.5793,0.3241,0.0966,0.4207,0.341,,0.3952,145,0,124
W-scope,300,0.3,0.7,0.25,9,902848012,M2,689752ec2d69,0.6,0.8361,0.6,0.331,0.0,0.3241,0.2629,,0.3952,145,0,124
W-scope,300,0.3,0.7,0.25,9,902848012,M1+pausa,689752ec2d69,0.6,0.8361,0.5793,0.3241,0.0966,0.4207,0.341,,0.3952,145,0,124
W-scope,300,0.3,0.7,0.25,10,203428660,M0,689752ec2d69,0.5971,0.7926,0.0935,0.0144,0.0935,0.3957,0.1673,,1.0,139,0,112
W-scope,300,0.3,0.7,0.25,10,203428660,M1,689752ec2d69,0.5971,0.7926,0.5755,0.2446,0.0935,0.3957,0.3323,,0.375,139,0,112
W-scope,300,0.3,0.7,0.25,10,203428660,M2,689752ec2d69,0.5971,0.7926,0.5971,0.2662,0.0,0.3022,0.2566,,0.375,139,0,112
W-scope,300,0.3,0.7,0.25,10,203428660,M1+pausa,689752ec2d69,0.5971,0.7926,0.5755,0.2446,0.0935,0.3957,0.3323,,0.375,139,0,112
W-scope,300,0.3,0.7,0.25,11,356196981,M0,689752ec2d69,0.5909,0.8094,0.1234,0.026,0.1558,0.4545,0.1336,,1.0,154,0,123
W-scope,300,0.3,0.7,0.25,11,356196981,M1,689752ec2d69,0.5909,0.8094,0.5584,0.2727,0.1558,0.4545,0.3373,,0.4146,154,0,123
W-scope,300,0.3,0.7,0.25,11,356196981,M2,689752ec2d69,0.5909,0.8094,0.5909,0.2922,0.0,0.2987,0.2111,,0.4146,154,0,123
W-scope,300,0.3,0.7,0.25,11,356196981,M1+pausa,689752ec2d69,0.5909,0.8094,0.5584,0.2727,0.1558,0.4545,0.3373,,0.4146,154,0,123
W-scope,300,0.3,0.7,0.25,12,1041658294,M0,689752ec2d69,0.6338,0.8027,0.169,0.0141,0.0704,0.4577,0.1231,,1.0,142,0,110
W-scope,300,0.3,0.7,0.25,12,1041658294,M1,689752ec2d69,0.6338,0.8027,0.6127,0.2746,0.0704,0.4577,0.2973,,0.3909,142,0,110
W-scope,300,0.3,0.7,0.25,12,1041658294,M2,689752ec2d69,0.6338,0.8027,0.6338,0.2746,0.0,0.3873,0.2403,,0.3909,142,0,110
W-scope,300,0.3,0.7,0.25,12,1041658294,M1+pausa,689752ec2d69,0.6338,0.8027,0.6127,0.2746,0.0704,0.4577,0.2973,,0.3909,142,0,110
W-scope,300,0.3,0.7,0.25,13,655180023,M0,689752ec2d69,0.5844,0.8127,0.0714,0.013,0.1169,0.4351,0.1751,,1.0,154,0,133
W-scope,300,0.3,0.7,0.25,13,655180023,M1,689752ec2d69,0.5844,0.8127,0.5584,0.2857,0.1169,0.4351,0.3477,,0.4135,154,0,133
W-scope,300,0.3,0.7,0.25,13,655180023,M2,689752ec2d69,0.5844,0.8127,0.5844,0.2922,0.0,0.3182,0.253,,0.4135,154,0,133
W-scope,300,0.3,0.7,0.25,13,655180023,M1+pausa,689752ec2d69,0.5844,0.8127,0.5584,0.2857,0.1169,0.4351,0.3477,,0.4135,154,0,133
W-scope,300,0.3,0.7,0.25,14,1749866032,M0,689752ec2d69,0.6849,0.7926,0.1027,0.0068,0.0959,0.3562,0.1751,,1.0,146,0,120
W-scope,300,0.3,0.7,0.25,14,1749866032,M1,689752ec2d69,0.6849,0.7926,0.6644,0.2945,0.0959,0.3562,0.273,,0.3083,146,0,120
W-scope,300,0.3,0.7,0.25,14,1749866032,M2,689752ec2d69,0.6849,0.7926,0.6849,0.2945,0.0,0.2671,0.1954,,0.3083,146,0,120
W-scope,300,0.3,0.7,0.25,14,1749866032,M1+pausa,689752ec2d69,0.6849,0.7926,0.6644,0.2945,0.0959,0.3562,0.273,,0.3083,146,0,120
W-scope,300,0.3,0.7,0.25,15,1901586289,M0,689752ec2d69,0.6013,0.8294,0.1076,0.0,0.0823,0.443,0.2658,,1.0,158,0,133
W-scope,300,0.3,0.7,0.25,15,1901586289,M1,689752ec2d69,0.6013,0.8294,0.5886,0.2785,0.0823,0.443,0.3239,,0.406,158,0,133
W-scope,300,0.3,0.7,0.25,15,1901586289,M2,689752ec2d69,0.6013,0.8294,0.6013,0.2785,0.0,0.3608,0.2573,,0.406,158,0,133
W-scope,300,0.3,0.7,0.25,15,1901586289,M1+pausa,689752ec2d69,0.6013,0.8294,0.5886,0.2785,0.0823,0.443,0.3239,,0.406,158,0,133
W-scope,300,0.3,0.7,0.25,16,1517991090,M0,689752ec2d69,0.6267,0.9197,0.06,0.0133,0.12,0.36,0.0563,,1.0,150,0,135
W-scope,300,0.3,0.7,0.25,16,1517991090,M1,689752ec2d69,0.6267,0.9197,0.62,0.3267,0.12,0.36,0.298,,0.3556,150,0,135
W-scope,300,0.3,0.7,0.25,16,1517991090,M2,689752ec2d69,0.6267,0.9197,0.6267,0.3267,0.0,0.2467,0.2008,,0.3556,150,0,135
W-scope,300,0.3,0.7,0.25,16,1517991090,M1+pausa,689752ec2d69,0.6267,0.9197,0.62,0.3267,0.12,0.36,0.298,,0.3556,150,0,135
W-scope,300,0.3,0.7,0.25,17,1130464755,M0,689752ec2d69,0.698,0.8027,0.1007,0.0067,0.1208,0.3624,0.1399,,1.0,149,0,122
W-scope,300,0.3,0.7,0.25,17,1130464755,M1,689752ec2d69,0.698,0.8027,0.6644,0.3826,0.1208,0.3624,0.2677,,0.2951,149,0,122
W-scope,300,0.3,0.7,0.25,17,1130464755,M2,689752ec2d69,0.698,0.8027,0.698,0.4027,0.0,0.2416,0.1699,,0.2951,149,0,122
W-scope,300,0.3,0.7,0.25,17,1130464755,M1+pausa,689752ec2d69,0.698,0.8027,0.6644,0.3826,0.1208,0.3624,0.2677,,0.2951,149,0,122
W-scope,300,0.3,0.7,0.25,18,1157208380,M0,689752ec2d69,0.5441,0.8428,0.0662,0.0074,0.125,0.4779,0.1648,,1.0,136,0,117
W-scope,300,0.3,0.7,0.25,18,1157208380,M1,689752ec2d69,0.5441,0.8428,0.5074,0.2868,0.125,0.4779,0.3865,,0.4615,136,0,117
W-scope,300,0.3,0.7,0.25,18,1157208380,M2,689752ec2d69,0.5441,0.8428,0.5441,0.3088,0.0,0.3529,0.2853,,0.4615,136,0,117
W-scope,300,0.3,0.7,0.25,18,1157208380,M1+pausa,689752ec2d69,0.5441,0.8428,0.5074,0.2868,0.125,0.4779,0.3865,,0.4615,136,0,117
W-scope,300,0.3,0.7,0.25,19,1575135357,M0,689752ec2d69,0.6067,0.8495,0.0533,0.0133,0.1,0.3667,0.1374,,1.0,150,0,126
W-scope,300,0.3,0.7,0.25,19,1575135357,M1,689752ec2d69,0.6067,0.8495,0.5733,0.28,0.1,0.3667,0.3353,,0.3571,150,0,126
W-scope,300,0.3,0.7,0.25,19,1575135357,M2,689752ec2d69,0.6067,0.8495,0.6067,0.2933,0.0,0.2667,0.2544,,0.3571,150,0,126
W-scope,300,0.3,0.7,0.25,19,1575135357,M1+pausa,689752ec2d69,0.6067,0.8495,0.5733,0.28,0.1,0.3667,0.3353,,0.3571,150,0,126
W-scope,600,0.05,1.0,0.05,0,471105901,M0,689752ec2d69,0.9165,0.8097,0.1336,0.0017,0.0701,0.2504,0.1127,,1.0,599,0,485
W-scope,600,0.05,1.0,0.05,0,471105901,M1,689752ec2d69,0.9165,0.8097,0.8698,0.6795,0.0701,0.2504,0.1128,,0.0887,599,0,485
W-scope,600,0.05,1.0,0.05,0,471105901,M2,689752ec2d69,0.9165,0.8097,0.9165,0.7245,0.0,0.1803,0.0561,,0.0887,599,0,485
W-scope,600,0.05,1.0,0.05,0,471105901,M1+pausa,689752ec2d69,0.9165,0.8097,0.8698,0.6795,0.0701,0.2504,0.1128,,0.0887,599,0,485
W-scope,600,0.05,1.0,0.05,1,84914220,M0,689752ec2d69,0.9048,0.8013,0.1185,0.0017,0.0918,0.2755,0.1011,,1.0,599,0,480
W-scope,600,0.05,1.0,0.05,1,84914220,M1,689752ec2d69,0.9048,0.8013,0.8314,0.6528,0.0918,0.2755,0.1436,,0.1083,599,0,480
W-scope,600,0.05,1.0,0.05,1,84914220,M2,689752ec2d69,0.9048,0.8013,0.9048,0.7212,0.0,0.1853,0.0692,,0.1083,599,0,480
W-scope,600,0.05,1.0,0.05,1,84914220,M1+pausa,689752ec2d69,0.9048,0.8013,0.8314,0.6528,0.0918,0.2755,0.1436,,0.1083,599,0,480
W-scope,600,0.05,1.0,0.05,2,774038511,M0,689752ec2d69,0.9165,0.7997,0.1519,0.0117,0.0501,0.2237,0.0756,,1.0,599,0,479
W-scope,600,0.05,1.0,0.05,2,774038511,M1,689752ec2d69,0.9165,0.7997,0.8798,0.6611,0.0501,0.2237,0.0968,,0.0752,599,0,479
W-scope,600,0.05,1.0,0.05,2,774038511,M2,689752ec2d69,0.9165,0.7997,0.9165,0.6978,0.0,0.1786,0.0563,,0.0752,599,0,479
W-scope,600,0.05,1.0,0.05,2,774038511,M1+pausa,689752ec2d69,0.9165,0.7997,0.8798,0.6611,0.0501,0.2237,0.0968,,0.0752,599,0,479
W-scope,600,0.05,1.0,0.05,3,926536366,M0,689752ec2d69,0.9048,0.8831,0.0801,0.0017,0.0451,0.1503,0.0968,,1.0,599,0,529
W-scope,600,0.05,1.0,0.05,3,926536366,M1,689752ec2d69,0.9048,0.8831,0.8765,0.7162,0.0451,0.1503,0.1075,,0.0964,599,0,529
W-scope,600,0.05,1.0,0.05,3,926536366,M2,689752ec2d69,0.9048,0.8831,0.9048,0.7429,0.0,0.1135,0.071,,0.0964,599,0,529
W-scope,600,0.05,1.0,0.05,3,926536366,M1+pausa,689752ec2d69,0.9048,0.8831,0.8765,0.7162,0.0451,0.1503,0.1075,,0.0964,599,0,529
W-scope,600,0.05,1.0,0.05,4,2021147753,M0,689752ec2d69,0.9249,0.8698,0.0868,0.0033,0.0518,0.1469,0.0776,,1.0,599,0,521
W-scope,600,0.05,1.0,0.05,4,2021147753,M1,689752ec2d69,0.9249,0.8698,0.8915,0.7262,0.0518,0.1469,0.0928,,0.0691,599,0,521
W-scope,600,0.05,1.0,0.05,4,2021147753,M2,689752ec2d69,0.9249,0.8698,0.9249,0.7563,0.0,0.1035,0.0509,,0.0691,599,0,521
W-scope,600,0.05,1.0,0.05,4,2021147753,M1+pausa,689752ec2d69,0.9249,0.8698,0.8915,0.7262,0.0518,0.1469,0.0928,,0.0691,599,0,521
W-scope,600,0.05,1.0,0.05,5,1633908008,M0,689752ec2d69,0.9065,0.793,0.1519,0.005,0.0618,0.2671,0.0902,,1.0,599,0,475
W-scope,600,0.05,1.0,0.05,5,1633908008,M1,689752ec2d69,0.9065,0.793,0.8614,0.6444,0.0618,0.2671,0.1155,,0.0968,599,0,475
W-scope,600,0.05,1.0,0.05,5,1633908008,M2,689752ec2d69,0.9065,0.793,0.9065,0.6845,0.0,0.2053,0.0655,,0.0968,599,0,475
W-scope,600,0.05,1.0,0.05,5,1633908008,M1+pausa,689752ec2d69,0.9065,0.793,0.8614,0.6444,0.0618,0.2671,0.1155,,0.0968,599,0,475
W-scope,600,0.05,1.0,0.05,6,1246635755,M0,689752ec2d69,0.9182,0.8164,0.1336,0.0033,0.0618,0.2421,0.0753,,1.0,599,0,489
W-scope,600,0.05,1.0,0.05,6,1246635755,M1,689752ec2d69,0.9182,0.8164,0.8765,0.6511,0.0618,0.2421,0.1062,,0.0859,599,0,489
W-scope,600,0.05,1.0,0.05,6,1246635755,M2,689752ec2d69,0.9182,0.8164,0.9182,0.6912,0.0,0.1803,0.0562,,0.0859,599,0,489
W-scope,600,0.05,1.0,0.05,6,1246635755,M1+pausa,689752ec2d69,0.9182,0.8164,0.8765,0.6511,0.0618,0.2421,0.1062,,0.0859,599,0,489
W-scope,600,0.05,1.0,0.05,7,1398085546,M0,689752ec2d69,0.8948,0.808,0.1319,0.0083,0.0651,0.2504,0.1049,,1.0,599,0,484
W-scope,600,0.05,1.0,0.05,7,1398085546,M1,689752ec2d69,0.8948,0.808,0.8481,0.6561,0.0651,0.2504,0.1235,,0.1012,599,0,484
W-scope,600,0.05,1.0,0.05,7,1398085546,M2,689752ec2d69,0.8948,0.808,0.8948,0.7012,0.0,0.1853,0.0708,,0.1012,599,0,484
W-scope,600,0.05,1.0,0.05,7,1398085546,M1+pausa,689752ec2d69,0.8948,0.808,0.8481,0.6561,0.0651,0.2504,0.1235,,0.1012,599,0,484
W-scope,600,0.05,1.0,0.05,8,1422723941,M0,689752ec2d69,0.8881,0.9199,0.0551,0.0017,0.0467,0.172,0.0638,,1.0,599,0,551
W-scope,600,0.05,1.0,0.05,8,1422723941,M1,689752ec2d69,0.8881,0.9199,0.8698,0.7212,0.0467,0.172,0.1115,,0.1107,599,0,551
W-scope,600,0.05,1.0,0.05,8,1422723941,M2,689752ec2d69,0.8881,0.9199,0.8881,0.7396,0.0,0.1252,0.0737,,0.1107,599,0,551
W-scope,600,0.05,1.0,0.05,8,1422723941,M1+pausa,689752ec2d69,0.8881,0.9199,0.8698,0.7212,0.0467,0.172,0.1115,,0.1107,599,0,551
W-scope,600,0.05,1.0,0.05,9,1305885220,M0,689752ec2d69,0.9098,0.823,0.1185,0.0033,0.0651,0.2471,0.1127,,1.0,599,0,493
W-scope,600,0.05,1.0,0.05,9,1305885220,M1,689752ec2d69,0.9098,0.823,0.8581,0.6912,0.0651,0.2471,0.1209,,0.0974,599,0,493
W-scope,600,0.05,1.0,0.05,9,1305885220,M2,689752ec2d69,0.9098,0.823,0.9098,0.7346,0.0,0.182,0.0681,,0.0974,599,0,493
W-scope,600,0.05,1.0,0.05,9,1305885220,M1+pausa,689752ec2d69,0.9098,0.823,0.8581,0.6912,0.0651,0.2471,0.1209,,0.0974,599,0,493
W-scope,600,0.05,1.0,0.05,10,963493290,M0,689752ec2d69,0.8965,0.8715,0.0818,0.0033,0.0668,0.2154,0.1056,,1.0,599,0,522
W-scope,600,0.05,1.0,0.05,10,963493290,M1,689752ec2d69,0.8965,0.8715,0.8548,0.6962,0.0668,0.2154,0.1235,,0.1092,599,0,522
W-scope,600,0.05,1.0,0.05,10,963493290,M2,689752ec2d69,0.8965,0.8715,0.8965,0.7362,0.0,0.1486,0.0695,,0.1092,599,0,522
W-scope,600,0.05,1.0,0.05,10,963493290,M1+pausa,689752ec2d69,0.8965,0.8715,0.8548,0.6962,0.0668,0.2154,0.1235,,0.1092,599,0,522
W-scope,600,0.05,1.0,0.05,11,544640235,M0,689752ec2d69,0.9082,0.8197,0.1252,0.0033,0.0551,0.2421,0.094,,1.0,599,0,491
W-scope,600,0.05,1.0,0.05,11,544640235,M1,689752ec2d69,0.9082,0.8197,0.8648,0.6711,0.0551,0.2421,0.1155,,0.0937,599,0,491
W-scope,600,0.05,1.0,0.05,11,544640235,M2,689752ec2d69,0.9082,0.8197,0.9082,0.7112,0.0,0.187,0.0709,,0.0937,599,0,491
W-scope,600,0.05,1.0,0.05,11,544640235,M1+pausa,689752ec2d69,0.9082,0.8197,0.8648,0.6711,0.0551,0.2421,0.1155,,0.0937,599,0,491
W-scope,600,0.05,1.0,0.05,12,190570280,M0,689752ec2d69,0.9316,0.8197,0.1285,0.0,0.0518,0.1853,0.0894,,1.0,599,0,491
W-scope,600,0.05,1.0,0.05,12,190570280,M1,689752ec2d69,0.9316,0.8197,0.8881,0.6895,0.0518,0.1853,0.0981,,0.0713,599,0,491
W-scope,600,0.05,1.0,0.05,12,190570280,M2,689752ec2d69,0.9316,0.8197,0.9316,0.7279,0.0,0.1419,0.0562,,0.0713,599,0,491
W-scope,600,0.05,1.0,0.05,12,190570280,M1+pausa,689752ec2d69,0.9316,0.8197,0.8881,0.6895,0.0518,0.1853,0.0981,,0.0713,599,0,491
W-scope,600,0.05,1.0,0.05,13,306245225,M0,689752ec2d69,0.9098,0.8197,0.1169,0.0017,0.0618,0.2337,0.0945,,1.0,599,0,491
W-scope,600,0.05,1.0,0.05,13,306245225,M1,689752ec2d69,0.9098,0.8197,0.8631,0.6694,0.0618,0.2337,0.1182,,0.0876,599,0,491
W-scope,600,0.05,1.0,0.05,13,306245225,M2,689752ec2d69,0.9098,0.8197,0.9098,0.7112,0.0,0.172,0.0682,,0.0876,599,0,491
W-scope,600,0.05,1.0,0.05,13,306245225,M1+pausa,689752ec2d69,0.9098,0.8197,0.8631,0.6694,0.0618,0.2337,0.1182,,0.0876,599,0,491
W-scope,600,0.05,1.0,0.05,14,1560377518,M0,689752ec2d69,0.8932,0.8798,0.0902,0.0017,0.0484,0.1452,0.0955,,1.0,599,0,527
W-scope,600,0.05,1.0,0.05,14,1560377518,M1,689752ec2d69,0.8932,0.8798,0.8731,0.6945,0.0484,0.1452,0.1102,,0.1082,599,0,527
W-scope,600,0.05,1.0,0.05,14,1560377518,M2,689752ec2d69,0.8932,0.8798,0.8932,0.7145,0.0,0.1068,0.071,,0.1082,599,0,527
W-scope,600,0.05,1.0,0.05,14,1560377518,M1+pausa,689752ec2d69,0.8932,0.8798,0.8731,0.6945,0.0484,0.1452,0.1102,,0.1082,599,0,527
W-scope,600,0.05,1.0,0.05,15,1142573551,M0,689752ec2d69,0.9165,0.8047,0.1285,0.005,0.0651,0.2371,0.0907,,1.0,599,0,482
W-scope,600,0.05,1.0,0.05,15,1142573551,M1,689752ec2d69,0.9165,0.8047,0.8631,0.6694,0.0651,0.2371,0.1155,,0.0809,599,0,482
W-scope,600,0.05,1.0,0.05,15,1142573551,M2,689752ec2d69,0.9165,0.8047,0.9165,0.7179,0.0,0.1736,0.0628,,0.0809,599,0,482
W-scope,600,0.05,1.0,0.05,15,1142573551,M1+pausa,689752ec2d69,0.9165,0.8047,0.8631,0.6694,0.0651,0.2371,0.1155,,0.0809,599,0,482
W-scope,600,0.05,1.0,0.05,16,1865882156,M0,689752ec2d69,0.8982,0.808,0.1369,0.005,0.0601,0.2554,0.0964,,1.0,599,0,484
W-scope,600,0.05,1.0,0.05,16,1865882156,M1,689752ec2d69,0.8982,0.808,0.8548,0.6611,0.0601,0.2554,0.1209,,0.1033,599,0,484
W-scope,600,0.05,1.0,0.05,16,1865882156,M2,689752ec2d69,0.8982,0.808,0.8982,0.7045,0.0,0.1953,0.0722,,0.1033,599,0,484
W-scope,600,0.05,1.0,0.05,16,1865882156,M1+pausa,689752ec2d69,0.8982,0.808,0.8548,0.6611,0.0601,0.2554,0.1209,,0.1033,599,0,484
W-scope,600,0.05,1.0,0.05,17,1982606189,M0,689752ec2d69,0.8915,0.8631,0.0885,0.0033,0.0618,0.1987,0.1136,,1.0,599,0,517
W-scope,600,0.05,1.0,0.05,17,1982606189,M1,689752ec2d69,0.8915,0.8631,0.8564,0.7095,0.0618,0.1987,0.1222,,0.1064,599,0,517
W-scope,600,0.05,1.0,0.05,17,1982606189,M2,689752ec2d69,0.8915,0.8631,0.8915,0.7412,0.0,0.1419,0.0722,,0.1064,599,0,517
W-scope,600,0.05,1.0,0.05,17,1982606189,M1+pausa,689752ec2d69,0.8915,0.8631,0.8564,0.7095,0.0618,0.1987,0.1222,,0.1064,599,0,517
W-scope,600,0.05,1.0,0.05,18,1907636130,M0,689752ec2d69,0.9165,0.8063,0.1185,0.0017,0.0735,0.2237,0.098,,1.0,599,0,483
W-scope,600,0.05,1.0,0.05,18,1907636130,M1,689752ec2d69,0.9165,0.8063,0.8664,0.6878,0.0735,0.2237,0.1155,,0.0704,599,0,483
W-scope,600,0.05,1.0,0.05,18,1907636130,M2,689752ec2d69,0.9165,0.8063,0.9165,0.7329,0.0,0.1503,0.056,,0.0704,599,0,483
W-scope,600,0.05,1.0,0.05,18,1907636130,M1+pausa,689752ec2d69,0.9165,0.8063,0.8664,0.6878,0.0735,0.2237,0.1155,,0.0704,599,0,483
W-scope,600,0.05,1.0,0.05,19,1756301027,M0,689752ec2d69,0.8998,0.8197,0.1402,0.0067,0.0568,0.2571,0.0797,,1.0,599,0,491
W-scope,600,0.05,1.0,0.05,19,1756301027,M1,689752ec2d69,0.8998,0.8197,0.8648,0.6745,0.0568,0.2571,0.1128,,0.1079,599,0,491
W-scope,600,0.05,1.0,0.05,19,1756301027,M2,689752ec2d69,0.8998,0.8197,0.8998,0.7045,0.0,0.2003,0.0669,,0.1079,599,0,491
W-scope,600,0.05,1.0,0.05,19,1756301027,M1+pausa,689752ec2d69,0.8998,0.8197,0.8648,0.6745,0.0568,0.2571,0.1128,,0.1079,599,0,491
W-scope,600,0.05,1.0,0.25,0,1373380710,M0,689752ec2d69,0.626,0.8815,0.0568,0.0033,0.0902,0.3823,0.2644,,1.0,599,0,528
W-scope,600,0.05,1.0,0.25,0,1373380710,M1,689752ec2d69,0.626,0.8815,0.6077,0.3439,0.0902,0.3823,0.3145,,0.3617,599,0,528
W-scope,600,0.05,1.0,0.25,0,1373380710,M2,689752ec2d69,0.626,0.8815,0.626,0.3556,0.0,0.2922,0.2415,,0.3617,599,0,528
W-scope,600,0.05,1.0,0.25,0,1373380710,M1+pausa,689752ec2d69,0.626,0.8815,0.6077,0.3439,0.0902,0.3823,0.3145,,0.3617,599,0,528
W-scope,600,0.05,1.0,0.25,1,1221005607,M0,689752ec2d69,0.6427,0.8514,0.0785,0.0083,0.0885,0.3873,0.2272,,1.0,599,0,510
W-scope,600,0.05,1.0,0.25,1,1221005607,M1,689752ec2d69,0.6427,0.8514,0.616,0.2771,0.0885,0.3873,0.3052,,0.351,599,0,510
W-scope,600,0.05,1.0,0.25,1,1221005607,M2,689752ec2d69,0.6427,0.8514,0.6427,0.2871,0.0,0.2988,0.2335,,0.351,599,0,510
W-scope,600,0.05,1.0,0.25,1,1221005607,M1+pausa,689752ec2d69,0.6427,0.8514,0.616,0.2771,0.0885,0.3873,0.3052,,0.351,599,0,510
W-scope,600,0.05,1.0,0.25,2,1676296932,M0,689752ec2d69,0.6294,0.9115,0.0518,0.0,0.0952,0.4124,0.2889,,1.0,599,0,546
W-scope,600,0.05,1.0,0.25,2,1676296932,M1,689752ec2d69,0.6294,0.9115,0.611,0.3022,0.0952,0.4124,0.3185,,0.3828,599,0,546
W-scope,600,0.05,1.0,0.25,2,1676296932,M2,689752ec2d69,0.6294,0.9115,0.6294,0.3122,0.0,0.3189,0.2415,,0.3828,599,0,546
W-scope,600,0.05,1.0,0.25,2,1676296932,M1+pausa,689752ec2d69,0.6294,0.9115,0.611,0.3022,0.0952,0.4124,0.3185,,0.3828,599,0,546
W-scope,600,0.05,1.0,0.25,3,2062644133,M0,689752ec2d69,0.6361,0.8831,0.0735,0.005,0.1052,0.4073,0.0911,,1.0,599,0,529
W-scope,600,0.05,1.0,0.25,3,2062644133,M1,689752ec2d69,0.6361,0.8831,0.6227,0.3072,0.1052,0.4073,0.3065,,0.3705,599,0,529
W-scope,600,0.05,1.0,0.25,3,2062644133,M2,689752ec2d69,0.6361,0.8831,0.6361,0.3189,0.0,0.3022,0.2213,,0.3705,599,0,529
W-scope,600,0.05,1.0,0.25,3,2062644133,M1+pausa,689752ec2d69,0.6361,0.8831,0.6227,0.3072,0.1052,0.4073,0.3065,,0.3705,599,0,529
W-scope,600,0.05,1.0,0.25,4,900785506,M0,689752ec2d69,0.5843,0.9232,0.0417,0.0083,0.1152,0.419,0.1771,,1.0,599,0,553
W-scope,600,0.05,1.0,0.25,4,900785506,M1,689752ec2d69,0.5843,0.9232,0.576,0.2855,0.1152,0.419,0.3412,,0.4105,599,0,553
W-scope,600,0.05,1.0,0.25,4,900785506,M2,689752ec2d69,0.5843,0.9232,0.5843,0.2888,0.0,0.3038,0.248,,0.4105,599,0,553
W-scope,600,0.05,1.0,0.25,4,900785506,M1+pausa,689752ec2d69,0.5843,0.9232,0.576,0.2855,0.1152,0.419,0.3412,,0.4105,599,0,553
W-scope,600,0.05,1.0,0.25,5,749458467,M0,689752ec2d69,0.6244,0.8164,0.0985,0.0083,0.1285,0.4357,0.259,,1.0,599,0,489
W-scope,600,0.05,1.0,0.25,5,749458467,M1,689752ec2d69,0.6244,0.8164,0.5876,0.3022,0.1285,0.4357,0.3292,,0.3845,599,0,489
W-scope,600,0.05,1.0,0.25,5,749458467,M2,689752ec2d69,0.6244,0.8164,0.6244,0.3239,0.0,0.3072,0.2251,,0.3845,599,0,489
W-scope,600,0.05,1.0,0.25,5,749458467,M1+pausa,689752ec2d69,0.6244,0.8164,0.5876,0.3022,0.1285,0.4357,0.3292,,0.3845,599,0,489
W-scope,600,0.05,1.0,0.25,6,126257120,M0,689752ec2d69,0.616,0.8381,0.0851,0.0083,0.0968,0.4124,0.2426,,1.0,599,0,502
W-scope,600,0.05,1.0,0.25,6,126257120,M1,689752ec2d69,0.616,0.8381,0.5927,0.2721,0.0968,0.4124,0.3252,,0.3785,599,0,502
W-scope,600,0.05,1.0,0.25,6,126257120,M2,689752ec2d69,0.616,0.8381,0.616,0.2805,0.0,0.3155,0.2468,,0.3785,599,0,502
W-scope,600,0.05,1.0,0.25,6,126257120,M1+pausa,689752ec2d69,0.616,0.8381,0.5927,0.2721,0.0968,0.4124,0.3252,,0.3785,599,0,502
W-scope,600,0.05,1.0,0.25,7,513652385,M0,689752ec2d69,0.596,0.8047,0.0935,0.0083,0.1235,0.4407,0.2752,,1.0,599,0,482
W-scope,600,0.05,1.0,0.25,7,513652385,M1,689752ec2d69,0.596,0.8047,0.5593,0.2554,0.1235,0.4407,0.3519,,0.4046,599,0,482
W-scope,600,0.05,1.0,0.25,7,513652385,M2,689752ec2d69,0.596,0.8047,0.596,0.2805,0.0,0.3172,0.2519,,0.4046,599,0,482
W-scope,600,0.05,1.0,0.25,7,513652385,M1+pausa,689752ec2d69,0.596,0.8047,0.5593,0.2554,0.1235,0.4407,0.3519,,0.4046,599,0,482
W-scope,600,0.05,1.0,0.25,8,419801710,M0,689752ec2d69,0.6661,0.8414,0.0952,0.0117,0.0835,0.3673,0.1665,,1.0,599,0,504
W-scope,600,0.05,1.0,0.25,8,419801710,M1,689752ec2d69,0.6661,0.8414,0.6477,0.2988,0.0835,0.3673,0.2784,,0.3234,599,0,504
W-scope,600,0.05,1.0,0.25,8,419801710,M2,689752ec2d69,0.6661,0.8414,0.6661,0.3088,0.0,0.2838,0.2109,,0.3234,599,0,504
W-scope,600,0.05,1.0,0.25,8,419801710,M1+pausa,689752ec2d69,0.6661,0.8414,0.6477,0.2988,0.0835,0.3673,0.2784,,0.3234,599,0,504
W-scope,600,0.05,1.0,0.25,9,2005807,M0,689752ec2d69,0.6344,0.8831,0.0668,0.0083,0.0851,0.3689,0.1275,,1.0,599,0,529
W-scope,600,0.05,1.0,0.25,9,2005807,M1,689752ec2d69,0.6344,0.8831,0.621,0.3239,0.0851,0.3689,0.2971,,0.3497,599,0,529
W-scope,600,0.05,1.0,0.25,9,2005807,M2,689752ec2d69,0.6344,0.8831,0.6344,0.3306,0.0,0.2838,0.2282,,0.3497,599,0,529
W-scope,600,0.05,1.0,0.25,9,2005807,M1+pausa,689752ec2d69,0.6344,0.8831,0.621,0.3239,0.0851,0.3689,0.2971,,0.3497,599,0,529
W-scope,600,0.05,1.0,0.25,10,787655811,M0,689752ec2d69,0.6177,0.8114,0.1102,0.01,0.1052,0.4441,0.2163,,1.0,599,0,486
W-scope,600,0.05,1.0,0.25,10,787655811,M1,689752ec2d69,0.6177,0.8114,0.5843,0.2638,0.1052,0.4441,0.3279,,0.393,599,0,486
W-scope,600,0.05,1.0,0.25,10,787655811,M2,689752ec2d69,0.6177,0.8114,0.6177,0.2838,0.0,0.3389,0.2427,,0.393,599,0,486
W-scope,600,0.05,1.0,0.25,10,787655811,M1+pausa,689752ec2d69,0.6177,0.8114,0.5843,0.2638,0.1052,0.4441,0.3279,,0.393,599,0,486
W-scope,600,0.05,1.0,0.25,11,938057154,M0,689752ec2d69,0.6043,0.828,0.1018,0.0117,0.0985,0.4474,0.1974,,1.0,599,0,496
W-scope,600,0.05,1.0,0.25,11,938057154,M1,689752ec2d69,0.6043,0.828,0.5776,0.2738,0.0985,0.4474,0.3345,,0.4052,599,0,496
W-scope,600,0.05,1.0,0.25,11,938057154,M2,689752ec2d69,0.6043,0.828,0.6043,0.2922,0.0,0.3489,0.2548,,0.4052,599,0,496
W-scope,600,0.05,1.0,0.25,11,938057154,M1+pausa,689752ec2d69,0.6043,0.828,0.5776,0.2738,0.0985,0.4474,0.3345,,0.4052,599,0,496
W-scope,600,0.05,1.0,0.25,12,482659841,M0,689752ec2d69,0.6127,0.8681,0.0701,0.005,0.0768,0.419,0.1702,,1.0,599,0,520
W-scope,600,0.05,1.0,0.25,12,482659841,M1,689752ec2d69,0.6127,0.8681,0.5943,0.3022,0.0768,0.419,0.3292,,0.3885,599,0,520
W-scope,600,0.05,1.0,0.25,12,482659841,M2,689752ec2d69,0.6127,0.8681,0.6127,0.3072,0.0,0.3422,0.267,,0.3885,599,0,520
W-scope,600,0.05,1.0,0.25,12,482659841,M1+pausa,689752ec2d69,0.6127,0.8681,0.5943,0.3022,0.0768,0.419,0.3292,,0.3885,599,0,520
W-scope,600,0.05,1.0,0.25,13,98565952,M0,689752ec2d69,0.6277,0.8431,0.0801,0.0033,0.1018,0.4124,0.2225,,1.0,599,0,505
W-scope,600,0.05,1.0,0.25,13,98565952,M1,689752ec2d69,0.6277,0.8431,0.5993,0.2671,0.1018,0.4124,0.3225,,0.3723,599,0,505
W-scope,600,0.05,1.0,0.25,13,98565952,M2,689752ec2d69,0.6277,0.8431,0.6277,0.2871,0.0,0.3105,0.2401,,0.3723,599,0,505
W-scope,600,0.05,1.0,0.25,13,98565952,M1+pausa,689752ec2d69,0.6277,0.8431,0.5993,0.2671,0.1018,0.4124,0.3225,,0.3723,599,0,505
W-scope,600,0.05,1.0,0.25,14,1251895687,M0,689752ec2d69,0.6177,0.8731,0.0751,0.0067,0.1102,0.414,0.3116,,1.0,599,0,523
W-scope,600,0.05,1.0,0.25,14,1251895687,M1,689752ec2d69,0.6177,0.8731,0.6043,0.3155,0.1102,0.414,0.3198,,0.3843,599,0,523
W-scope,600,0.05,1.0,0.25,14,1251895687,M2,689752ec2d69,0.6177,0.8731,0.6177,0.3222,0.0,0.3038,0.2306,,0.3843,599,0,523
W-scope,600,0.05,1.0,0.25,14,1251895687,M1+pausa,689752ec2d69,0.6177,0.8731,0.6043,0.3155,0.1102,0.414,0.3198,,0.3843,599,0,523
W-scope,600,0.05,1.0,0.25,15,1401247942,M0,689752ec2d69,0.611,0.8414,0.1018,0.0067,0.1018,0.4274,0.1707,,1.0,599,0,504
W-scope,600,0.05,1.0,0.25,15,1401247942,M1,689752ec2d69,0.611,0.8414,0.5943,0.3055,0.1018,0.4274,0.3198,,0.3929,599,0,504
W-scope,600,0.05,1.0,0.25,15,1401247942,M2,689752ec2d69,0.611,0.8414,0.611,0.3155,0.0,0.3272,0.2374,,0.3929,599,0,504
W-scope,600,0.05,1.0,0.25,15,1401247942,M1+pausa,689752ec2d69,0.611,0.8414,0.5943,0.3055,0.1018,0.4274,0.3198,,0.3929,599,0,504
W-scope,600,0.05,1.0,0.25,16,2024278789,M0,689752ec2d69,0.6444,0.8481,0.0885,0.0067,0.0985,0.409,0.155,,1.0,599,0,508
W-scope,600,0.05,1.0,0.25,16,2024278789,M1,689752ec2d69,0.6444,0.8481,0.6177,0.3005,0.0985,0.409,0.3065,,0.3622,599,0,508
W-scope,600,0.05,1.0,0.25,16,2024278789,M2,689752ec2d69,0.6444,0.8481,0.6444,0.3172,0.0,0.3122,0.2268,,0.3622,599,0,508
W-scope,600,0.05,1.0,0.25,16,2024278789,M1+pausa,689752ec2d69,0.6444,0.8481,0.6177,0.3005,0.0985,0.409,0.3065,,0.3622,599,0,508
W-scope,600,0.05,1.0,0.25,17,1639135812,M0,689752ec2d69,0.6561,0.8664,0.0735,0.0017,0.1102,0.389,0.2933,,1.0,599,0,519
W-scope,600,0.05,1.0,0.25,17,1639135812,M1,689752ec2d69,0.6561,0.8664,0.6277,0.3005,0.1102,0.389,0.3025,,0.3526,599,0,519
W-scope,600,0.05,1.0,0.25,17,1639135812,M2,689752ec2d69,0.6561,0.8664,0.6561,0.3139,0.0,0.2821,0.2133,,0.3526,599,0,519
W-scope,600,0.05,1.0,0.25,17,1639135812,M1+pausa,689752ec2d69,0.6561,0.8664,0.6277,0.3005,0.1102,0.389,0.3025,,0.3526,599,0,519
W-scope,600,0.05,1.0,0.25,18,1714103947,M0,689752ec2d69,0.6244,0.8765,0.0684,0.01,0.0952,0.3973,0.2622,,1.0,599,0,525
W-scope,600,0.05,1.0,0.25,18,1714103947,M1,689752ec2d69,0.6244,0.8765,0.6077,0.3155,0.0952,0.3973,0.3145,,0.3714,599,0,525
W-scope,600,0.05,1.0,0.25,18,1714103947,M2,689752ec2d69,0.6244,0.8765,0.6244,0.3255,0.0,0.3022,0.2375,,0.3714,599,0,525
W-scope,600,0.05,1.0,0.25,18,1714103947,M1+pausa,689752ec2d69,0.6244,0.8765,0.6077,0.3155,0.0952,0.3973,0.3145,,0.3714,599,0,525
W-scope,600,0.05,1.0,0.25,19,2133858250,M0,689752ec2d69,0.6628,0.8932,0.0684,0.01,0.0985,0.3873,0.2117,,1.0,599,0,535
W-scope,600,0.05,1.0,0.25,19,2133858250,M1,689752ec2d69,0.6628,0.8932,0.6394,0.3322,0.0985,0.3873,0.2878,,0.3458,599,0,535
W-scope,600,0.05,1.0,0.25,19,2133858250,M2,689752ec2d69,0.6628,0.8932,0.6628,0.3456,0.0,0.2888,0.2081,,0.3458,599,0,535
W-scope,600,0.05,1.0,0.25,19,2133858250,M1+pausa,689752ec2d69,0.6628,0.8932,0.6394,0.3322,0.0985,0.3873,0.2878,,0.3458,599,0,535
W-scope,600,0.05,0.7,0.05,0,1756974443,M0,689752ec2d69,0.9236,0.8414,0.1042,0.0104,0.0556,0.184,0.0817,,1.0,288,0,247
W-scope,600,0.05,0.7,0.05,0,1756974443,M1,689752ec2d69,0.9236,0.8414,0.8924,0.7292,0.0556,0.184,0.0878,,0.0688,288,0,247
W-scope,600,0.05,0.7,0.05,0,1756974443,M2,689752ec2d69,0.9236,0.8414,0.9236,0.7569,0.0,0.1285,0.0428,,0.0688,288,0,247
W-scope,600,0.05,0.7,0.05,0,1756974443,M1+pausa,689752ec2d69,0.9236,0.8414,0.8924,0.7292,0.0556,0.184,0.0878,,0.0688,288,0,247
W-scope,600,0.05,0.7,0.05,1,1906474026,M0,689752ec2d69,0.9122,0.8013,0.1689,0.0068,0.0541,0.2669,0.0637,,1.0,296,0,232
W-scope,600,0.05,0.7,0.05,1,1906474026,M1,689752ec2d69,0.9122,0.8013,0.875,0.6419,0.0541,0.2669,0.1046,,0.0905,296,0,232
W-scope,600,0.05,0.7,0.05,1,1906474026,M2,689752ec2d69,0.9122,0.8013,0.9122,0.6757,0.0,0.2128,0.0608,,0.0905,296,0,232
W-scope,600,0.05,0.7,0.05,1,1906474026,M1+pausa,689752ec2d69,0.9122,0.8013,0.875,0.6419,0.0541,0.2669,0.1046,,0.0905,296,0,232
W-scope,600,0.05,0.7,0.05,2,1519333353,M0,689752ec2d69,0.9264,0.8264,0.1505,0.0033,0.0268,0.1739,0.0601,,1.0,299,0,243
W-scope,600,0.05,0.7,0.05,2,1519333353,M1,689752ec2d69,0.9264,0.8264,0.9097,0.6823,0.0268,0.1739,0.0796,,0.0617,299,0,243
W-scope,600,0.05,0.7,0.05,2,1519333353,M2,689752ec2d69,0.9264,0.8264,0.9264,0.6957,0.0,0.1472,0.0579,,0.0617,299,0,243
W-scope,600,0.05,0.7,0.05,2,1519333353,M1+pausa,689752ec2d69,0.9264,0.8264,0.9097,0.6823,0.0268,0.1739,0.0796,,0.0617,299,0,243
W-scope,600,0.05,0.7,0.05,3,1133780648,M0,689752ec2d69,0.8969,0.8147,0.1203,0.0,0.0722,0.2543,0.1318,,1.0,291,0,236
W-scope,600,0.05,0.7,0.05,3,1133780648,M1,689752ec2d69,0.8969,0.8147,0.8454,0.6392,0.0722,0.2543,0.1337,,0.1059,291,0,236
W-scope,600,0.05,0.7,0.05,3,1133780648,M2,689752ec2d69,0.8969,0.8147,0.8969,0.6873,0.0,0.1821,0.0753,,0.1059,291,0,236
W-scope,600,0.05,0.7,0.05,3,1133780648,M1+pausa,689752ec2d69,0.8969,0.8147,0.8454,0.6392,0.0722,0.2543,0.1337,,0.1059,291,0,236
W-scope,600,0.05,0.7,0.05,4,215320687,M0,689752ec2d69,0.9125,0.9599,0.0269,0.0,0.0202,0.1145,0.0183,,1.0,297,0,286
W-scope,600,0.05,0.7,0.05,4,215320687,M1,689752ec2d69,0.9125,0.9599,0.9057,0.7845,0.0202,0.1145,0.0854,,0.0874,297,0,286
W-scope,600,0.05,0.7,0.05,4,215320687,M2,689752ec2d69,0.9125,0.9599,0.9125,0.7912,0.0,0.0943,0.0691,,0.0874,297,0,286
W-scope,600,0.05,0.7,0.05,4,215320687,M1+pausa,689752ec2d69,0.9125,0.9599,0.9057,0.7845,0.0202,0.1145,0.0854,,0.0874,297,0,286
W-scope,600,0.05,0.7,0.05,5,365869358,M0,689752ec2d69,0.9107,0.788,0.1443,0.0034,0.055,0.2646,0.1202,,1.0,291,0,232
W-scope,600,0.05,0.7,0.05,5,365869358,M1,689752ec2d69,0.9107,0.788,0.8625,0.6598,0.055,0.2646,0.1172,,0.0948,291,0,232
W-scope,600,0.05,0.7,0.05,5,365869358,M2,689752ec2d69,0.9107,0.788,0.9107,0.6976,0.0,0.2096,0.0727,,0.0948,291,0,232
W-scope,600,0.05,0.7,0.05,5,365869358,M1+pausa,689752ec2d69,0.9107,0.788,0.8625,0.6598,0.055,0.2646,0.1172,,0.0948,291,0,232
W-scope,600,0.05,0.7,0.05,6,1055124205,M0,689752ec2d69,0.9062,0.828,0.1146,0.0035,0.0521,0.2118,0.0725,,1.0,288,0,242
W-scope,600,0.05,0.7,0.05,6,1055124205,M1,689752ec2d69,0.9062,0.828,0.8715,0.6944,0.0521,0.2118,0.1044,,0.0868,288,0,242
W-scope,600,0.05,0.7,0.05,6,1055124205,M2,689752ec2d69,0.9062,0.828,0.9062,0.7292,0.0,0.1597,0.0623,,0.0868,288,0,242
W-scope,600,0.05,0.7,0.05,6,1055124205,M1+pausa,689752ec2d69,0.9062,0.828,0.8715,0.6944,0.0521,0.2118,0.1044,,0.0868,288,0,242
W-scope,600,0.05,0.7,0.05,7,670620588,M0,689752ec2d69,0.9209,0.8531,0.1007,0.0036,0.054,0.1978,0.0851,,1.0,278,0,238
W-scope,600,0.05,0.7,0.05,7,670620588,M1,689752ec2d69,0.9209,0.8531,0.8849,0.6942,0.054,0.1978,0.0992,,0.0798,278,0,238
W-scope,600,0.05,0.7,0.05,7,670620588,M2,689752ec2d69,0.9209,0.8531,0.9209,0.723,0.0,0.1439,0.0555,,0.0798,278,0,238
W-scope,600,0.05,0.7,0.05,7,670620588,M1+pausa,689752ec2d69,0.9209,0.8531,0.8849,0.6942,0.054,0.1978,0.0992,,0.0798,278,0,238
W-scope,600,0.05,0.7,0.05,8,543213411,M0,689752ec2d69,0.9119,0.8297,0.1119,0.0034,0.0644,0.2237,0.1086,,1.0,295,0,239
W-scope,600,0.05,0.7,0.05,8,543213411,M1,689752ec2d69,0.9119,0.8297,0.8576,0.6746,0.0644,0.2237,0.1212,,0.0753,295,0,239
W-scope,600,0.05,0.7,0.05,8,543213411,M2,689752ec2d69,0.9119,0.8297,0.9119,0.7254,0.0,0.1593,0.069,,0.0753,295,0,239
W-scope,600,0.05,0.7,0.05,8,543213411,M1+pausa,689752ec2d69,0.9119,0.8297,0.8576,0.6746,0.0644,0.2237,0.1212,,0.0753,295,0,239
W-scope,600,0.05,0.7,0.05,9,964425250,M0,689752ec2d69,0.8969,0.793,0.1134,0.0034,0.0859,0.2577,0.1348,,1.0,291,0,233
W-scope,600,0.05,0.7,0.05,9,964425250,M1,689752ec2d69,0.8969,0.793,0.8282,0.622,0.0859,0.2577,0.1447,,0.103,291,0,233
W-scope,600,0.05,0.7,0.05,9,964425250,M2,689752ec2d69,0.8969,0.793,0.8969,0.6873,0.0,0.1718,0.0752,,0.103,291,0,233
W-scope,600,0.05,0.7,0.05,9,964425250,M1+pausa,689752ec2d69,0.8969,0.793,0.8282,0.622,0.0859,0.2577,0.1447,,0.103,291,0,233
W-scope,600,0.05,0.7,0.05,10,1358607699,M0,689752ec2d69,0.9206,0.8147,0.1444,0.0072,0.0433,0.2347,0.1003,,1.0,277,0,220
W-scope,600,0.05,0.7,0.05,10,1358607699,M1,689752ec2d69,0.9206,0.8147,0.8773,0.6282,0.0433,0.2347,0.1024,,0.0682,277,0,220
W-scope,600,0.05,0.7,0.05,10,1358607699,M2,689752ec2d69,0.9206,0.8147,0.9206,0.6715,0.0,0.1913,0.0673,,0.0682,277,0,220
W-scope,600,0.05,0.7,0.05,10,1358607699,M1+pausa,689752ec2d69,0.9206,0.8147,0.8773,0.6282,0.0433,0.2347,0.1024,,0.0682,277,0,220
W-scope,600,0.05,0.7,0.05,11,1239516178,M0,689752ec2d69,0.9145,0.788,0.1784,0.0074,0.0558,0.2677,0.0729,,1.0,269,0,208
W-scope,600,0.05,0.7,0.05,11,1239516178,M1,689752ec2d69,0.9145,0.788,0.881,0.6283,0.0558,0.2677,0.0992,,0.0817,269,0,208
W-scope,600,0.05,0.7,0.05,11,1239516178,M2,689752ec2d69,0.9145,0.788,0.9145,0.6617,0.0,0.2119,0.0541,,0.0817,269,0,208
W-scope,600,0.05,0.7,0.05,11,1239516178,M1+pausa,689752ec2d69,0.9145,0.788,0.881,0.6283,0.0558,0.2677,0.0992,,0.0817,269,0,208
W-scope,600,0.05,0.7,0.05,12,1657591761,M0,689752ec2d69,0.8904,0.9032,0.0719,0.0034,0.0342,0.1644,0.0707,,1.0,292,0,262
W-scope,600,0.05,0.7,0.05,12,1657591761,M1,689752ec2d69,0.8904,0.9032,0.8801,0.7123,0.0342,0.1644,0.1032,,0.0954,292,0,262
W-scope,600,0.05,0.7,0.05,12,1657591761,M2,689752ec2d69,0.8904,0.9032,0.8904,0.7226,0.0,0.1301,0.0754,,0.0954,292,0,262
W-scope,600,0.05,0.7,0.05,12,1657591761,M1+pausa,689752ec2d69,0.8904,0.9032,0.8801,0.7123,0.0342,0.1644,0.1032,,0.0954,292,0,262
W-scope,600,0.05,0.7,0.05,13,2077746832,M0,689752ec2d69,0.9136,0.8347,0.1173,0.0,0.0401,0.2068,0.08,,1.0,324,0,273
W-scope,600,0.05,0.7,0.05,13,2077746832,M1,689752ec2d69,0.9136,0.8347,0.892,0.713,0.0401,0.2068,0.0964,,0.0806,324,0,273
W-scope,600,0.05,0.7,0.05,13,2077746832,M2,689752ec2d69,0.9136,0.8347,0.9136,0.7284,0.0,0.1667,0.0639,,0.0806,324,0,273
W-scope,600,0.05,0.7,0.05,13,2077746832,M1+pausa,689752ec2d69,0.9136,0.8347,0.892,0.713,0.0401,0.2068,0.0964,,0.0806,324,0,273
W-scope,600,0.05,0.7,0.05,14,882274391,M0,689752ec2d69,0.8981,0.8781,0.086,0.0,0.0478,0.2006,0.0637,,1.0,314,0,274
W-scope,600,0.05,0.7,0.05,14,882274391,M1,689752ec2d69,0.8981,0.8781,0.8662,0.7197,0.0478,0.2006,0.117,,0.1058,314,0,274
W-scope,600,0.05,0.7,0.05,14,882274391,M2,689752ec2d69,0.8981,0.8781,0.8981,0.7484,0.0,0.1592,0.0783,,0.1058,314,0,274
W-scope,600,0.05,0.7,0.05,14,882274391,M1+pausa,689752ec2d69,0.8981,0.8781,0.8662,0.7197,0.0478,0.2006,0.117,,0.1058,314,0,274
W-scope,600,0.05,0.7,0.05,15,764231958,M0,689752ec2d69,0.8916,0.8047,0.1049,0.0105,0.0839,0.2448,0.0971,,1.0,286,0,237
W-scope,600,0.05,0.7,0.05,15,764231958,M1,689752ec2d69,0.8916,0.8047,0.8322,0.6189,0.0839,0.2448,0.1359,,0.1097,286,0,237
W-scope,600,0.05,0.7,0.05,15,764231958,M2,689752ec2d69,0.8916,0.8047,0.8916,0.6783,0.0,0.1608,0.0679,,0.1097,286,0,237
W-scope,600,0.05,0.7,0.05,15,764231958,M1+pausa,689752ec2d69,0.8916,0.8047,0.8322,0.6189,0.0839,0.2448,0.1359,,0.1097,286,0,237
W-scope,600,0.05,0.7,0.05,16,111153877,M0,689752ec2d69,0.8931,0.8047,0.1759,0.0069,0.0655,0.2759,0.0979,,1.0,290,0,221
W-scope,600,0.05,0.7,0.05,16,111153877,M1,689752ec2d69,0.8931,0.8047,0.8552,0.6379,0.0655,0.2759,0.1176,,0.095,290,0,221
W-scope,600,0.05,0.7,0.05,16,111153877,M2,689752ec2d69,0.8931,0.8047,0.8931,0.6724,0.0,0.2103,0.0645,,0.095,290,0,221
W-scope,600,0.05,0.7,0.05,16,111153877,M1+pausa,689752ec2d69,0.8931,0.8047,0.8552,0.6379,0.0655,0.2759,0.1176,,0.095,290,0,221
W-scope,600,0.05,0.7,0.05,17,532358036,M0,689752ec2d69,0.9113,0.798,0.1741,0.0137,0.0478,0.2457,0.0671,,1.0,293,0,231
W-scope,600,0.05,0.7,0.05,17,532358036,M1,689752ec2d69,0.9113,0.798,0.8874,0.6416,0.0478,0.2457,0.0892,,0.0779,293,0,231
W-scope,600,0.05,0.7,0.05,17,532358036,M2,689752ec2d69,0.9113,0.798,0.9113,0.6655,0.0,0.198,0.0505,,0.0779,293,0,231
W-scope,600,0.05,0.7,0.05,17,532358036,M1+pausa,689752ec2d69,0.9113,0.798,0.8874,0.6416,0.0478,0.2457,0.0892,,0.0779,293,0,231
W-scope,600,0.05,0.7,0.05,18,404963163,M0,689752ec2d69,0.9141,0.8664,0.0962,0.0034,0.055,0.1821,0.0574,,1.0,291,0,251
W-scope,600,0.05,0.7,0.05,18,404963163,M1,689752ec2d69,0.9141,0.8664,0.8832,0.7388,0.055,0.1821,0.098,,0.0797,291,0,251
W-scope,600,0.05,0.7,0.05,18,404963163,M2,689752ec2d69,0.9141,0.8664,0.9141,0.7663,0.0,0.1271,0.0535,,0.0797,291,0,251
W-scope,600,0.05,0.7,0.05,18,404963163,M1+pausa,689752ec2d69,0.9141,0.8664,0.8832,0.7388,0.055,0.1821,0.098,,0.0797,291,0,251
W-scope,600,0.05,0.7,0.05,19,20450842,M0,689752ec2d69,0.9052,0.8681,0.0948,0.0033,0.0654,0.219,0.1141,,1.0,306,0,260
W-scope,600,0.05,0.7,0.05,19,20450842,M1,689752ec2d69,0.9052,0.8681,0.8595,0.7026,0.0654,0.219,0.1198,,0.0962,306,0,260
W-scope,600,0.05,0.7,0.05,19,20450842,M2,689752ec2d69,0.9052,0.8681,0.9052,0.7451,0.0,0.1536,0.0669,,0.0962,306,0,260
W-scope,600,0.05,0.7,0.05,19,20450842,M1+pausa,689752ec2d69,0.9052,0.8681,0.8595,0.7026,0.0654,0.219,0.1198,,0.0962,306,0,260
W-scope,600,0.05,0.7,0.25,0,628223072,M0,689752ec2d69,0.6284,0.8831,0.0507,0.0034,0.098,0.3716,0.2586,,1.0,296,0,261
W-scope,600,0.05,0.7,0.25,0,628223072,M1,689752ec2d69,0.6284,0.8831,0.6115,0.3243,0.098,0.3716,0.3154,,0.3563,296,0,261
W-scope,600,0.05,0.7,0.25,0,628223072,M2,689752ec2d69,0.6284,0.8831,0.6284,0.3378,0.0,0.2736,0.2361,,0.3563,296,0,261
W-scope,600,0.05,0.7,0.25,0,628223072,M1+pausa,689752ec2d69,0.6284,0.8831,0.6115,0.3243,0.098,0.3716,0.3154,,0.3563,296,0,261
W-scope,600,0.05,0.7,0.25,1,1013636385,M0,689752ec2d69,0.6274,0.813,0.1103,0.0152,0.1255,0.4106,0.2065,,1.0,263,0,211
W-scope,600,0.05,0.7,0.25,1,1013636385,M1,689752ec2d69,0.6274,0.813,0.597,0.2738,0.1255,0.4106,0.3142,,0.3649,263,0,211
W-scope,600,0.05,0.7,0.25,1,1013636385,M2,689752ec2d69,0.6274,0.813,0.6274,0.289,0.0,0.2852,0.2126,,0.3649,263,0,211
W-scope,600,0.05,0.7,0.25,1,1013636385,M1+pausa,689752ec2d69,0.6274,0.813,0.597,0.2738,0.1255,0.4106,0.3142,,0.3649,263,0,211
W-scope,600,0.05,0.7,0.25,2,390565602,M0,689752ec2d69,0.6364,0.8097,0.1259,0.0035,0.0839,0.4301,0.1387,,1.0,286,0,230
W-scope,600,0.05,0.7,0.25,2,390565602,M1,689752ec2d69,0.6364,0.8097,0.6189,0.2972,0.0839,0.4301,0.3065,,0.3739,286,0,230
W-scope,600,0.05,0.7,0.25,2,390565602,M2,689752ec2d69,0.6364,0.8097,0.6364,0.3147,0.0,0.3497,0.2386,,0.3739,286,0,230
W-scope,600,0.05,0.7,0.25,2,390565602,M1+pausa,689752ec2d69,0.6364,0.8097,0.6189,0.2972,0.0839,0.4301,0.3065,,0.3739,286,0,230
W-scope,600,0.05,0.7,0.25,3,240959395,M0,689752ec2d69,0.5831,0.8097,0.1003,0.0125,0.094,0.4295,0.1767,,1.0,319,0,257
W-scope,600,0.05,0.7,0.25,3,240959395,M1,689752ec2d69,0.5831,0.8097,0.5549,0.2727,0.094,0.4295,0.3461,,0.4047,319,0,257
W-scope,600,0.05,0.7,0.25,3,240959395,M2,689752ec2d69,0.5831,0.8097,0.5831,0.2821,0.0,0.3354,0.2699,,0.4047,319,0,257
W-scope,600,0.05,0.7,0.25,3,240959395,M1+pausa,689752ec2d69,0.5831,0.8097,0.5549,0.2727,0.094,0.4295,0.3461,,0.4047,319,0,257
W-scope,600,0.05,0.7,0.25,4,1092430180,M0,689752ec2d69,0.6567,0.8731,0.0746,0.0,0.0985,0.409,0.1459,,1.0,335,0,296
W-scope,600,0.05,0.7,0.25,4,1092430180,M1,689752ec2d69,0.6567,0.8731,0.6328,0.3403,0.0985,0.409,0.299,,0.3615,335,0,296
W-scope,600,0.05,0.7,0.25,4,1092430180,M2,689752ec2d69,0.6567,0.8731,0.6567,0.3522,0.0,0.3104,0.2192,,0.3615,335,0,296
W-scope,600,0.05,0.7,0.25,4,1092430180,M1+pausa,689752ec2d69,0.6567,0.8731,0.6328,0.3403,0.0985,0.409,0.299,,0.3615,335,0,296
W-scope,600,0.05,0.7,0.25,5,1476794405,M0,689752ec2d69,0.6126,0.8063,0.0993,0.0033,0.0993,0.4437,0.1906,,1.0,302,0,247
W-scope,600,0.05,0.7,0.25,5,1476794405,M1,689752ec2d69,0.6126,0.8063,0.5894,0.2517,0.0993,0.4437,0.3358,,0.3968,302,0,247
W-scope,600,0.05,0.7,0.25,5,1476794405,M2,689752ec2d69,0.6126,0.8063,0.6126,0.2649,0.0,0.3444,0.2554,,0.3968,302,0,247
W-scope,600,0.05,0.7,0.25,5,1476794405,M1+pausa,689752ec2d69,0.6126,0.8063,0.5894,0.2517,0.0993,0.4437,0.3358,,0.3968,302,0,247
W-scope,600,0.05,0.7,0.25,6,1932217318,M0,689752ec2d69,0.6358,0.7295,0.1291,0.0033,0.1258,0.4404,0.2689,,1.0,302,0,224
W-scope,600,0.05,0.7,0.25,6,1932217318,M1,689752ec2d69,0.6358,0.7295,0.5828,0.2781,0.1258,0.4404,0.3358,,0.375,302,0,224
W-scope,600,0.05,0.7,0.25,6,1932217318,M2,689752ec2d69,0.6358,0.7295,0.6358,0.3079,0.0,0.3146,0.234,,0.375,302,0,224
W-scope,600,0.05,0.7,0.25,6,1932217318,M1+pausa,689752ec2d69,0.6358,0.7295,0.5828,0.2781,0.1258,0.4404,0.3358,,0.375,302,0,224
W-scope,600,0.05,0.7,0.25,7,1781562023,M0,689752ec2d69,0.6027,0.8114,0.089,0.0068,0.1164,0.4486,0.2405,,1.0,292,0,240
W-scope,600,0.05,0.7,0.25,7,1781562023,M1,689752ec2d69,0.6027,0.8114,0.5651,0.2945,0.1164,0.4486,0.3497,,0.4083,292,0,240
W-scope,600,0.05,0.7,0.25,7,1781562023,M2,689752ec2d69,0.6027,0.8114,0.6027,0.3082,0.0,0.3322,0.2555,,0.4083,292,0,240
W-scope,600,0.05,0.7,0.25,7,1781562023,M1+pausa,689752ec2d69,0.6027,0.8114,0.5651,0.2945,0.1164,0.4486,0.3497,,0.4083,292,0,240
W-scope,600,0.05,0.7,0.25,8,1839752808,M0,689752ec2d69,0.6203,0.9282,0.0338,0.0075,0.0977,0.3609,0.1406,,1.0,266,0,249
W-scope,600,0.05,0.7,0.25,8,1839752808,M1,689752ec2d69,0.6203,0.9282,0.6165,0.3195,0.0977,0.3609,0.3047,,0.3614,266,0,249
W-scope,600,0.05,0.7,0.25,8,1839752808,M2,689752ec2d69,0.6203,0.9282,0.6203,0.3233,0.0,0.2632,0.2256,,0.3614,266,0,249
W-scope,600,0.05,0.7,0.25,8,1839752808,M1+pausa,689752ec2d69,0.6203,0.9282,0.6165,0.3195,0.0977,0.3609,0.3047,,0.3614,266,0,249
W-scope,600,0.05,0.7,0.25,9,1957910313,M0,689752ec2d69,0.5859,0.813,0.101,0.0101,0.1111,0.4411,0.3299,,1.0,297,0,239
W-scope,600,0.05,0.7,0.25,9,1957910313,M1,689752ec2d69,0.5859,0.813,0.5556,0.2593,0.1111,0.4411,0.3494,,0.41,297,0,239
W-scope,600,0.05,0.7,0.25,9,1957910313,M2,689752ec2d69,0.5859,0.813,0.5859,0.2795,0.0,0.33,0.2594,,0.41,297,0,239
W-scope,600,0.05,0.7,0.25,9,1957910313,M1+pausa,689752ec2d69,0.5859,0.813,0.5556,0.2593,0.1111,0.4411,0.3494,,0.41,297,0,239
W-scope,600,0.05,0.7,0.25,10,1197843578,M0,689752ec2d69,0.628,0.9015,0.058,0.0034,0.1092,0.3891,0.1866,,1.0,293,0,265
W-scope,600,0.05,0.7,0.25,10,1197843578,M1,689752ec2d69,0.628,0.9015,0.6212,0.3345,0.1092,0.3891,0.3076,,0.3698,293,0,265
W-scope,600,0.05,0.7,0.25,10,1197843578,M2,689752ec2d69,0.628,0.9015,0.628,0.3345,0.0,0.2799,0.2192,,0.3698,293,0,265
W-scope,600,0.05,0.7,0.25,10,1197843578,M1+pausa,689752ec2d69,0.628,0.9015,0.6212,0.3345,0.1092,0.3891,0.3076,,0.3698,293,0,265
W-scope,600,0.05,0.7,0.25,11,1585354043,M0,689752ec2d69,0.5772,0.808,0.1107,0.0268,0.1074,0.4497,0.3073,,1.0,298,0,240
W-scope,600,0.05,0.7,0.25,11,1585354043,M1,689752ec2d69,0.5772,0.808,0.547,0.2752,0.1074,0.4497,0.3483,,0.4208,298,0,240
W-scope,600,0.05,0.7,0.25,11,1585354043,M2,689752ec2d69,0.5772,0.808,0.5772,0.2953,0.0,0.3423,0.2613,,0.4208,298,0,240
W-scope,600,0.05,0.7,0.25,11,1585354043,M1+pausa,689752ec2d69,0.5772,0.808,0.547,0.2752,0.1074,0.4497,0.3483,,0.4208,298,0,240
W-scope,600,0.05,0.7,0.25,12,1968424696,M0,689752ec2d69,0.648,0.8097,0.1217,0.0099,0.0987,0.4474,0.1801,,1.0,304,0,245
W-scope,600,0.05,0.7,0.25,12,1968424696,M1,689752ec2d69,0.648,0.8097,0.6118,0.2599,0.0987,0.4474,0.31,,0.3755,304,0,245
W-scope,600,0.05,0.7,0.25,12,1968424696,M2,689752ec2d69,0.648,0.8097,0.648,0.2796,0.0,0.3487,0.2301,,0.3755,304,0,245
W-scope,600,0.05,0.7,0.25,12,1968424696,M1+pausa,689752ec2d69,0.648,0.8097,0.6118,0.2599,0.0987,0.4474,0.31,,0.3755,304,0,245
W-scope,600,0.05,0.7,0.25,13,1816721337,M0,689752ec2d69,0.6233,0.8598,0.0867,0.0033,0.1133,0.4233,0.2569,,1.0,300,0,251
W-scope,600,0.05,0.7,0.25,13,1816721337,M1,689752ec2d69,0.6233,0.8598,0.6,0.32,0.1133,0.4233,0.3273,,0.3825,300,0,251
W-scope,600,0.05,0.7,0.25,13,1816721337,M2,689752ec2d69,0.6233,0.8598,0.6233,0.3333,0.0,0.31,0.2356,,0.3825,300,0,251
W-scope,600,0.05,0.7,0.25,13,1816721337,M1+pausa,689752ec2d69,0.6233,0.8598,0.6,0.32,0.1133,0.4233,0.3273,,0.3825,300,0,251
W-scope,600,0.05,0.7,0.25,14,587817342,M0,689752ec2d69,0.6424,0.7796,0.1285,0.0069,0.0903,0.4201,0.2391,,1.0,288,0,221
W-scope,600,0.05,0.7,0.25,14,587817342,M1,689752ec2d69,0.6424,0.7796,0.6076,0.2674,0.0903,0.4201,0.3128,,0.3575,288,0,221
W-scope,600,0.05,0.7,0.25,14,587817342,M2,689752ec2d69,0.6424,0.7796,0.6424,0.2847,0.0,0.3299,0.2397,,0.3575,288,0,221
W-scope,600,0.05,0.7,0.25,14,587817342,M1+pausa,689752ec2d69,0.6424,0.7796,0.6076,0.2674,0.0903,0.4201,0.3128,,0.3575,288,0,221
W-scope,600,0.05,0.7,0.25,15,974278719,M0,689752ec2d69,0.6477,0.7863,0.1388,0.0178,0.0925,0.4128,0.2022,,1.0,281,0,216
W-scope,600,0.05,0.7,0.25,15,974278719,M1,689752ec2d69,0.6477,0.7863,0.6157,0.2883,0.0925,0.4128,0.2975,,0.3472,281,0,216
W-scope,600,0.05,0.7,0.25,15,974278719,M2,689752ec2d69,0.6477,0.7863,0.6477,0.3096,0.0,0.3203,0.2226,,0.3472,281,0,216
W-scope,600,0.05,0.7,0.25,15,974278719,M1+pausa,689752ec2d69,0.6477,0.7863,0.6157,0.2883,0.0925,0.4128,0.2975,,0.3472,281,0,216
W-scope,600,0.05,0.7,0.25,16,289342460,M0,689752ec2d69,0.608,0.8932,0.0698,0.01,0.1395,0.4485,0.2071,,1.0,301,0,259
W-scope,600,0.05,0.7,0.25,16,289342460,M1,689752ec2d69,0.608,0.8932,0.5648,0.2558,0.1395,0.4485,0.3475,,0.4093,301,0,259
W-scope,600,0.05,0.7,0.25,16,289342460,M2,689752ec2d69,0.608,0.8932,0.608,0.2724,0.0,0.3123,0.2346,,0.4093,301,0,259
W-scope,600,0.05,0.7,0.25,16,289342460,M1+pausa,689752ec2d69,0.608,0.8932,0.5648,0.2558,0.1395,0.4485,0.3475,,0.4093,301,0,259
W-scope,600,0.05,0.7,0.25,17,136590013,M0,689752ec2d69,0.6486,0.8598,0.0709,0.0034,0.0946,0.4088,0.1971,,1.0,296,0,257
W-scope,600,0.05,0.7,0.25,17,136590013,M1,689752ec2d69,0.6486,0.8598,0.6216,0.2703,0.0946,0.4088,0.31,,0.3619,296,0,257
W-scope,600,0.05,0.7,0.25,17,136590013,M2,689752ec2d69,0.6486,0.8598,0.6486,0.2838,0.0,0.3142,0.2334,,0.3619,296,0,257
W-scope,600,0.05,0.7,0.25,17,136590013,M1+pausa,689752ec2d69,0.6486,0.8598,0.6216,0.2703,0.0946,0.4088,0.31,,0.3619,296,0,257
W-scope,600,0.05,0.7,0.25,18,263990898,M0,689752ec2d69,0.6083,0.8414,0.0831,0.0089,0.0801,0.3798,0.219,,1.0,337,0,283
W-scope,600,0.05,0.7,0.25,18,263990898,M1,689752ec2d69,0.6083,0.8414,0.5935,0.3056,0.0801,0.3798,0.3162,,0.364,337,0,283
W-scope,600,0.05,0.7,0.25,18,263990898,M2,689752ec2d69,0.6083,0.8414,0.6083,0.3145,0.0,0.2997,0.2514,,0.364,337,0,283
W-scope,600,0.05,0.7,0.25,18,263990898,M1+pausa,689752ec2d69,0.6083,0.8414,0.5935,0.3056,0.0801,0.3798,0.3162,,0.364,337,0,283
W-scope,600,0.05,0.7,0.25,19,380051251,M0,689752ec2d69,0.6007,0.8664,0.0733,0.0,0.0952,0.4286,0.2259,,1.0,273,0,233
W-scope,600,0.05,0.7,0.25,19,380051251,M1,689752ec2d69,0.6007,0.8664,0.5824,0.2747,0.0952,0.4286,0.3441,,0.4034,273,0,233
W-scope,600,0.05,0.7,0.25,19,380051251,M2,689752ec2d69,0.6007,0.8664,0.6007,0.2821,0.0,0.337,0.267,,0.4034,273,0,233
W-scope,600,0.05,0.7,0.25,19,380051251,M1+pausa,689752ec2d69,0.6007,0.8664,0.5824,0.2747,0.0952,0.4286,0.3441,,0.4034,273,0,233
W-scope,600,0.3,1.0,0.05,0,1180222223,M0,689752ec2d69,0.8932,0.8865,0.0735,0.0017,0.0518,0.1703,0.0621,,1.0,599,0,531
W-scope,600,0.3,1.0,0.05,0,1180222223,M1,689752ec2d69,0.8932,0.8865,0.8631,0.7112,0.0518,0.1703,0.1182,,0.1073,599,0,531
W-scope,600,0.3,1.0,0.05,0,1180222223,M2,689752ec2d69,0.8932,0.8865,0.8932,0.7396,0.0,0.1219,0.0763,,0.1073,599,0,531
W-scope,600,0.3,1.0,0.05,0,1180222223,M1+pausa,689752ec2d69,0.8932,0.8865,0.8631,0.7112,0.0518,0.1703,0.1182,,0.1073,599,0,531
W-scope,600,0.3,1.0,0.05,1,1598288462,M0,689752ec2d69,0.8865,0.7846,0.1469,0.0117,0.0634,0.2521,0.091,,1.0,599,0,470
W-scope,600,0.3,1.0,0.05,1,1598288462,M1,689752ec2d69,0.8865,0.7846,0.8447,0.6494,0.0634,0.2521,0.1249,,0.0957,599,0,470
W-scope,600,0.3,1.0,0.05,1,1598288462,M2,689752ec2d69,0.8865,0.7846,0.8865,0.6861,0.0,0.1886,0.0735,,0.0957,599,0,470
W-scope,600,0.3,1.0,0.05,1,1598288462,M1+pausa,689752ec2d69,0.8865,0.7846,0.8447,0.6494,0.0634,0.2521,0.1249,,0.0957,599,0,470
W-scope,600,0.3,1.0,0.05,2,1953407373,M0,689752ec2d69,0.9132,0.823,0.1269,0.0017,0.0451,0.2304,0.0687,,1.0,599,0,493
W-scope,600,0.3,1.0,0.05,2,1953407373,M1,689752ec2d69,0.9132,0.823,0.8781,0.6778,0.0451,0.2304,0.1062,,0.0852,599,0,493
W-scope,600,0.3,1.0,0.05,2,1953407373,M2,689752ec2d69,0.9132,0.823,0.9132,0.7112,0.0,0.1853,0.0697,,0.0852,599,0,493
W-scope,600,0.3,1.0,0.05,2,1953407373,M1+pausa,689752ec2d69,0.9132,0.823,0.8781,0.6778,0.0451,0.2304,0.1062,,0.0852,599,0,493
W-scope,600,0.3,1.0,0.05,3,1836421324,M0,689752ec2d69,0.9032,0.7947,0.1486,0.0033,0.0735,0.2521,0.0688,,1.0,599,0,476
W-scope,600,0.3,1.0,0.05,3,1836421324,M1,689752ec2d69,0.9032,0.7947,0.8614,0.6594,0.0735,0.2521,0.1142,,0.0924,599,0,476
W-scope,600,0.3,1.0,0.05,3,1836421324,M2,689752ec2d69,0.9032,0.7947,0.9032,0.6995,0.0,0.1803,0.0547,,0.0924,599,0,476
W-scope,600,0.3,1.0,0.05,3,1836421324,M1+pausa,689752ec2d69,0.9032,0.7947,0.8614,0.6594,0.0735,0.2521,0.1142,,0.0924,599,0,476
W-scope,600,0.3,1.0,0.05,4,573834763,M0,689752ec2d69,0.8881,0.8414,0.1152,0.0,0.0417,0.2404,0.0667,,1.0,599,0,504
W-scope,600,0.3,1.0,0.05,4,573834763,M1,689752ec2d69,0.8881,0.8414,0.8581,0.6628,0.0417,0.2404,0.1235,,0.1171,599,0,504
W-scope,600,0.3,1.0,0.05,4,573834763,M2,689752ec2d69,0.8881,0.8414,0.8881,0.6928,0.0,0.1987,0.0897,,0.1171,599,0,504
W-scope,600,0.3,1.0,0.05,4,573834763,M1+pausa,689752ec2d69,0.8881,0.8414,0.8581,0.6628,0.0417,0.2404,0.1235,,0.1171,599,0,504
W-scope,600,0.3,1.0,0.05,5,992950090,M0,689752ec2d69,0.9082,0.8414,0.1018,0.0033,0.0668,0.2187,0.1007,,1.0,599,0,504
W-scope,600,0.3,1.0,0.05,5,992950090,M1,689752ec2d69,0.9082,0.8414,0.8614,0.6761,0.0668,0.2187,0.1182,,0.0933,599,0,504
W-scope,600,0.3,1.0,0.05,5,992950090,M2,689752ec2d69,0.9082,0.8414,0.9082,0.7195,0.0,0.1536,0.0641,,0.0933,599,0,504
W-scope,600,0.3,1.0,0.05,5,992950090,M1+pausa,689752ec2d69,0.9082,0.8414,0.8614,0.6761,0.0668,0.2187,0.1182,,0.0933,599,0,504
W-scope,600,0.3,1.0,0.05,6,268592265,M0,689752ec2d69,0.9032,0.8264,0.1085,0.0033,0.0634,0.2304,0.0719,,1.0,599,0,495
W-scope,600,0.3,1.0,0.05,6,268592265,M1,689752ec2d69,0.9032,0.8264,0.8531,0.6761,0.0634,0.2304,0.1235,,0.0929,599,0,495
W-scope,600,0.3,1.0,0.05,6,268592265,M2,689752ec2d69,0.9032,0.8264,0.9032,0.7212,0.0,0.1669,0.0722,,0.0929,599,0,495
W-scope,600,0.3,1.0,0.05,6,268592265,M1+pausa,689752ec2d69,0.9032,0.8264,0.8531,0.6761,0.0634,0.2304,0.1235,,0.0929,599,0,495
W-scope,600,0.3,1.0,0.05,7,152655304,M0,689752ec2d69,0.9082,0.8898,0.0818,0.0033,0.0317,0.1753,0.0429,,1.0,599,0,533
W-scope,600,0.3,1.0,0.05,7,152655304,M1,689752ec2d69,0.9082,0.8898,0.8898,0.7446,0.0317,0.1753,0.0955,,0.0882,599,0,533
W-scope,600,0.3,1.0,0.05,7,152655304,M2,689752ec2d69,0.9082,0.8898,0.9082,0.7629,0.0,0.1436,0.0698,,0.0882,599,0,533
W-scope,600,0.3,1.0,0.05,7,152655304,M1+pausa,689752ec2d69,0.9082,0.8898,0.8898,0.7446,0.0317,0.1753,0.0955,,0.0882,599,0,533
W-scope,600,0.3,1.0,0.05,8,243353863,M0,689752ec2d69,0.8865,0.8481,0.1202,0.0017,0.0434,0.2454,0.0522,,1.0,599,0,508
W-scope,600,0.3,1.0,0.05,8,243353863,M1,689752ec2d69,0.8865,0.8481,0.8631,0.6878,0.0434,0.2454,0.1182,,0.122,599,0,508
W-scope,600,0.3,1.0,0.05,8,243353863,M2,689752ec2d69,0.8865,0.8481,0.8865,0.7112,0.0,0.202,0.083,,0.122,599,0,508
W-scope,600,0.3,1.0,0.05,8,243353863,M1+pausa,689752ec2d69,0.8865,0.8481,0.8631,0.6878,0.0434,0.2454,0.1182,,0.122,599,0,508
W-scope,600,0.3,1.0,0.05,9,395999302,M0,689752ec2d69,0.9115,0.8114,0.1169,0.0067,0.0668,0.2237,0.0854,,1.0,599,0,486
W-scope,600,0.3,1.0,0.05,9,395999302,M1,689752ec2d69,0.9115,0.8114,0.8598,0.6745,0.0668,0.2237,0.1168,,0.0761,599,0,486
W-scope,600,0.3,1.0,0.05,9,395999302,M2,689752ec2d69,0.9115,0.8114,0.9115,0.7229,0.0,0.1569,0.0628,,0.0761,599,0,486
W-scope,600,0.3,1.0,0.05,9,395999302,M1+pausa,689752ec2d69,0.9115,0.8114,0.8598,0.6745,0.0668,0.2237,0.1168,,0.0761,599,0,486
W-scope,600,0.3,1.0,0.05,10,436990364,M0,689752ec2d69,0.9098,0.8164,0.1319,0.0,0.0484,0.2471,0.0646,,1.0,599,0,489
W-scope,600,0.3,1.0,0.05,10,436990364,M1,689752ec2d69,0.9098,0.8164,0.8715,0.6628,0.0484,0.2471,0.1128,,0.0941,599,0,489
W-scope,600,0.3,1.0,0.05,10,436990364,M2,689752ec2d69,0.9098,0.8164,0.9098,0.6978,0.0,0.1987,0.0736,,0.0941,599,0,489
W-scope,600,0.3,1.0,0.05,10,436990364,M1+pausa,689752ec2d69,0.9098,0.8164,0.8715,0.6628,0.0484,0.2471,0.1128,,0.0941,599,0,489
W-scope,600,0.3,1.0,0.05,11,51429597,M0,689752ec2d69,0.8982,0.8164,0.1336,0.0017,0.0584,0.2521,0.0777,,1.0,599,0,489
W-scope,600,0.3,1.0,0.05,11,51429597,M1,689752ec2d69,0.8982,0.8164,0.8631,0.6444,0.0584,0.2521,0.1182,,0.1043,599,0,489
W-scope,600,0.3,1.0,0.05,11,51429597,M2,689752ec2d69,0.8982,0.8164,0.8982,0.6728,0.0,0.1937,0.0709,,0.1043,599,0,489
W-scope,600,0.3,1.0,0.05,11,51429597,M1+pausa,689752ec2d69,0.8982,0.8164,0.8631,0.6444,0.0584,0.2521,0.1182,,0.1043,599,0,489
W-scope,600,0.3,1.0,0.05,12,675123998,M0,689752ec2d69,0.8915,0.8331,0.1302,0.0083,0.0501,0.202,0.0629,,1.0,599,0,499
W-scope,600,0.3,1.0,0.05,12,675123998,M1,689752ec2d69,0.8915,0.8331,0.8631,0.6778,0.0501,0.202,0.1115,,0.1082,599,0,499
W-scope,600,0.3,1.0,0.05,12,675123998,M2,689752ec2d69,0.8915,0.8331,0.8915,0.7028,0.0,0.1636,0.071,,0.1082,599,0,499
W-scope,600,0.3,1.0,0.05,12,675123998,M1+pausa,689752ec2d69,0.8915,0.8331,0.8631,0.6778,0.0501,0.202,0.1115,,0.1082,599,0,499
W-scope,600,0.3,1.0,0.05,13,824615519,M0,689752ec2d69,0.8982,0.798,0.1336,0.0,0.0651,0.2571,0.1043,,1.0,599,0,478
W-scope,600,0.3,1.0,0.05,13,824615519,M1,689752ec2d69,0.8982,0.798,0.8531,0.6528,0.0651,0.2571,0.1275,,0.0983,599,0,478
W-scope,600,0.3,1.0,0.05,13,824615519,M2,689752ec2d69,0.8982,0.798,0.8982,0.6928,0.0,0.192,0.0748,,0.0983,599,0,478
W-scope,600,0.3,1.0,0.05,13,824615519,M1+pausa,689752ec2d69,0.8982,0.798,0.8531,0.6528,0.0651,0.2571,0.1275,,0.0983,599,0,478
W-scope,600,0.3,1.0,0.05,14,2120692888,M0,689752ec2d69,0.9282,0.8431,0.1085,0.0017,0.0518,0.202,0.0653,,1.0,599,0,505
W-scope,600,0.3,1.0,0.05,14,2120692888,M1,689752ec2d69,0.9282,0.8431,0.8915,0.7195,0.0518,0.202,0.0955,,0.0693,599,0,505
W-scope,600,0.3,1.0,0.05,14,2120692888,M2,689752ec2d69,0.9282,0.8431,0.9282,0.7546,0.0,0.1503,0.0536,,0.0693,599,0,505
W-scope,600,0.3,1.0,0.05,14,2120692888,M1+pausa,689752ec2d69,0.9282,0.8431,0.8915,0.7195,0.0518,0.202,0.0955,,0.0693,599,0,505
W-scope,600,0.3,1.0,0.05,15,1736181209,M0,689752ec2d69,0.9048,0.8815,0.0918,0.0,0.0384,0.1669,0.057,,1.0,599,0,528
W-scope,600,0.3,1.0,0.05,15,1736181209,M1,689752ec2d69,0.9048,0.8815,0.8865,0.7312,0.0384,0.1669,0.1008,,0.0985,599,0,528
W-scope,600,0.3,1.0,0.05,15,1736181209,M2,689752ec2d69,0.9048,0.8815,0.9048,0.7462,0.0,0.1352,0.0697,,0.0985,599,0,528
W-scope,600,0.3,1.0,0.05,15,1736181209,M1+pausa,689752ec2d69,0.9048,0.8815,0.8865,0.7312,0.0384,0.1669,0.1008,,0.0985,599,0,528
W-scope,600,0.3,1.0,0.05,16,1280398874,M0,689752ec2d69,0.8982,0.8648,0.0868,0.0033,0.0518,0.1803,0.0746,,1.0,599,0,518
W-scope,600,0.3,1.0,0.05,16,1280398874,M1,689752ec2d69,0.8982,0.8648,0.8681,0.7078,0.0518,0.1803,0.1128,,0.0927,599,0,518
W-scope,600,0.3,1.0,0.05,16,1280398874,M2,689752ec2d69,0.8982,0.8648,0.8982,0.7346,0.0,0.1319,0.0709,,0.0927,599,0,518
W-scope,600,0.3,1.0,0.05,16,1280398874,M1+pausa,689752ec2d69,0.8982,0.8648,0.8681,0.7078,0.0518,0.1803,0.1128,,0.0927,599,0,518
W-scope,600,0.3,1.0,0.05,17,1430939483,M0,689752ec2d69,0.8748,0.9098,0.0651,0.0033,0.0467,0.1686,0.0428,,1.0,599,0,545
W-scope,600,0.3,1.0,0.05,17,1430939483,M1,689752ec2d69,0.8748,0.9098,0.8564,0.7295,0.0467,0.1686,0.1222,,0.1266,599,0,545
W-scope,600,0.3,1.0,0.05,17,1430939483,M2,689752ec2d69,0.8748,0.9098,0.8748,0.7479,0.0,0.1302,0.0843,,0.1266,599,0,545
W-scope,600,0.3,1.0,0.05,17,1430939483,M1+pausa,689752ec2d69,0.8748,0.9098,0.8564,0.7295,0.0467,0.1686,0.1222,,0.1266,599,0,545
W-scope,600,0.3,1.0,0.05,18,1389525908,M0,689752ec2d69,0.9249,0.8264,0.1185,0.0033,0.0518,0.192,0.0694,,1.0,599,0,495
W-scope,600,0.3,1.0,0.05,18,1389525908,M1,689752ec2d69,0.9249,0.8264,0.8848,0.7095,0.0518,0.192,0.0995,,0.0687,599,0,495
W-scope,600,0.3,1.0,0.05,18,1389525908,M2,689752ec2d69,0.9249,0.8264,0.9249,0.7496,0.0,0.1452,0.0576,,0.0687,599,0,495
W-scope,600,0.3,1.0,0.05,18,1389525908,M1+pausa,689752ec2d69,0.9249,0.8264,0.8848,0.7095,0.0518,0.192,0.0995,,0.0687,599,0,495
W-scope,600,0.3,1.0,0.05,19,1271483093,M0,689752ec2d69,0.9215,0.8932,0.0651,0.0017,0.0534,0.1553,0.0622,,1.0,599,0,535
W-scope,600,0.3,1.0,0.05,19,1271483093,M1,689752ec2d69,0.9215,0.8932,0.8881,0.7412,0.0534,0.1553,0.0981,,0.0766,599,0,535
W-scope,600,0.3,1.0,0.05,19,1271483093,M2,689752ec2d69,0.9215,0.8932,0.9215,0.7713,0.0,0.1035,0.0549,,0.0766,599,0,535
W-scope,600,0.3,1.0,0.05,19,1271483093,M1+pausa,689752ec2d69,0.9215,0.8932,0.8881,0.7412,0.0534,0.1553,0.0981,,0.0766,599,0,535
W-scope,600,0.3,1.0,0.25,0,194011652,M0,689752ec2d69,0.6377,0.9065,0.0584,0.0067,0.0918,0.379,0.1082,,1.0,599,0,543
W-scope,600,0.3,1.0,0.25,0,194011652,M1,689752ec2d69,0.6377,0.9065,0.6244,0.3523,0.0918,0.379,0.2971,,0.3573,599,0,543
W-scope,600,0.3,1.0,0.25,0,194011652,M2,689752ec2d69,0.6377,0.9065,0.6377,0.3606,0.0,0.2871,0.2228,,0.3573,599,0,543
W-scope,600,0.3,1.0,0.25,0,194011652,M1+pausa,689752ec2d69,0.6377,0.9065,0.6244,0.3523,0.0918,0.379,0.2971,,0.3573,599,0,543
W-scope,600,0.3,1.0,0.25,1,311120709,M0,689752ec2d69,0.6027,0.798,0.0952,0.0067,0.1336,0.4524,0.1341,,1.0,599,0,478
W-scope,600,0.3,1.0,0.25,1,311120709,M1,689752ec2d69,0.6027,0.798,0.5576,0.2638,0.1336,0.4524,0.3546,,0.4059,599,0,478
W-scope,600,0.3,1.0,0.25,1,311120709,M2,689752ec2d69,0.6027,0.798,0.6027,0.2871,0.0,0.3189,0.2464,,0.4059,599,0,478
W-scope,600,0.3,1.0,0.25,1,311120709,M1+pausa,689752ec2d69,0.6027,0.798,0.5576,0.2638,0.1336,0.4524,0.3546,,0.4059,599,0,478
W-scope,600,0.3,1.0,0.25,2,967180422,M0,689752ec2d69,0.6093,0.9048,0.0518,0.0033,0.0868,0.414,0.0705,,1.0,599,0,542
W-scope,600,0.3,1.0,0.25,2,967180422,M1,689752ec2d69,0.6093,0.9048,0.5977,0.3539,0.0868,0.414,0.3292,,0.393,599,0,542
W-scope,600,0.3,1.0,0.25,2,967180422,M2,689752ec2d69,0.6093,0.9048,0.6093,0.3623,0.0,0.3272,0.2589,,0.393,599,0,542
W-scope,600,0.3,1.0,0.25,2,967180422,M1+pausa,689752ec2d69,0.6093,0.9048,0.5977,0.3539,0.0868,0.414,0.3292,,0.393,599,0,542
W-scope,600,0.3,1.0,0.25,3,549269959,M0,689752ec2d69,0.606,0.8013,0.1085,0.0134,0.1135,0.4374,0.1773,,1.0,599,0,480
W-scope,600,0.3,1.0,0.25,3,549269959,M1,689752ec2d69,0.606,0.8013,0.5726,0.2671,0.1135,0.4374,0.3359,,0.3958,599,0,480
W-scope,600,0.3,1.0,0.25,3,549269959,M2,689752ec2d69,0.606,0.8013,0.606,0.2805,0.0,0.3239,0.244,,0.3958,599,0,480
W-scope,600,0.3,1.0,0.25,3,549269959,M1+pausa,689752ec2d69,0.606,0.8013,0.5726,0.2671,0.1135,0.4374,0.3359,,0.3958,599,0,480
W-scope,600,0.3,1.0,0.25,4,1878828800,M0,689752ec2d69,0.6594,0.8331,0.0968,0.0067,0.1135,0.4007,0.1252,,1.0,599,0,499
W-scope,600,0.3,1.0,0.25,4,1878828800,M1,689752ec2d69,0.6594,0.8331,0.6327,0.3022,0.1135,0.4007,0.2971,,0.3467,599,0,499
W-scope,600,0.3,1.0,0.25,4,1878828800,M2,689752ec2d69,0.6594,0.8331,0.6594,0.3189,0.0,0.2888,0.2052,,0.3467,599,0,499
W-scope,600,0.3,1.0,0.25,4,1878828800,M1+pausa,689752ec2d69,0.6594,0.8331,0.6327,0.3022,0.1135,0.4007,0.2971,,0.3467,599,0,499
W-scope,600,0.3,1.0,0.25,5,1994888769,M0,689752ec2d69,0.621,0.8514,0.0801,0.0134,0.1102,0.4073,0.163,,1.0,599,0,510
W-scope,600,0.3,1.0,0.25,5,1994888769,M1,689752ec2d69,0.621,0.8514,0.591,0.2888,0.1102,0.4073,0.3198,,0.3745,599,0,510
W-scope,600,0.3,1.0,0.25,5,1994888769,M2,689752ec2d69,0.621,0.8514,0.621,0.3038,0.0,0.2972,0.2306,,0.3745,599,0,510
W-scope,600,0.3,1.0,0.25,5,1994888769,M1+pausa,689752ec2d69,0.621,0.8514,0.591,0.2888,0.1102,0.4073,0.3198,,0.3745,599,0,510
W-scope,600,0.3,1.0,0.25,6,1573569922,M0,689752ec2d69,0.6194,0.8331,0.0885,0.0033,0.0818,0.4107,0.1735,,1.0,599,0,499
W-scope,600,0.3,1.0,0.25,6,1573569922,M1,689752ec2d69,0.6194,0.8331,0.5977,0.2821,0.0818,0.4107,0.3225,,0.3747,599,0,499
W-scope,600,0.3,1.0,0.25,6,1573569922,M2,689752ec2d69,0.6194,0.8331,0.6194,0.2938,0.0,0.3289,0.2563,,0.3747,599,0,499
W-scope,600,0.3,1.0,0.25,6,1573569922,M1+pausa,689752ec2d69,0.6194,0.8331,0.5977,0.2821,0.0818,0.4107,0.3225,,0.3747,599,0,499
W-scope,600,0.3,1.0,0.25,7,1154610371,M0,689752ec2d69,0.6394,0.7913,0.1202,0.005,0.1185,0.4407,0.1743,,1.0,599,0,474
W-scope,600,0.3,1.0,0.25,7,1154610371,M1,689752ec2d69,0.6394,0.7913,0.5977,0.2671,0.1185,0.4407,0.3185,,0.3755,599,0,474
W-scope,600,0.3,1.0,0.25,7,1154610371,M2,689752ec2d69,0.6394,0.7913,0.6394,0.2922,0.0,0.3222,0.2226,,0.3755,599,0,474
W-scope,600,0.3,1.0,0.25,7,1154610371,M1+pausa,689752ec2d69,0.6394,0.7913,0.5977,0.2671,0.1185,0.4407,0.3185,,0.3755,599,0,474
W-scope,600,0.3,1.0,0.25,8,1128917004,M0,689752ec2d69,0.6477,0.8214,0.0935,0.0033,0.0935,0.4007,0.1617,,1.0,599,0,492
W-scope,600,0.3,1.0,0.25,8,1128917004,M1,689752ec2d69,0.6477,0.8214,0.6227,0.2871,0.0935,0.4007,0.3078,,0.3496,599,0,492
W-scope,600,0.3,1.0,0.25,8,1128917004,M2,689752ec2d69,0.6477,0.8214,0.6477,0.3038,0.0,0.3072,0.2321,,0.3496,599,0,492
W-scope,600,0.3,1.0,0.25,8,1128917004,M1+pausa,689752ec2d69,0.6477,0.8214,0.6227,0.2871,0.0935,0.4007,0.3078,,0.3496,599,0,492
W-scope,600,0.3,1.0,0.25,9,1515379021,M0,689752ec2d69,0.6194,0.7913,0.1185,0.0184,0.1135,0.4324,0.183,,1.0,599,0,474
W-scope,600,0.3,1.0,0.25,9,1515379021,M1,689752ec2d69,0.6194,0.7913,0.5776,0.2888,0.1135,0.4324,0.3252,,0.384,599,0,474
W-scope,600,0.3,1.0,0.25,9,1515379021,M2,689752ec2d69,0.6194,0.7913,0.6194,0.3072,0.0,0.3189,0.2333,,0.384,599,0,474
W-scope,600,0.3,1.0,0.25,9,1515379021,M1+pausa,689752ec2d69,0.6194,0.7913,0.5776,0.2888,0.1135,0.4324,0.3252,,0.384,599,0,474
W-scope,600,0.3,1.0,0.25,10,227860661,M0,689752ec2d69,0.621,0.9599,0.02,0.0017,0.0801,0.3856,0.0253,,1.0,599,0,575
W-scope,600,0.3,1.0,0.25,10,227860661,M1,689752ec2d69,0.621,0.9599,0.616,0.3539,0.0801,0.3856,0.3158,,0.3774,599,0,575
W-scope,600,0.3,1.0,0.25,10,227860661,M2,689752ec2d69,0.621,0.9599,0.621,0.3556,0.0,0.3055,0.251,,0.3774,599,0,575
W-scope,600,0.3,1.0,0.25,10,227860661,M1+pausa,689752ec2d69,0.621,0.9599,0.616,0.3539,0.0801,0.3856,0.3158,,0.3774,599,0,575
W-scope,600,0.3,1.0,0.25,11,344969716,M0,689752ec2d69,0.6244,0.8197,0.1018,0.0117,0.1169,0.4324,0.1275,,1.0,599,0,491
W-scope,600,0.3,1.0,0.25,11,344969716,M1,689752ec2d69,0.6244,0.8197,0.5893,0.2938,0.1169,0.4324,0.3239,,0.3829,599,0,491
W-scope,600,0.3,1.0,0.25,11,344969716,M2,689752ec2d69,0.6244,0.8197,0.6244,0.3172,0.0,0.3155,0.2292,,0.3829,599,0,491
W-scope,600,0.3,1.0,0.25,11,344969716,M1+pausa,689752ec2d69,0.6244,0.8197,0.5893,0.2938,0.1169,0.4324,0.3239,,0.3829,599,0,491
W-scope,600,0.3,1.0,0.25,12,1067614775,M0,689752ec2d69,0.6177,0.7896,0.1152,0.0083,0.1152,0.419,0.141,,1.0,599,0,473
W-scope,600,0.3,1.0,0.25,12,1067614775,M1,689752ec2d69,0.6177,0.7896,0.591,0.2922,0.1152,0.419,0.3225,,0.3742,599,0,473
W-scope,600,0.3,1.0,0.25,12,1067614775,M2,689752ec2d69,0.6177,0.7896,0.6177,0.3105,0.0,0.3038,0.2293,,0.3742,599,0,473
W-scope,600,0.3,1.0,0.25,12,1067614775,M1+pausa,689752ec2d69,0.6177,0.7896,0.591,0.2922,0.1152,0.419,0.3225,,0.3742,599,0,473
W-scope,600,0.3,1.0,0.25,13,649704310,M0,689752ec2d69,0.6477,0.8898,0.0701,0.0017,0.0885,0.3957,0.1731,,1.0,599,0,533
W-scope,600,0.3,1.0,0.25,13,649704310,M1,689752ec2d69,0.6477,0.8898,0.6344,0.3222,0.0885,0.3957,0.2971,,0.3583,599,0,533
W-scope,600,0.3,1.0,0.25,13,649704310,M2,689752ec2d69,0.6477,0.8898,0.6477,0.3306,0.0,0.3072,0.2255,,0.3583,599,0,533
W-scope,600,0.3,1.0,0.25,13,649704310,M1+pausa,689752ec2d69,0.6477,0.8898,0.6344,0.3222,0.0885,0.3957,0.2971,,0.3583,599,0,533
W-scope,600,0.3,1.0,0.25,14,1777870257,M0,689752ec2d69,0.606,0.8381,0.0851,0.0067,0.1085,0.419,0.1598,,1.0,599,0,502
W-scope,600,0.3,1.0,0.25,14,1777870257,M1,689752ec2d69,0.606,0.8381,0.5843,0.2905,0.1085,0.419,0.3319,,0.3884,599,0,502
W-scope,600,0.3,1.0,0.25,14,1777870257,M2,689752ec2d69,0.606,0.8381,0.606,0.3022,0.0,0.3105,0.244,,0.3884,599,0,502
W-scope,600,0.3,1.0,0.25,14,1777870257,M1+pausa,689752ec2d69,0.606,0.8381,0.5843,0.2905,0.1085,0.419,0.3319,,0.3884,599,0,502
W-scope,600,0.3,1.0,0.25,15,1893930224,M0,689752ec2d69,0.6077,0.8548,0.0885,0.0083,0.1068,0.4207,0.1174,,1.0,599,0,512
W-scope,600,0.3,1.0,0.25,15,1893930224,M1,689752ec2d69,0.6077,0.8548,0.5927,0.3122,0.1068,0.4207,0.3225,,0.3906,599,0,512
W-scope,600,0.3,1.0,0.25,15,1893930224,M2,689752ec2d69,0.6077,0.8548,0.6077,0.3239,0.0,0.3139,0.236,,0.3906,599,0,512
W-scope,600,0.3,1.0,0.25,15,1893930224,M1+pausa,689752ec2d69,0.6077,0.8548,0.5927,0.3122,0.1068,0.4207,0.3225,,0.3906,599,0,512
W-scope,600,0.3,1.0,0.25,16,1540245299,M0,689752ec2d69,0.6344,0.9332,0.0334,0.0017,0.0952,0.3856,0.0483,,1.0,599,0,559
W-scope,600,0.3,1.0,0.25,16,1540245299,M1,689752ec2d69,0.6344,0.9332,0.621,0.3222,0.0952,0.3856,0.3105,,0.3667,599,0,559
W-scope,600,0.3,1.0,0.25,16,1540245299,M2,689752ec2d69,0.6344,0.9332,0.6344,0.3306,0.0,0.2905,0.2335,,0.3667,599,0,559
W-scope,600,0.3,1.0,0.25,16,1540245299,M1+pausa,689752ec2d69,0.6344,0.9332,0.621,0.3222,0.0952,0.3856,0.3105,,0.3667,599,0,559
W-scope,600,0.3,1.0,0.25,17,1121285746,M0,689752ec2d69,0.6444,0.793,0.1219,0.0134,0.0918,0.4124,0.138,,1.0,599,0,475
W-scope,600,0.3,1.0,0.25,17,1121285746,M1,689752ec2d69,0.6444,0.793,0.6144,0.2922,0.0918,0.4124,0.3025,,0.3537,599,0,475
W-scope,600,0.3,1.0,0.25,17,1121285746,M2,689752ec2d69,0.6444,0.793,0.6444,0.3088,0.0,0.3205,0.2282,,0.3537,599,0,475
W-scope,600,0.3,1.0,0.25,17,1121285746,M1+pausa,689752ec2d69,0.6444,0.793,0.6144,0.2922,0.0918,0.4124,0.3025,,0.3537,599,0,475
W-scope,600,0.3,1.0,0.25,18,1162701501,M0,689752ec2d69,0.6444,0.8715,0.0801,0.0083,0.0902,0.3973,0.1166,,1.0,599,0,522
W-scope,600,0.3,1.0,0.25,18,1162701501,M1,689752ec2d69,0.6444,0.8715,0.6311,0.3139,0.0902,0.3973,0.2985,,0.3582,599,0,522
W-scope,600,0.3,1.0,0.25,18,1162701501,M2,689752ec2d69,0.6444,0.8715,0.6444,0.3222,0.0,0.3072,0.2255,,0.3582,599,0,522
W-scope,600,0.3,1.0,0.25,18,1162701501,M1+pausa,689752ec2d69,0.6444,0.8715,0.6311,0.3139,0.0902,0.3973,0.2985,,0.3582,599,0,522
W-scope,600,0.3,1.0,0.25,19,1549163516,M0,689752ec2d69,0.616,0.778,0.1269,0.005,0.1018,0.4407,0.1486,,1.0,599,0,466
W-scope,600,0.3,1.0,0.25,19,1549163516,M1,689752ec2d69,0.616,0.778,0.5843,0.2688,0.1018,0.4407,0.3279,,0.3884,599,0,466
W-scope,600,0.3,1.0,0.25,19,1549163516,M2,689752ec2d69,0.616,0.778,0.616,0.2805,0.0,0.3406,0.2454,,0.3884,599,0,466
W-scope,600,0.3,1.0,0.25,19,1549163516,M1+pausa,689752ec2d69,0.616,0.778,0.5843,0.2688,0.1018,0.4407,0.3279,,0.3884,599,0,466
W-scope,600,0.3,0.7,0.05,0,854920969,M0,689752ec2d69,0.9212,0.9199,0.0445,0.0,0.0514,0.1507,0.0597,,1.0,292,0,268
W-scope,600,0.3,0.7,0.05,0,854920969,M1,689752ec2d69,0.9212,0.9199,0.887,0.7397,0.0514,0.1507,0.1004,,0.0821,292,0,268
W-scope,600,0.3,0.7,0.05,0,854920969,M2,689752ec2d69,0.9212,0.9199,0.9212,0.7671,0.0,0.0993,0.0588,,0.0821,292,0,268
W-scope,600,0.3,0.7,0.05,0,854920969,M1+pausa,689752ec2d69,0.9212,0.9199,0.887,0.7397,0.0514,0.1507,0.1004,,0.0821,292,0,268
W-scope,600,0.3,0.7,0.05,1,737033800,M0,689752ec2d69,0.9075,0.8214,0.1233,0.0,0.0582,0.2397,0.0635,,1.0,292,0,243
W-scope,600,0.3,0.7,0.05,1,737033800,M1,689752ec2d69,0.9075,0.8214,0.8733,0.6884,0.0582,0.2397,0.1114,,0.0988,292,0,243
W-scope,600,0.3,0.7,0.05,1,737033800,M2,689752ec2d69,0.9075,0.8214,0.9075,0.7192,0.0,0.1815,0.0642,,0.0988,292,0,243
W-scope,600,0.3,0.7,0.05,1,737033800,M1+pausa,689752ec2d69,0.9075,0.8214,0.8733,0.6884,0.0582,0.2397,0.1114,,0.0988,292,0,243
W-scope,600,0.3,0.7,0.05,2,12807563,M0,689752ec2d69,0.9044,0.8314,0.1331,0.0,0.041,0.2355,0.0664,,1.0,293,0,244
W-scope,600,0.3,0.7,0.05,2,12807563,M1,689752ec2d69,0.9044,0.8314,0.8805,0.628,0.041,0.2355,0.1028,,0.0984,293,0,244
W-scope,600,0.3,0.7,0.05,2,12807563,M2,689752ec2d69,0.9044,0.8314,0.9044,0.6485,0.0,0.1945,0.0697,,0.0984,293,0,244
W-scope,600,0.3,0.7,0.05,2,12807563,M1+pausa,689752ec2d69,0.9044,0.8314,0.8805,0.628,0.041,0.2355,0.1028,,0.0984,293,0,244
W-scope,600,0.3,0.7,0.05,3,433609930,M0,689752ec2d69,0.8865,0.8364,0.1135,0.0035,0.0213,0.2021,0.057,,1.0,282,0,242
W-scope,600,0.3,0.7,0.05,3,433609930,M1,689752ec2d69,0.8865,0.8364,0.8794,0.6915,0.0213,0.2021,0.1036,,0.1033,282,0,242
W-scope,600,0.3,0.7,0.05,3,433609930,M2,689752ec2d69,0.8865,0.8364,0.8865,0.6986,0.0,0.1809,0.0864,,0.1033,282,0,242
W-scope,600,0.3,0.7,0.05,3,433609930,M1+pausa,689752ec2d69,0.8865,0.8364,0.8794,0.6915,0.0213,0.2021,0.1036,,0.1033,282,0,242
W-scope,600,0.3,0.7,0.05,4,1452919309,M0,689752ec2d69,0.9004,0.8063,0.1388,0.0071,0.0605,0.2527,0.0746,,1.0,281,0,228
W-scope,600,0.3,0.7,0.05,4,1452919309,M1,689752ec2d69,0.9004,0.8063,0.8541,0.6406,0.0605,0.2527,0.1182,,0.1053,281,0,228
W-scope,600,0.3,0.7,0.05,4,1452919309,M2,689752ec2d69,0.9004,0.8063,0.9004,0.6797,0.0,0.1957,0.0692,,0.1053,281,0,228
W-scope,600,0.3,0.7,0.05,4,1452919309,M1+pausa,689752ec2d69,0.9004,0.8063,0.8541,0.6406,0.0605,0.2527,0.1182,,0.1053,281,0,228
W-scope,600,0.3,0.7,0.05,5,1333984076,M0,689752ec2d69,0.9039,0.8464,0.1032,0.0,0.0463,0.2278,0.0656,,1.0,281,0,242
W-scope,600,0.3,0.7,0.05,5,1333984076,M1,689752ec2d69,0.9039,0.8464,0.8719,0.6726,0.0463,0.2278,0.1125,,0.1074,281,0,242
W-scope,600,0.3,0.7,0.05,5,1333984076,M2,689752ec2d69,0.9039,0.8464,0.9039,0.7011,0.0,0.1815,0.075,,0.1074,281,0,242
W-scope,600,0.3,0.7,0.05,5,1333984076,M1+pausa,689752ec2d69,0.9039,0.8464,0.8719,0.6726,0.0463,0.2278,0.1125,,0.1074,281,0,242
W-scope,600,0.3,0.7,0.05,6,1689233551,M0,689752ec2d69,0.8997,0.8831,0.1066,0.0094,0.0408,0.1975,0.0515,,1.0,319,0,272
W-scope,600,0.3,0.7,0.05,6,1689233551,M1,689752ec2d69,0.8997,0.8831,0.8715,0.6803,0.0408,0.1975,0.1028,,0.0882,319,0,272
W-scope,600,0.3,0.7,0.05,6,1689233551,M2,689752ec2d69,0.8997,0.8831,0.8997,0.7053,0.0,0.1567,0.0698,,0.0882,319,0,272
W-scope,600,0.3,0.7,0.05,6,1689233551,M1+pausa,689752ec2d69,0.8997,0.8831,0.8715,0.6803,0.0408,0.1975,0.1028,,0.0882,319,0,272
W-scope,600,0.3,0.7,0.05,7,2108987854,M0,689752ec2d69,0.9189,0.828,0.1385,0.0034,0.0473,0.2365,0.0583,,1.0,296,0,246
W-scope,600,0.3,0.7,0.05,7,2108987854,M1,689752ec2d69,0.9189,0.828,0.8919,0.6689,0.0473,0.2365,0.0938,,0.0894,296,0,246
W-scope,600,0.3,0.7,0.05,7,2108987854,M2,689752ec2d69,0.9189,0.828,0.9189,0.6959,0.0,0.1892,0.0555,,0.0894,296,0,246
W-scope,600,0.3,0.7,0.05,7,2108987854,M1+pausa,689752ec2d69,0.9189,0.828,0.8919,0.6689,0.0473,0.2365,0.0938,,0.0894,296,0,246
W-scope,600,0.3,0.7,0.05,8,2049737985,M0,689752ec2d69,0.8974,0.8831,0.0842,0.0037,0.044,0.1832,0.0363,,1.0,273,0,242
W-scope,600,0.3,0.7,0.05,8,2049737985,M1,689752ec2d69,0.8974,0.8831,0.8718,0.7143,0.044,0.1832,0.1096,,0.1074,273,0,242
W-scope,600,0.3,0.7,0.05,8,2049737985,M2,689752ec2d69,0.8974,0.8831,0.8974,0.7399,0.0,0.1392,0.074,,0.1074,273,0,242
W-scope,600,0.3,0.7,0.05,8,2049737985,M1+pausa,689752ec2d69,0.8974,0.8831,0.8718,0.7143,0.044,0.1832,0.1096,,0.1074,273,0,242
W-scope,600,0.3,0.7,0.05,9,1664595008,M0,689752ec2d69,0.8935,0.8164,0.1445,0.0,0.0646,0.2814,0.0886,,1.0,263,0,207
W-scope,600,0.3,0.7,0.05,9,1664595008,M1,689752ec2d69,0.8935,0.8164,0.8441,0.6274,0.0646,0.2814,0.1347,,0.1111,263,0,207
W-scope,600,0.3,0.7,0.05,9,1664595008,M2,689752ec2d69,0.8935,0.8164,0.8935,0.673,0.0,0.2167,0.0824,,0.1111,263,0,207
W-scope,600,0.3,0.7,0.05,9,1664595008,M1+pausa,689752ec2d69,0.8935,0.8164,0.8441,0.6274,0.0646,0.2814,0.1347,,0.1111,263,0,207
W-scope,600,0.3,0.7,0.05,10,1939667301,M0,689752ec2d69,0.8571,0.813,0.1495,0.01,0.0731,0.2957,0.112,,1.0,301,0,242
W-scope,600,0.3,0.7,0.05,10,1939667301,M1,689752ec2d69,0.8571,0.813,0.8173,0.6179,0.0731,0.2957,0.1455,,0.1529,301,0,242
W-scope,600,0.3,0.7,0.05,10,1939667301,M2,689752ec2d69,0.8571,0.813,0.8571,0.6445,0.0,0.2226,0.0864,,0.1529,301,0,242
W-scope,600,0.3,0.7,0.05,10,1939667301,M1+pausa,689752ec2d69,0.8571,0.813,0.8173,0.6179,0.0731,0.2957,0.1455,,0.1529,301,0,242
W-scope,600,0.3,0.7,0.05,11,1787283492,M0,689752ec2d69,0.8787,0.8013,0.1176,0.0074,0.0919,0.2868,0.0913,,1.0,272,0,217
W-scope,600,0.3,0.7,0.05,11,1787283492,M1,689752ec2d69,0.8787,0.8013,0.8051,0.6397,0.0919,0.2868,0.16,,0.129,272,0,217
W-scope,600,0.3,0.7,0.05,11,1787283492,M2,689752ec2d69,0.8787,0.8013,0.8787,0.7022,0.0,0.1949,0.0856,,0.129,272,0,217
W-scope,600,0.3,0.7,0.05,11,1787283492,M1+pausa,689752ec2d69,0.8787,0.8013,0.8051,0.6397,0.0919,0.2868,0.16,,0.129,272,0,217
W-scope,600,0.3,0.7,0.05,12,1101700071,M0,689752ec2d69,0.8866,0.8581,0.11,0.0069,0.0275,0.2131,0.055,,1.0,291,0,246
W-scope,600,0.3,0.7,0.05,12,1101700071,M1,689752ec2d69,0.8866,0.8581,0.8625,0.6942,0.0275,0.2131,0.1145,,0.1016,291,0,246
W-scope,600,0.3,0.7,0.05,12,1101700071,M2,689752ec2d69,0.8866,0.8581,0.8866,0.7148,0.0,0.1856,0.0922,,0.1016,291,0,246
W-scope,600,0.3,0.7,0.05,12,1101700071,M1+pausa,689752ec2d69,0.8866,0.8581,0.8625,0.6942,0.0275,0.2131,0.1145,,0.1016,291,0,246
W-scope,600,0.3,0.7,0.05,13,1488038566,M0,689752ec2d69,0.9003,0.9098,0.0685,0.0031,0.0623,0.1464,0.0662,,1.0,321,0,289
W-scope,600,0.3,0.7,0.05,13,1488038566,M1,689752ec2d69,0.9003,0.9098,0.8785,0.7726,0.0623,0.1464,0.1047,,0.0969,321,0,289
W-scope,600,0.3,0.7,0.05,13,1488038566,M2,689752ec2d69,0.9003,0.9098,0.9003,0.7913,0.0,0.0935,0.0543,,0.0969,321,0,289
W-scope,600,0.3,0.7,0.05,13,1488038566,M1+pausa,689752ec2d69,0.9003,0.9098,0.8785,0.7726,0.0623,0.1464,0.1047,,0.0969,321,0,289
W-scope,600,0.3,0.7,0.05,14,401620065,M0,689752ec2d69,0.9207,0.818,0.125,0.003,0.0396,0.2104,0.0659,,1.0,328,0,273
W-scope,600,0.3,0.7,0.05,14,401620065,M1,689752ec2d69,0.9207,0.818,0.8902,0.6951,0.0396,0.2104,0.0929,,0.0733,328,0,273
W-scope,600,0.3,0.7,0.05,14,401620065,M2,689752ec2d69,0.9207,0.818,0.9207,0.7195,0.0,0.1707,0.0608,,0.0733,328,0,273
W-scope,600,0.3,0.7,0.05,14,401620065,M1+pausa,689752ec2d69,0.9207,0.818,0.8902,0.6951,0.0396,0.2104,0.0929,,0.0733,328,0,273
W-scope,600,0.3,0.7,0.05,15,250285344,M0,689752ec2d69,0.9091,0.8063,0.1429,0.0,0.0682,0.2597,0.0788,,1.0,308,0,250
W-scope,600,0.3,0.7,0.05,15,250285344,M1,689752ec2d69,0.9091,0.8063,0.8701,0.6494,0.0682,0.2597,0.1139,,0.104,308,0,250
W-scope,600,0.3,0.7,0.05,15,250285344,M2,689752ec2d69,0.9091,0.8063,0.9091,0.6883,0.0,0.1916,0.0587,,0.104,308,0,250
W-scope,600,0.3,0.7,0.05,15,250285344,M1+pausa,689752ec2d69,0.9091,0.8063,0.8701,0.6494,0.0682,0.2597,0.1139,,0.104,308,0,250
W-scope,600,0.3,0.7,0.05,16,633757411,M0,689752ec2d69,0.8937,0.8047,0.1694,0.0,0.0764,0.3123,0.1385,,1.0,301,0,227
W-scope,600,0.3,0.7,0.05,16,633757411,M1,689752ec2d69,0.8937,0.8047,0.8339,0.5781,0.0764,0.3123,0.1429,,0.1189,301,0,227
W-scope,600,0.3,0.7,0.05,16,633757411,M2,689752ec2d69,0.8937,0.8047,0.8937,0.6346,0.0,0.2392,0.081,,0.1189,301,0,227
W-scope,600,0.3,0.7,0.05,16,633757411,M1+pausa,689752ec2d69,0.8937,0.8047,0.8339,0.5781,0.0764,0.3123,0.1429,,0.1189,301,0,227
W-scope,600,0.3,0.7,0.05,17,1021144994,M0,689752ec2d69,0.9119,0.8731,0.0644,0.0,0.0678,0.1661,0.0555,,1.0,295,0,265
W-scope,600,0.3,0.7,0.05,17,1021144994,M1,689752ec2d69,0.9119,0.8731,0.8814,0.7356,0.0678,0.1661,0.1022,,0.0868,295,0,265
W-scope,600,0.3,0.7,0.05,17,1021144994,M2,689752ec2d69,0.9119,0.8731,0.9119,0.7661,0.0,0.1017,0.0473,,0.0868,295,0,265
W-scope,600,0.3,0.7,0.05,17,1021144994,M1+pausa,689752ec2d69,0.9119,0.8731,0.8814,0.7356,0.0678,0.1661,0.1022,,0.0868,295,0,265
W-scope,600,0.3,0.7,0.05,18,994407277,M0,689752ec2d69,0.9193,0.8698,0.0632,0.0035,0.0702,0.1789,0.0591,,1.0,285,0,247
W-scope,600,0.3,0.7,0.05,18,994407277,M1,689752ec2d69,0.9193,0.8698,0.8632,0.7053,0.0702,0.1789,0.1167,,0.0729,285,0,247
W-scope,600,0.3,0.7,0.05,18,994407277,M2,689752ec2d69,0.9193,0.8698,0.9193,0.7579,0.0,0.1088,0.0599,,0.0729,285,0,247
W-scope,600,0.3,0.7,0.05,18,994407277,M1+pausa,689752ec2d69,0.9193,0.8698,0.8632,0.7053,0.0702,0.1789,0.1167,,0.0729,285,0,247
W-scope,600,0.3,0.7,0.05,19,576602668,M0,689752ec2d69,0.9113,0.8047,0.1433,0.0034,0.0444,0.2491,0.0736,,1.0,293,0,236
W-scope,600,0.3,0.7,0.05,19,576602668,M1,689752ec2d69,0.9113,0.8047,0.8737,0.6689,0.0444,0.2491,0.1083,,0.089,293,0,236
W-scope,600,0.3,0.7,0.05,19,576602668,M2,689752ec2d69,0.9113,0.8047,0.9113,0.7031,0.0,0.2048,0.0724,,0.089,293,0,236
W-scope,600,0.3,0.7,0.05,19,576602668,M1+pausa,689752ec2d69,0.9113,0.8047,0.8737,0.6689,0.0444,0.2491,0.1083,,0.089,293,0,236
W-scope,600,0.3,0.7,0.25,0,2134748674,M0,689752ec2d69,0.6831,0.8998,0.0493,0.0,0.0986,0.3521,0.1204,,1.0,284,0,263
W-scope,600,0.3,0.7,0.25,0,2134748674,M1,689752ec2d69,0.6831,0.8998,0.6725,0.3345,0.0986,0.3521,0.2692,,0.3232,284,0,263
W-scope,600,0.3,0.7,0.25,0,2134748674,M2,689752ec2d69,0.6831,0.8998,0.6831,0.3345,0.0,0.2535,0.1893,,0.3232,284,0,263
W-scope,600,0.3,0.7,0.25,0,2134748674,M1+pausa,689752ec2d69,0.6831,0.8998,0.6725,0.3345,0.0986,0.3521,0.2692,,0.3232,284,0,263
W-scope,600,0.3,0.7,0.25,1,1713807171,M0,689752ec2d69,0.6525,0.8097,0.1049,0.0066,0.1148,0.4295,0.1319,,1.0,305,0,248
W-scope,600,0.3,0.7,0.25,1,1713807171,M1,689752ec2d69,0.6525,0.8097,0.6098,0.282,0.1148,0.4295,0.3116,,0.3629,305,0,248
W-scope,600,0.3,0.7,0.25,1,1713807171,M2,689752ec2d69,0.6525,0.8097,0.6525,0.3082,0.0,0.3148,0.2187,,0.3629,305,0,248
W-scope,600,0.3,0.7,0.25,1,1713807171,M1+pausa,689752ec2d69,0.6525,0.8097,0.6098,0.282,0.1148,0.4295,0.3116,,0.3629,305,0,248
W-scope,600,0.3,0.7,0.25,2,1292618880,M0,689752ec2d69,0.6772,0.8664,0.0772,0.0175,0.0772,0.3228,0.1538,,1.0,285,0,241
W-scope,600,0.3,0.7,0.25,2,1292618880,M1,689752ec2d69,0.6772,0.8664,0.6491,0.3649,0.0772,0.3228,0.2682,,0.2905,285,0,241
W-scope,600,0.3,0.7,0.25,2,1292618880,M2,689752ec2d69,0.6772,0.8664,0.6772,0.3789,0.0,0.2456,0.2058,,0.2905,285,0,241
W-scope,600,0.3,0.7,0.25,2,1292618880,M1+pausa,689752ec2d69,0.6772,0.8664,0.6491,0.3649,0.0772,0.3228,0.2682,,0.2905,285,0,241
W-scope,600,0.3,0.7,0.25,3,1410399681,M0,689752ec2d69,0.6316,0.8564,0.0822,0.0,0.0954,0.4079,0.1556,,1.0,304,0,256
W-scope,600,0.3,0.7,0.25,3,1410399681,M1,689752ec2d69,0.6316,0.8564,0.6086,0.3092,0.0954,0.4079,0.3179,,0.3672,304,0,256
W-scope,600,0.3,0.7,0.25,3,1410399681,M2,689752ec2d69,0.6316,0.8564,0.6316,0.3224,0.0,0.3125,0.2407,,0.3672,304,0,256
W-scope,600,0.3,0.7,0.25,3,1410399681,M1+pausa,689752ec2d69,0.6316,0.8564,0.6086,0.3092,0.0954,0.4079,0.3179,,0.3672,304,0,256
W-scope,600,0.3,0.7,0.25,4,458320646,M0,689752ec2d69,0.6376,0.8631,0.0767,0.0105,0.0801,0.3763,0.0667,,1.0,287,0,253
W-scope,600,0.3,0.7,0.25,4,458320646,M1,689752ec2d69,0.6376,0.8631,0.6272,0.331,0.0801,0.3763,0.2915,,0.3518,287,0,253
W-scope,600,0.3,0.7,0.25,4,458320646,M2,689752ec2d69,0.6376,0.8631,0.6376,0.3345,0.0,0.2962,0.2267,,0.3518,287,0,253
W-scope,600,0.3,0.7,0.25,4,458320646,M1+pausa,689752ec2d69,0.6376,0.8631,0.6272,0.331,0.0801,0.3763,0.2915,,0.3518,287,0,253
W-scope,600,0.3,0.7,0.25,5,38427207,M0,689752ec2d69,0.631,0.8197,0.0923,0.0111,0.0812,0.3985,0.1105,,1.0,271,0,221
W-scope,600,0.3,0.7,0.25,5,38427207,M1,689752ec2d69,0.631,0.8197,0.6015,0.3173,0.0812,0.3985,0.317,,0.3575,271,0,221
W-scope,600,0.3,0.7,0.25,5,38427207,M2,689752ec2d69,0.631,0.8197,0.631,0.3358,0.0,0.3173,0.2513,,0.3575,271,0,221
W-scope,600,0.3,0.7,0.25,5,38427207,M1+pausa,689752ec2d69,0.631,0.8197,0.6015,0.3173,0.0812,0.3985,0.317,,0.3575,271,0,221
W-scope,600,0.3,0.7,0.25,6,694618500,M0,689752ec2d69,0.6758,0.803,0.099,0.0,0.1058,0.4232,0.1506,,1.0,293,0,244
W-scope,600,0.3,0.7,0.25,6,694618500,M1,689752ec2d69,0.6758,0.803,0.6416,0.3208,0.1058,0.4232,0.2967,,0.3484,293,0,244
W-scope,600,0.3,0.7,0.25,6,694618500,M2,689752ec2d69,0.6758,0.803,0.6758,0.3447,0.0,0.3174,0.211,,0.3484,293,0,244
W-scope,600,0.3,0.7,0.25,6,694618500,M1+pausa,689752ec2d69,0.6758,0.803,0.6416,0.3208,0.1058,0.4232,0.2967,,0.3484,293,0,244
W-scope,600,0.3,0.7,0.25,7,813447365,M0,689752ec2d69,0.5771,0.818,0.1146,0.0277,0.1304,0.4625,0.1314,,1.0,253,0,201
W-scope,600,0.3,0.7,0.25,7,813447365,M1,689752ec2d69,0.5771,0.818,0.5415,0.253,0.1304,0.4625,0.3547,,0.4279,253,0,201
W-scope,600,0.3,0.7,0.25,7,813447365,M2,689752ec2d69,0.5771,0.818,0.5771,0.2767,0.0,0.332,0.2491,,0.4279,253,0,201
W-scope,600,0.3,0.7,0.25,7,813447365,M1+pausa,689752ec2d69,0.5771,0.818,0.5415,0.253,0.1304,0.4625,0.3547,,0.4279,253,0,201
W-scope,600,0.3,0.7,0.25,8,937698314,M0,689752ec2d69,0.5963,0.7846,0.1118,0.0031,0.1366,0.4627,0.1371,,1.0,322,0,255
W-scope,600,0.3,0.7,0.25,8,937698314,M1,689752ec2d69,0.5963,0.7846,0.5621,0.264,0.1366,0.4627,0.3504,,0.4157,322,0,255
W-scope,600,0.3,0.7,0.25,8,937698314,M2,689752ec2d69,0.5963,0.7846,0.5963,0.2888,0.0,0.3261,0.2397,,0.4157,322,0,255
W-scope,600,0.3,0.7,0.25,8,937698314,M1+pausa,689752ec2d69,0.5963,0.7846,0.5621,0.264,0.1366,0.4627,0.3504,,0.4157,322,0,255
W-scope,600,0.3,0.7,0.25,9,788469067,M0,689752ec2d69,0.6105,0.8331,0.0877,0.007,0.1018,0.4316,0.3676,,1.0,285,0,241
W-scope,600,0.3,0.7,0.25,9,788469067,M1,689752ec2d69,0.6105,0.8331,0.5895,0.3053,0.1018,0.4316,0.33,,0.3942,285,0,241
W-scope,600,0.3,0.7,0.25,9,788469067,M2,689752ec2d69,0.6105,0.8331,0.6105,0.3158,0.0,0.3298,0.2476,,0.3942,285,0,241
W-scope,600,0.3,0.7,0.25,9,788469067,M1+pausa,689752ec2d69,0.6105,0.8331,0.5895,0.3053,0.1018,0.4316,0.33,,0.3942,285,0,241
W-scope,600,0.3,0.7,0.25,10,1677977676,M0,689752ec2d69,0.6419,0.9032,0.0387,0.0,0.0871,0.3774,0.1327,,1.0,310,0,286
W-scope,600,0.3,0.7,0.25,10,1677977676,M1,689752ec2d69,0.6419,0.9032,0.629,0.3452,0.0871,0.3774,0.3042,,0.3566,310,0,286
W-scope,600,0.3,0.7,0.25,10,1677977676,M2,689752ec2d69,0.6419,0.9032,0.6419,0.3516,0.0,0.2903,0.2337,,0.3566,310,0,286
W-scope,600,0.3,0.7,0.25,10,1677977676,M1+pausa,689752ec2d69,0.6419,0.9032,0.629,0.3452,0.0871,0.3774,0.3042,,0.3566,310,0,286
W-scope,600,0.3,0.7,0.25,11,2098780429,M0,689752ec2d69,0.6265,0.828,0.1111,0.0123,0.1049,0.429,0.1423,,1.0,324,0,266
W-scope,600,0.3,0.7,0.25,11,2098780429,M1,689752ec2d69,0.6265,0.828,0.5957,0.287,0.1049,0.429,0.3162,,0.3835,324,0,266
W-scope,600,0.3,0.7,0.25,11,2098780429,M2,689752ec2d69,0.6265,0.828,0.6265,0.3056,0.0,0.3272,0.2312,,0.3835,324,0,266
W-scope,600,0.3,0.7,0.25,11,2098780429,M1+pausa,689752ec2d69,0.6265,0.828,0.5957,0.287,0.1049,0.429,0.3162,,0.3835,324,0,266
W-scope,600,0.3,0.7,0.25,12,1446349518,M0,689752ec2d69,0.6146,0.7997,0.1083,0.0127,0.1115,0.4395,0.1355,,1.0,314,0,249
W-scope,600,0.3,0.7,0.25,12,1446349518,M1,689752ec2d69,0.6146,0.7997,0.5764,0.293,0.1115,0.4395,0.3361,,0.3896,314,0,249
W-scope,600,0.3,0.7,0.25,12,1446349518,M2,689752ec2d69,0.6146,0.7997,0.6146,0.3121,0.0,0.328,0.2459,,0.3896,314,0,249
W-scope,600,0.3,0.7,0.25,12,1446349518,M1+pausa,689752ec2d69,0.6146,0.7997,0.5764,0.293,0.1115,0.4395,0.3361,,0.3896,314,0,249
W-scope,600,0.3,0.7,0.25,13,1328462735,M0,689752ec2d69,0.6013,0.8514,0.0797,0.0133,0.1063,0.3887,0.1503,,1.0,301,0,254
W-scope,600,0.3,0.7,0.25,13,1328462735,M1,689752ec2d69,0.6013,0.8514,0.588,0.3355,0.1063,0.3887,0.3236,,0.374,301,0,254
W-scope,600,0.3,0.7,0.25,13,1328462735,M2,689752ec2d69,0.6013,0.8514,0.6013,0.3422,0.0,0.2824,0.2376,,0.374,301,0,254
W-scope,600,0.3,0.7,0.25,13,1328462735,M1+pausa,689752ec2d69,0.6013,0.8514,0.588,0.3355,0.1063,0.3887,0.3236,,0.374,301,0,254
W-scope,600,0.3,0.7,0.25,14,7286088,M0,689752ec2d69,0.6308,0.808,0.1147,0.0108,0.0896,0.4086,0.158,,1.0,279,0,217
W-scope,600,0.3,0.7,0.25,14,7286088,M1,689752ec2d69,0.6308,0.808,0.5986,0.2975,0.0896,0.4086,0.3197,,0.3594,279,0,217
W-scope,600,0.3,0.7,0.25,14,7286088,M2,689752ec2d69,0.6308,0.808,0.6308,0.3226,0.0,0.319,0.2471,,0.3594,279,0,217
W-scope,600,0.3,0.7,0.25,14,7286088,M1+pausa,689752ec2d69,0.6308,0.808,0.5986,0.2975,0.0896,0.4086,0.3197,,0.3594,279,0,217
W-scope,600,0.3,0.7,0.25,15,427039753,M0,689752ec2d69,0.6076,0.808,0.0918,0.0095,0.0981,0.4304,0.1665,,1.0,316,0,257
W-scope,600,0.3,0.7,0.25,15,427039753,M1,689752ec2d69,0.6076,0.808,0.5696,0.2753,0.0981,0.4304,0.3416,,0.393,316,0,257
W-scope,600,0.3,0.7,0.25,15,427039753,M2,689752ec2d69,0.6076,0.808,0.6076,0.2975,0.0,0.3354,0.2622,,0.393,316,0,257
W-scope,600,0.3,0.7,0.25,15,427039753,M1+pausa,689752ec2d69,0.6076,0.808,0.5696,0.2753,0.0981,0.4304,0.3416,,0.393,316,0,257
W-scope,600,0.3,0.7,0.25,16,844713930,M0,689752ec2d69,0.5764,0.813,0.0799,0.0035,0.1285,0.4201,0.2625,,1.0,288,0,238
W-scope,600,0.3,0.7,0.25,16,844713930,M1,689752ec2d69,0.5764,0.813,0.5556,0.2986,0.1285,0.4201,0.3544,,0.4076,288,0,238
W-scope,600,0.3,0.7,0.25,16,844713930,M2,689752ec2d69,0.5764,0.813,0.5764,0.3125,0.0,0.2917,0.2504,,0.4076,288,0,238
W-scope,600,0.3,0.7,0.25,16,844713930,M1+pausa,689752ec2d69,0.5764,0.813,0.5556,0.2986,0.1285,0.4201,0.3544,,0.4076,288,0,238
W-scope,600,0.3,0.7,0.25,17,725778059,M0,689752ec2d69,0.594,0.8514,0.0865,0.0113,0.109,0.4323,0.1245,,1.0,266,0,227
W-scope,600,0.3,0.7,0.25,17,725778059,M1,689752ec2d69,0.594,0.8514,0.5827,0.2669,0.109,0.4323,0.3348,,0.4053,266,0,227
W-scope,600,0.3,0.7,0.25,17,725778059,M2,689752ec2d69,0.594,0.8514,0.594,0.2744,0.0,0.3233,0.2465,,0.4053,266,0,227
W-scope,600,0.3,0.7,0.25,17,725778059,M1+pausa,689752ec2d69,0.594,0.8514,0.5827,0.2669,0.109,0.4323,0.3348,,0.4053,266,0,227
W-scope,600,0.3,0.7,0.25,18,752509508,M0,689752ec2d69,0.6314,0.7997,0.099,0.0102,0.1297,0.43,0.1456,,1.0,293,0,233
W-scope,600,0.3,0.7,0.25,18,752509508,M1,689752ec2d69,0.6314,0.7997,0.5836,0.2969,0.1297,0.43,0.3322,,0.3734,293,0,233
W-scope,600,0.3,0.7,0.25,18,752509508,M2,689752ec2d69,0.6314,0.7997,0.6314,0.314,0.0,0.3003,0.2272,,0.3734,293,0,233
W-scope,600,0.3,0.7,0.25,18,752509508,M1+pausa,689752ec2d69,0.6314,0.7997,0.5836,0.2969,0.1297,0.43,0.3322,,0.3734,293,0,233
W-scope,600,0.3,0.7,0.25,19,901862149,M0,689752ec2d69,0.6481,0.8314,0.0976,0.0105,0.1185,0.4216,0.141,,1.0,287,0,236
W-scope,600,0.3,0.7,0.25,19,901862149,M1,689752ec2d69,0.6481,0.8314,0.6063,0.2578,0.1185,0.4216,0.3138,,0.3644,287,0,236
W-scope,600,0.3,0.7,0.25,19,901862149,M2,689752ec2d69,0.6481,0.8314,0.6481,0.2857,0.0,0.3031,0.2179,,0.3644,287,0,236
W-scope,600,0.3,0.7,0.25,19,901862149,M1+pausa,689752ec2d69,0.6481,0.8314,0.6063,0.2578,0.1185,0.4216,0.3138,,0.3644,287,0,236
W-pause,300,0.05,1.0,0.05,0,901000311,M0,689752ec2d69,1.0,0.7391,0.214,0.0334,0.0468,0.5017,0.3916,1.0,1.0,299,221,245
W-pause,300,0.05,1.0,0.05,0,901000311,M1,689752ec2d69,1.0,0.7391,0.214,0.0334,0.0468,0.5017,0.6388,1.0,1.0,299,221,245
W-pause,300,0.05,1.0,0.05,0,901000311,M2,689752ec2d69,1.0,0.7391,1.0,0.0769,0.0,0.1104,0.0025,0.0,0.2367,299,221,245
W-pause,300,0.05,1.0,0.05,0,901000311,M1+pausa,689752ec2d69,1.0,0.7391,0.9532,0.0334,0.0468,0.1438,0.0404,0.0,0.2367,299,221,245
W-pause,300,0.05,1.0,0.05,1,749673782,M0,689752ec2d69,1.0,0.8094,0.1706,0.0134,0.0201,0.5719,0.4586,1.0,1.0,299,242,231
W-pause,300,0.05,1.0,0.05,1,749673782,M1,689752ec2d69,1.0,0.8094,0.1706,0.0134,0.0201,0.5719,0.6735,1.0,1.0,299,242,231
W-pause,300,0.05,1.0,0.05,1,749673782,M2,689752ec2d69,1.0,0.8094,1.0,0.0334,0.0,0.1137,0.002,0.0,0.1732,299,242,231
W-pause,300,0.05,1.0,0.05,1,749673782,M1+pausa,689752ec2d69,1.0,0.8094,0.9799,0.0134,0.0201,0.1237,0.0183,0.0,0.1732,299,242,231
W-pause,300,0.05,1.0,0.05,2,125980405,M0,689752ec2d69,1.0,0.7759,0.1773,0.01,0.0468,0.5318,0.42,1.0,1.0,299,232,232
W-pause,300,0.05,1.0,0.05,2,125980405,M1,689752ec2d69,1.0,0.7759,0.1773,0.01,0.0468,0.5318,0.6682,1.0,1.0,299,232,232
W-pause,300,0.05,1.0,0.05,2,125980405,M2,689752ec2d69,1.0,0.7759,1.0,0.0535,0.0,0.1137,0.0021,0.0,0.2241,299,232,232
W-pause,300,0.05,1.0,0.05,2,125980405,M1+pausa,689752ec2d69,1.0,0.7759,0.9532,0.01,0.0468,0.1438,0.04,0.0,0.2241,299,232,232
W-pause,300,0.05,1.0,0.05,3,513376180,M0,689752ec2d69,1.0,0.7291,0.2341,0.0334,0.0368,0.5819,0.3788,1.0,1.0,299,218,242
W-pause,300,0.05,1.0,0.05,3,513376180,M1,689752ec2d69,1.0,0.7291,0.2341,0.0334,0.0368,0.5819,0.6227,1.0,1.0,299,218,242
W-pause,300,0.05,1.0,0.05,3,513376180,M2,689752ec2d69,1.0,0.7291,1.0,0.0569,0.0,0.1572,0.0026,0.0,0.2107,299,218,242
W-pause,300,0.05,1.0,0.05,3,513376180,M1+pausa,689752ec2d69,1.0,0.7291,0.9632,0.0334,0.0368,0.1906,0.0324,0.0,0.2107,299,218,242
W-pause,300,0.05,1.0,0.05,4,1373170035,M0,689752ec2d69,1.0,0.7391,0.1873,0.01,0.0736,0.4615,0.2836,1.0,1.0,299,221,265
W-pause,300,0.05,1.0,0.05,4,1373170035,M1,689752ec2d69,1.0,0.7391,0.1873,0.01,0.0736,0.4615,0.6602,1.0,1.0,299,221,265
W-pause,300,0.05,1.0,0.05,4,1373170035,M2,689752ec2d69,1.0,0.7391,1.0,0.0803,0.0,0.0535,0.0022,0.0,0.2604,299,221,265
W-pause,300,0.05,1.0,0.05,4,1373170035,M1+pausa,689752ec2d69,1.0,0.7391,0.9264,0.01,0.0736,0.0903,0.0618,0.0,0.2604,299,221,265
W-pause,300,0.05,1.0,0.05,5,1220794418,M0,689752ec2d69,1.0,0.8227,0.1338,0.0167,0.0435,0.2943,0.4638,1.0,1.0,299,246,249
W-pause,300,0.05,1.0,0.05,5,1220794418,M1,689752ec2d69,1.0,0.8227,0.1338,0.0167,0.0435,0.2943,0.703,1.0,1.0,299,246,249
W-pause,300,0.05,1.0,0.05,5,1220794418,M2,689752ec2d69,1.0,0.8227,1.0,0.0502,0.0,0.0602,0.0017,0.0,0.1205,299,246,249
W-pause,300,0.05,1.0,0.05,5,1220794418,M1+pausa,689752ec2d69,1.0,0.8227,0.9565,0.0167,0.0435,0.0803,0.0369,0.0,0.1205,299,246,249
W-pause,300,0.05,1.0,0.05,6,1676577777,M0,689752ec2d69,1.0,0.8997,0.0836,0.0134,0.0167,0.4548,0.5353,1.0,1.0,299,269,259
W-pause,300,0.05,1.0,0.05,6,1676577777,M1,689752ec2d69,1.0,0.8997,0.0836,0.0134,0.0167,0.4548,0.7431,1.0,1.0,299,269,259
W-pause,300,0.05,1.0,0.05,6,1676577777,M2,689752ec2d69,1.0,0.8997,1.0,0.0301,0.0,0.0635,0.0012,0.0,0.0888,299,269,259
W-pause,300,0.05,1.0,0.05,6,1676577777,M1+pausa,689752ec2d69,1.0,0.8997,0.9833,0.0134,0.0167,0.0769,0.0147,0.0,0.0888,299,269,259
W-pause,300,0.05,1.0,0.05,7,2062924464,M0,689752ec2d69,1.0,0.7926,0.1304,0.0134,0.0769,0.3311,0.5385,1.0,1.0,299,237,246
W-pause,300,0.05,1.0,0.05,7,2062924464,M1,689752ec2d69,1.0,0.7926,0.1304,0.0134,0.0769,0.3311,0.7057,1.0,1.0,299,237,246
W-pause,300,0.05,1.0,0.05,7,2062924464,M2,689752ec2d69,1.0,0.7926,1.0,0.0836,0.0,0.0334,0.0017,0.0,0.1504,299,237,246
W-pause,300,0.05,1.0,0.05,7,2062924464,M1+pausa,689752ec2d69,1.0,0.7926,0.9231,0.0134,0.0769,0.0702,0.0639,0.0,0.1504,299,237,246
W-pause,300,0.05,1.0,0.05,8,2104338047,M0,689752ec2d69,1.0,0.8194,0.1405,0.01,0.0401,0.5251,0.1049,1.0,1.0,299,245,247
W-pause,300,0.05,1.0,0.05,8,2104338047,M1,689752ec2d69,1.0,0.8194,0.1405,0.01,0.0401,0.5251,0.6976,1.0,1.0,299,245,247
W-pause,300,0.05,1.0,0.05,8,2104338047,M2,689752ec2d69,1.0,0.8194,1.0,0.0468,0.0,0.0635,0.0017,0.0,0.1579,299,245,247
W-pause,300,0.05,1.0,0.05,8,2104338047,M1+pausa,689752ec2d69,1.0,0.8194,0.9599,0.01,0.0401,0.0903,0.0342,0.0,0.1579,299,245,247
W-pause,300,0.05,1.0,0.05,9,1685493566,M0,689752ec2d69,1.0,0.709,0.2241,0.0268,0.0669,0.4147,0.2264,1.0,1.0,299,212,263
W-pause,300,0.05,1.0,0.05,9,1685493566,M1,689752ec2d69,1.0,0.709,0.2241,0.0268,0.0669,0.4147,0.6307,1.0,1.0,299,212,263
W-pause,300,0.05,1.0,0.05,9,1685493566,M2,689752ec2d69,1.0,0.709,1.0,0.0936,0.0,0.1171,0.0026,0.0,0.2167,299,212,263
W-pause,300,0.05,1.0,0.05,9,1685493566,M1+pausa,689752ec2d69,1.0,0.709,0.9331,0.0268,0.0669,0.1538,0.0567,0.0,0.2167,299,212,263
W-pause,300,0.05,1.0,0.05,10,1151788157,M0,689752ec2d69,1.0,0.7291,0.1973,0.0167,0.0736,0.4181,0.5414,1.0,1.0,299,218,243
W-pause,300,0.05,1.0,0.05,10,1151788157,M1,689752ec2d69,1.0,0.7291,0.1973,0.0167,0.0736,0.4181,0.6521,1.0,1.0,299,218,243
W-pause,300,0.05,1.0,0.05,10,1151788157,M2,689752ec2d69,1.0,0.7291,1.0,0.0836,0.0,0.0769,0.0023,0.0,0.2593,299,218,243
W-pause,300,0.05,1.0,0.05,10,1151788157,M1+pausa,689752ec2d69,1.0,0.7291,0.9264,0.0167,0.0736,0.1171,0.0619,0.0,0.2593,299,218,243
W-pause,300,0.05,1.0,0.05,11,1572721980,M0,689752ec2d69,1.0,0.8495,0.1271,0.0234,0.0234,0.4916,0.8021,1.0,1.0,299,254,242
W-pause,300,0.05,1.0,0.05,11,1572721980,M1,689752ec2d69,1.0,0.8495,0.1271,0.0234,0.0234,0.4916,0.7083,1.0,1.0,299,254,242
W-pause,300,0.05,1.0,0.05,11,1572721980,M2,689752ec2d69,1.0,0.8495,1.0,0.0435,0.0,0.0502,0.0016,0.0,0.1405,299,254,242
W-pause,300,0.05,1.0,0.05,11,1572721980,M1+pausa,689752ec2d69,1.0,0.8495,0.9766,0.0234,0.0234,0.0669,0.0206,0.0,0.1405,299,254,242
W-pause,300,0.05,1.0,0.05,12,1989183231,M0,689752ec2d69,1.0,0.7826,0.1739,0.0201,0.0435,0.5686,0.5811,1.0,1.0,299,234,243
W-pause,300,0.05,1.0,0.05,12,1989183231,M1,689752ec2d69,1.0,0.7826,0.1739,0.0201,0.0435,0.5686,0.6709,1.0,1.0,299,234,243
W-pause,300,0.05,1.0,0.05,12,1989183231,M2,689752ec2d69,1.0,0.7826,1.0,0.0602,0.0,0.0903,0.0021,0.0,0.1975,299,234,243
W-pause,300,0.05,1.0,0.05,12,1989183231,M1+pausa,689752ec2d69,1.0,0.7826,0.9565,0.0201,0.0435,0.1204,0.0373,0.0,0.1975,299,234,243
W-pause,300,0.05,1.0,0.05,13,1871427518,M0,689752ec2d69,1.0,0.8294,0.107,0.0167,0.0635,0.4448,0.4955,1.0,1.0,299,248,244
W-pause,300,0.05,1.0,0.05,13,1871427518,M1,689752ec2d69,1.0,0.8294,0.107,0.0167,0.0635,0.4448,0.7244,1.0,1.0,299,248,244
W-pause,300,0.05,1.0,0.05,13,1871427518,M2,689752ec2d69,1.0,0.8294,1.0,0.0769,0.0,0.087,0.0014,0.0,0.0861,299,248,244
W-pause,300,0.05,1.0,0.05,13,1871427518,M1+pausa,689752ec2d69,1.0,0.8294,0.9365,0.0167,0.0635,0.1505,0.0529,0.0,0.0861,299,248,244
W-pause,300,0.05,1.0,0.05,14,550117753,M0,689752ec2d69,1.0,0.8027,0.1438,0.0067,0.0535,0.398,0.5345,1.0,1.0,299,240,253
W-pause,300,0.05,1.0,0.05,14,550117753,M1,689752ec2d69,1.0,0.8027,0.1438,0.0067,0.0535,0.398,0.6949,1.0,1.0,299,240,253
W-pause,300,0.05,1.0,0.05,14,550117753,M2,689752ec2d69,1.0,0.8027,1.0,0.0502,0.0,0.1137,0.0018,0.0,0.1225,299,240,253
W-pause,300,0.05,1.0,0.05,14,550117753,M1+pausa,689752ec2d69,1.0,0.8027,0.9465,0.0067,0.0535,0.1572,0.0451,0.0,0.1225,299,240,253
W-pause,300,0.05,1.0,0.05,15,970002488,M0,689752ec2d69,1.0,0.8294,0.1237,0.0067,0.0468,0.3177,0.6969,1.0,1.0,299,248,249
W-pause,300,0.05,1.0,0.05,15,970002488,M1,689752ec2d69,1.0,0.8294,0.1237,0.0067,0.0468,0.3177,0.711,1.0,1.0,299,248,249
W-pause,300,0.05,1.0,0.05,15,970002488,M2,689752ec2d69,1.0,0.8294,1.0,0.0502,0.0,0.0769,0.0016,0.0,0.0763,299,248,249
W-pause,300,0.05,1.0,0.05,15,970002488,M1+pausa,689752ec2d69,1.0,0.8294,0.9532,0.0067,0.0468,0.1037,0.0395,0.0,0.0763,299,248,249
W-pause,300,0.05,1.0,0.05,16,318522363,M0,689752ec2d69,1.0,0.7458,0.2107,0.0334,0.0435,0.5886,0.1321,1.0,1.0,299,223,241
W-pause,300,0.05,1.0,0.05,16,318522363,M1,689752ec2d69,1.0,0.7458,0.2107,0.0334,0.0435,0.5886,0.6414,1.0,1.0,299,223,241
W-pause,300,0.05,1.0,0.05,16,318522363,M2,689752ec2d69,1.0,0.7458,1.0,0.0769,0.0,0.0936,0.0024,0.0,0.249,299,223,241
W-pause,300,0.05,1.0,0.05,16,318522363,M1+pausa,689752ec2d69,1.0,0.7458,0.9565,0.0334,0.0435,0.1204,0.0376,0.0,0.249,299,223,241
W-pause,300,0.05,1.0,0.05,17,199717562,M0,689752ec2d69,1.0,0.7358,0.2074,0.0201,0.0569,0.5786,0.4883,1.0,1.0,299,220,236
W-pause,300,0.05,1.0,0.05,17,199717562,M1,689752ec2d69,1.0,0.7358,0.2074,0.0201,0.0569,0.5786,0.6441,1.0,1.0,299,220,236
W-pause,300,0.05,1.0,0.05,17,199717562,M2,689752ec2d69,1.0,0.7358,1.0,0.0702,0.0,0.1371,0.0024,0.0,0.2712,299,220,236
W-pause,300,0.05,1.0,0.05,17,199717562,M1+pausa,689752ec2d69,1.0,0.7358,0.9431,0.0201,0.0569,0.1839,0.0484,0.0,0.2712,299,220,236
W-pause,300,0.05,1.0,0.05,18,209677941,M0,689752ec2d69,1.0,0.7659,0.1706,0.0134,0.0635,0.4415,0.5097,1.0,1.0,299,229,267
W-pause,300,0.05,1.0,0.05,18,209677941,M1,689752ec2d69,1.0,0.7659,0.1706,0.0134,0.0635,0.4415,0.6735,1.0,1.0,299,229,267
W-pause,300,0.05,1.0,0.05,18,209677941,M2,689752ec2d69,1.0,0.7659,1.0,0.0602,0.0,0.1003,0.002,0.0,0.1835,299,229,267
W-pause,300,0.05,1.0,0.05,18,209677941,M1+pausa,689752ec2d69,1.0,0.7659,0.9365,0.0134,0.0635,0.1405,0.0535,0.0,0.1835,299,229,267
W-pause,300,0.05,1.0,0.05,19,358899508,M0,689752ec2d69,1.0,0.8395,0.1137,0.0201,0.0468,0.3545,0.522,1.0,1.0,299,251,262
W-pause,300,0.05,1.0,0.05,19,358899508,M1,689752ec2d69,1.0,0.8395,0.1137,0.0201,0.0468,0.3545,0.719,1.0,1.0,299,251,262
W-pause,300,0.05,1.0,0.05,19,358899508,M2,689752ec2d69,1.0,0.8395,1.0,0.0635,0.0,0.0468,0.0015,0.0,0.084,299,251,262
W-pause,300,0.05,1.0,0.05,19,358899508,M1+pausa,689752ec2d69,1.0,0.8395,0.9532,0.0201,0.0468,0.0702,0.0394,0.0,0.084,299,251,262
W-pause,300,0.05,1.0,0.25,0,2021428604,M0,689752ec2d69,1.0,0.786,0.194,0.0435,0.0201,0.8094,0.1486,1.0,1.0,299,235,249
W-pause,300,0.05,1.0,0.25,0,2021428604,M1,689752ec2d69,1.0,0.786,0.194,0.0435,0.0201,0.8094,0.6548,1.0,1.0,299,235,249
W-pause,300,0.05,1.0,0.25,0,2021428604,M2,689752ec2d69,1.0,0.786,1.0,0.0535,0.0,0.1204,0.0023,0.0,0.1526,299,235,249
W-pause,300,0.05,1.0,0.25,0,2021428604,M1+pausa,689752ec2d69,1.0,0.786,0.9799,0.0435,0.0201,0.1405,0.0185,0.0,0.1526,299,235,249
W-pause,300,0.05,1.0,0.25,1,1634188349,M0,689752ec2d69,1.0,0.8495,0.1237,0.0334,0.0268,0.7659,0.675,1.0,1.0,299,254,247
W-pause,300,0.05,1.0,0.25,1,1634188349,M1,689752ec2d69,1.0,0.8495,0.1237,0.0334,0.0268,0.7659,0.711,1.0,1.0,299,254,247
W-pause,300,0.05,1.0,0.25,1,1634188349,M2,689752ec2d69,1.0,0.8495,1.0,0.0502,0.0,0.0702,0.0016,0.0,0.1377,299,254,247
W-pause,300,0.05,1.0,0.25,1,1634188349,M1+pausa,689752ec2d69,1.0,0.8495,0.9732,0.0334,0.0268,0.097,0.0232,0.0,0.1377,299,254,247
W-pause,300,0.05,1.0,0.25,2,1246425086,M0,689752ec2d69,1.0,0.8261,0.1572,0.0435,0.0167,0.8261,0.4959,1.0,1.0,299,247,253
W-pause,300,0.05,1.0,0.25,2,1246425086,M1,689752ec2d69,1.0,0.8261,0.1572,0.0435,0.0167,0.8261,0.6842,1.0,1.0,299,247,253
W-pause,300,0.05,1.0,0.25,2,1246425086,M2,689752ec2d69,1.0,0.8261,1.0,0.0502,0.0,0.1003,0.0019,0.0,0.1304,299,247,253
W-pause,300,0.05,1.0,0.25,2,1246425086,M1+pausa,689752ec2d69,1.0,0.8261,0.9833,0.0435,0.0167,0.1171,0.0154,0.0,0.1304,299,247,253
W-pause,300,0.05,1.0,0.25,3,1397874367,M0,689752ec2d69,1.0,0.7324,0.2241,0.0468,0.0435,0.7759,0.2971,1.0,1.0,299,219,248
W-pause,300,0.05,1.0,0.25,3,1397874367,M1,689752ec2d69,1.0,0.7324,0.2241,0.0468,0.0435,0.7759,0.6307,1.0,1.0,299,219,248
W-pause,300,0.05,1.0,0.25,3,1397874367,M2,689752ec2d69,1.0,0.7324,1.0,0.0769,0.0,0.1137,0.0026,0.0,0.2661,299,219,248
W-pause,300,0.05,1.0,0.25,3,1397874367,M1+pausa,689752ec2d69,1.0,0.7324,0.9565,0.0468,0.0435,0.1572,0.0378,0.0,0.2661,299,219,248
W-pause,300,0.05,1.0,0.25,4,470829176,M0,689752ec2d69,1.0,0.786,0.1873,0.0368,0.0268,0.8395,0.4828,1.0,1.0,299,235,253
W-pause,300,0.05,1.0,0.25,4,470829176,M1,689752ec2d69,1.0,0.786,0.1873,0.0368,0.0268,0.8395,0.6602,1.0,1.0,299,235,253
W-pause,300,0.05,1.0,0.25,4,470829176,M2,689752ec2d69,1.0,0.786,1.0,0.0569,0.0,0.1137,0.0022,0.0,0.166,299,235,253
W-pause,300,0.05,1.0,0.25,4,470829176,M1+pausa,689752ec2d69,1.0,0.786,0.9732,0.0368,0.0268,0.1405,0.0239,0.0,0.166,299,235,253
W-pause,300,0.05,1.0,0.25,5,84638009,M0,689752ec2d69,1.0,0.7559,0.214,0.0502,0.0301,0.796,0.6416,1.0,1.0,299,226,239
W-pause,300,0.05,1.0,0.25,5,84638009,M1,689752ec2d69,1.0,0.7559,0.214,0.0502,0.0301,0.796,0.6388,1.0,1.0,299,226,239
W-pause,300,0.05,1.0,0.25,5,84638009,M2,689752ec2d69,1.0,0.7559,1.0,0.0702,0.0,0.1137,0.0025,0.0,0.2343,299,226,239
W-pause,300,0.05,1.0,0.25,5,84638009,M1+pausa,689752ec2d69,1.0,0.7559,0.9699,0.0502,0.0301,0.1438,0.0268,0.0,0.2343,299,226,239
W-pause,300,0.05,1.0,0.25,6,774253306,M0,689752ec2d69,1.0,0.8495,0.1271,0.0301,0.0234,0.7793,0.6085,1.0,1.0,299,254,240
W-pause,300,0.05,1.0,0.25,6,774253306,M1,689752ec2d69,1.0,0.8495,0.1271,0.0301,0.0234,0.7793,0.7083,1.0,1.0,299,254,240
W-pause,300,0.05,1.0,0.25,6,774253306,M2,689752ec2d69,1.0,0.8495,1.0,0.0468,0.0,0.0635,0.0016,0.0,0.0958,299,254,240
W-pause,300,0.05,1.0,0.25,6,774253306,M1+pausa,689752ec2d69,1.0,0.8495,0.9766,0.0301,0.0234,0.087,0.0206,0.0,0.0958,299,254,240
W-pause,300,0.05,1.0,0.25,7,926751675,M0,689752ec2d69,1.0,0.8528,0.1171,0.0167,0.0301,0.8194,0.6117,1.0,1.0,299,255,255
W-pause,300,0.05,1.0,0.25,7,926751675,M1,689752ec2d69,1.0,0.8528,0.1171,0.0167,0.0301,0.8194,0.7164,1.0,1.0,299,255,255
W-pause,300,0.05,1.0,0.25,7,926751675,M2,689752ec2d69,1.0,0.8528,1.0,0.0334,0.0,0.0736,0.0015,0.0,0.0667,299,255,255
W-pause,300,0.05,1.0,0.25,7,926751675,M1+pausa,689752ec2d69,1.0,0.8528,0.9699,0.0167,0.0301,0.1037,0.0259,0.0,0.0667,299,255,255
W-pause,300,0.05,1.0,0.25,8,816121716,M0,689752ec2d69,1.0,0.7425,0.2274,0.0502,0.0301,0.7458,0.5267,1.0,1.0,299,222,257
W-pause,300,0.05,1.0,0.25,8,816121716,M1,689752ec2d69,1.0,0.7425,0.2274,0.0502,0.0301,0.7458,0.6281,1.0,1.0,299,222,257
W-pause,300,0.05,1.0,0.25,8,816121716,M2,689752ec2d69,1.0,0.7425,1.0,0.0635,0.0,0.1304,0.0026,0.0,0.2257,299,222,257
W-pause,300,0.05,1.0,0.25,8,816121716,M1+pausa,689752ec2d69,1.0,0.7425,0.9699,0.0502,0.0301,0.1572,0.027,0.0,0.2257,299,222,257
W-pause,300,0.05,1.0,0.25,9,700331573,M0,689752ec2d69,1.0,0.7157,0.2475,0.0635,0.0368,0.7759,0.3875,1.0,1.0,299,214,257
W-pause,300,0.05,1.0,0.25,9,700331573,M1,689752ec2d69,1.0,0.7157,0.2475,0.0635,0.0368,0.7759,0.612,1.0,1.0,299,214,257
W-pause,300,0.05,1.0,0.25,9,700331573,M2,689752ec2d69,1.0,0.7157,1.0,0.087,0.0,0.1204,0.0028,0.0,0.2179,299,214,257
W-pause,300,0.05,1.0,0.25,9,700331573,M1+pausa,689752ec2d69,1.0,0.7157,0.9632,0.0635,0.0368,0.1538,0.0326,0.0,0.2179,299,214,257
W-pause,300,0.05,1.0,0.25,10,1396307284,M0,689752ec2d69,1.0,0.8027,0.1806,0.0301,0.0167,0.8161,0.6322,1.0,1.0,299,240,243
W-pause,300,0.05,1.0,0.25,10,1396307284,M1,689752ec2d69,1.0,0.8027,0.1806,0.0301,0.0167,0.8161,0.6655,1.0,1.0,299,240,243
W-pause,300,0.05,1.0,0.25,10,1396307284,M2,689752ec2d69,1.0,0.8027,1.0,0.0401,0.0,0.1171,0.0021,0.0,0.1605,299,240,243
W-pause,300,0.05,1.0,0.25,10,1396307284,M1+pausa,689752ec2d69,1.0,0.8027,0.9833,0.0301,0.0167,0.1338,0.0157,0.0,0.1605,299,240,243
W-pause,300,0.05,1.0,0.25,11,1243792405,M0,689752ec2d69,1.0,0.7692,0.194,0.0535,0.0368,0.8027,0.7467,1.0,1.0,299,230,250
W-pause,300,0.05,1.0,0.25,11,1243792405,M1,689752ec2d69,1.0,0.7692,0.194,0.0535,0.0368,0.8027,0.6548,1.0,1.0,299,230,250
W-pause,300,0.05,1.0,0.25,11,1243792405,M2,689752ec2d69,1.0,0.7692,1.0,0.0736,0.0,0.107,0.0023,0.0,0.204,299,230,250
W-pause,300,0.05,1.0,0.25,11,1243792405,M1+pausa,689752ec2d69,1.0,0.7692,0.9632,0.0535,0.0368,0.1438,0.032,0.0,0.204,299,230,250
W-pause,300,0.05,1.0,0.25,12,1628411862,M0,689752ec2d69,1.0,0.8763,0.1037,0.0301,0.0201,0.7726,0.5134,1.0,1.0,299,262,248
W-pause,300,0.05,1.0,0.25,12,1628411862,M1,689752ec2d69,1.0,0.8763,0.1037,0.0301,0.0201,0.7726,0.7271,1.0,1.0,299,262,248
W-pause,300,0.05,1.0,0.25,12,1628411862,M2,689752ec2d69,1.0,0.8763,1.0,0.0502,0.0,0.0569,0.0014,0.0,0.0927,299,262,248
W-pause,300,0.05,1.0,0.25,12,1628411862,M1+pausa,689752ec2d69,1.0,0.8763,0.9799,0.0301,0.0201,0.0769,0.0176,0.0,0.0927,299,262,248
W-pause,300,0.05,1.0,0.25,13,2014619287,M0,689752ec2d69,1.0,0.7759,0.194,0.0435,0.0301,0.7391,0.7068,1.0,1.0,299,232,254
W-pause,300,0.05,1.0,0.25,13,2014619287,M1,689752ec2d69,1.0,0.7759,0.194,0.0435,0.0301,0.7391,0.6548,1.0,1.0,299,232,254
W-pause,300,0.05,1.0,0.25,13,2014619287,M2,689752ec2d69,1.0,0.7759,1.0,0.0602,0.0,0.097,0.0023,0.0,0.126,299,232,254
W-pause,300,0.05,1.0,0.25,13,2014619287,M1+pausa,689752ec2d69,1.0,0.7759,0.9699,0.0435,0.0301,0.1271,0.0266,0.0,0.126,299,232,254
W-pause,300,0.05,1.0,0.25,14,928329808,M0,689752ec2d69,1.0,0.7893,0.1706,0.0502,0.0401,0.8428,0.5461,1.0,1.0,299,236,244
W-pause,300,0.05,1.0,0.25,14,928329808,M1,689752ec2d69,1.0,0.7893,0.1706,0.0502,0.0401,0.8428,0.6735,1.0,1.0,299,236,244
W-pause,300,0.05,1.0,0.25,14,928329808,M2,689752ec2d69,1.0,0.7893,1.0,0.0769,0.0,0.0769,0.002,0.0,0.1557,299,236,244
W-pause,300,0.05,1.0,0.25,14,928329808,M1+pausa,689752ec2d69,1.0,0.7893,0.9599,0.0502,0.0401,0.1171,0.0345,0.0,0.1557,299,236,244
W-pause,300,0.05,1.0,0.25,15,776864017,M0,689752ec2d69,1.0,0.7926,0.1773,0.0569,0.0301,0.7726,0.5463,1.0,1.0,299,237,242
W-pause,300,0.05,1.0,0.25,15,776864017,M1,689752ec2d69,1.0,0.7926,0.1773,0.0569,0.0301,0.7726,0.6682,1.0,1.0,299,237,242
W-pause,300,0.05,1.0,0.25,15,776864017,M2,689752ec2d69,1.0,0.7926,1.0,0.0702,0.0,0.0702,0.0021,0.0,0.186,299,237,242
W-pause,300,0.05,1.0,0.25,15,776864017,M1+pausa,689752ec2d69,1.0,0.7926,0.9699,0.0569,0.0301,0.1003,0.0265,0.0,0.186,299,237,242
W-pause,300,0.05,1.0,0.25,16,90395346,M0,689752ec2d69,1.0,0.7324,0.2274,0.0635,0.0401,0.8227,0.3269,1.0,1.0,299,219,241
W-pause,300,0.05,1.0,0.25,16,90395346,M1,689752ec2d69,1.0,0.7324,0.2274,0.0635,0.0401,0.8227,0.6281,1.0,1.0,299,219,241
W-pause,300,0.05,1.0,0.25,16,90395346,M2,689752ec2d69,1.0,0.7324,1.0,0.0936,0.0,0.1204,0.0026,0.0,0.2365,299,219,241
W-pause,300,0.05,1.0,0.25,16,90395346,M1+pausa,689752ec2d69,1.0,0.7324,0.9599,0.0635,0.0401,0.1605,0.0351,0.0,0.2365,299,219,241
W-pause,300,0.05,1.0,0.25,17,477651859,M0,689752ec2d69,1.0,0.7993,0.1572,0.0301,0.0435,0.7826,0.5822,1.0,1.0,299,239,244
W-pause,300,0.05,1.0,0.25,17,477651859,M1,689752ec2d69,1.0,0.7993,0.1572,0.0301,0.0435,0.7826,0.6842,1.0,1.0,299,239,244
W-pause,300,0.05,1.0,0.25,17,477651859,M2,689752ec2d69,1.0,0.7993,1.0,0.0635,0.0,0.0936,0.0019,0.0,0.2008,299,239,244
W-pause,300,0.05,1.0,0.25,17,477651859,M1+pausa,689752ec2d69,1.0,0.7993,0.9565,0.0301,0.0435,0.1338,0.0371,0.0,0.2008,299,239,244
W-pause,300,0.05,1.0,0.25,18,467697500,M0,689752ec2d69,1.0,0.8361,0.1405,0.0401,0.0234,0.7926,0.4221,1.0,1.0,299,250,253
W-pause,300,0.05,1.0,0.25,18,467697500,M1,689752ec2d69,1.0,0.8361,0.1405,0.0401,0.0234,0.7926,0.6976,1.0,1.0,299,250,253
W-pause,300,0.05,1.0,0.25,18,467697500,M2,689752ec2d69,1.0,0.8361,1.0,0.0502,0.0,0.0769,0.0017,0.0,0.1344,299,250,253
W-pause,300,0.05,1.0,0.25,18,467697500,M1+pausa,689752ec2d69,1.0,0.8361,0.9766,0.0401,0.0234,0.1003,0.0207,0.0,0.1344,299,250,253
W-pause,300,0.05,1.0,0.25,19,50023965,M0,689752ec2d69,1.0,0.7625,0.1906,0.0535,0.0468,0.806,0.6273,1.0,1.0,299,228,210
W-pause,300,0.05,1.0,0.25,19,50023965,M1,689752ec2d69,1.0,0.7625,0.1906,0.0535,0.0468,0.806,0.6575,1.0,1.0,299,228,210
W-pause,300,0.05,1.0,0.25,19,50023965,M2,689752ec2d69,1.0,0.7625,1.0,0.0903,0.0,0.0936,0.0022,0.0,0.2238,299,228,210
W-pause,300,0.05,1.0,0.25,19,50023965,M1+pausa,689752ec2d69,1.0,0.7625,0.9532,0.0535,0.0468,0.1405,0.0401,0.0,0.2238,299,228,210
W-pause,300,0.05,0.7,0.05,0,1092214897,M0,689752ec2d69,1.0,0.7926,0.1438,0.0137,0.0479,0.411,0.2826,1.0,1.0,146,118,128
W-pause,300,0.05,0.7,0.05,0,1092214897,M1,689752ec2d69,1.0,0.7926,0.1438,0.0137,0.0479,0.411,0.6949,1.0,1.0,146,118,128
W-pause,300,0.05,0.7,0.05,0,1092214897,M2,689752ec2d69,1.0,0.7926,1.0,0.0548,0.0,0.089,0.0018,0.0,0.1562,146,118,128
W-pause,300,0.05,0.7,0.05,0,1092214897,M1+pausa,689752ec2d69,1.0,0.7926,0.9521,0.0137,0.0479,0.137,0.0406,0.0,0.1562,146,118,128
W-pause,300,0.05,0.7,0.05,1,1476579632,M0,689752ec2d69,1.0,0.7759,0.1399,0.042,0.042,0.5105,0.6969,1.0,1.0,143,117,112
W-pause,300,0.05,0.7,0.05,1,1476579632,M1,689752ec2d69,1.0,0.7759,0.1399,0.042,0.042,0.5105,0.6981,1.0,1.0,143,117,112
W-pause,300,0.05,0.7,0.05,1,1476579632,M2,689752ec2d69,1.0,0.7759,1.0,0.0769,0.0,0.0699,0.0017,0.0,0.1786,143,117,112
W-pause,300,0.05,0.7,0.05,1,1476579632,M1+pausa,689752ec2d69,1.0,0.7759,0.958,0.042,0.042,0.1049,0.0357,0.0,0.1786,143,117,112
W-pause,300,0.05,0.7,0.05,2,1932493555,M0,689752ec2d69,1.0,0.8428,0.1706,0.0176,0.0235,0.3118,0.4311,1.0,1.0,170,137,131
W-pause,300,0.05,0.7,0.05,2,1932493555,M1,689752ec2d69,1.0,0.8428,0.1706,0.0176,0.0235,0.3118,0.6735,1.0,1.0,170,137,131
W-pause,300,0.05,0.7,0.05,2,1932493555,M2,689752ec2d69,1.0,0.8428,1.0,0.0353,0.0,0.0647,0.002,0.0,0.0916,170,137,131
W-pause,300,0.05,0.7,0.05,2,1932493555,M1+pausa,689752ec2d69,1.0,0.8428,0.9765,0.0176,0.0235,0.0765,0.0211,0.0,0.0916,170,137,131
W-pause,300,0.05,0.7,0.05,3,1781838770,M0,689752ec2d69,1.0,0.7926,0.1915,0.0213,0.0213,0.5887,0.481,1.0,1.0,141,111,114
W-pause,300,0.05,0.7,0.05,3,1781838770,M1,689752ec2d69,1.0,0.7926,0.1915,0.0213,0.0213,0.5887,0.6568,1.0,1.0,141,111,114
W-pause,300,0.05,0.7,0.05,3,1781838770,M2,689752ec2d69,1.0,0.7926,1.0,0.0426,0.0,0.1489,0.0022,0.0,0.2018,141,111,114
W-pause,300,0.05,0.7,0.05,3,1781838770,M1+pausa,689752ec2d69,1.0,0.7926,0.9787,0.0213,0.0213,0.1631,0.0195,0.0,0.2018,141,111,114
W-pause,300,0.05,0.7,0.05,4,628434293,M0,689752ec2d69,1.0,0.786,0.2214,0.0382,0.0534,0.4733,0.4896,1.0,1.0,131,95,110
W-pause,300,0.05,0.7,0.05,4,628434293,M1,689752ec2d69,1.0,0.786,0.2214,0.0382,0.0534,0.4733,0.6329,1.0,1.0,131,95,110
W-pause,300,0.05,0.7,0.05,4,628434293,M2,689752ec2d69,1.0,0.786,1.0,0.0916,0.0,0.1527,0.0025,0.0,0.2273,131,95,110
W-pause,300,0.05,0.7,0.05,4,628434293,M1+pausa,689752ec2d69,1.0,0.786,0.9466,0.0382,0.0534,0.1756,0.0458,0.0,0.2273,131,95,110
W-pause,300,0.05,0.7,0.05,5,1013847092,M0,689752ec2d69,1.0,0.806,0.1071,0.0179,0.0476,0.6131,0.5609,1.0,1.0,168,142,134
W-pause,300,0.05,0.7,0.05,5,1013847092,M1,689752ec2d69,1.0,0.806,0.1071,0.0179,0.0476,0.6131,0.7243,1.0,1.0,168,142,134
W-pause,300,0.05,0.7,0.05,5,1013847092,M2,689752ec2d69,1.0,0.806,1.0,0.0595,0.0,0.0298,0.0014,0.0,0.1418,168,142,134
W-pause,300,0.05,0.7,0.05,5,1013847092,M1+pausa,689752ec2d69,1.0,0.806,0.9524,0.0179,0.0476,0.0536,0.04,0.0,0.1418,168,142,134
W-pause,300,0.05,0.7,0.05,6,390285303,M0,689752ec2d69,1.0,0.7993,0.1939,0.0121,0.0364,0.4242,0.4639,1.0,1.0,165,127,134
W-pause,300,0.05,0.7,0.05,6,390285303,M1,689752ec2d69,1.0,0.7993,0.1939,0.0121,0.0364,0.4242,0.6548,1.0,1.0,165,127,134
W-pause,300,0.05,0.7,0.05,6,390285303,M2,689752ec2d69,1.0,0.7993,1.0,0.0364,0.0,0.1212,0.0023,0.0,0.1343,165,127,134
W-pause,300,0.05,0.7,0.05,6,390285303,M1+pausa,689752ec2d69,1.0,0.7993,0.9636,0.0121,0.0364,0.1515,0.0317,0.0,0.1343,165,127,134
W-pause,300,0.05,0.7,0.05,7,240678582,M0,689752ec2d69,1.0,0.7191,0.1912,0.0294,0.0735,0.5221,0.3821,1.0,1.0,136,100,108
W-pause,300,0.05,0.7,0.05,7,240678582,M1,689752ec2d69,1.0,0.7191,0.1912,0.0294,0.0735,0.5221,0.6571,1.0,1.0,136,100,108
W-pause,300,0.05,0.7,0.05,7,240678582,M2,689752ec2d69,1.0,0.7191,1.0,0.1029,0.0,0.1176,0.0022,0.0,0.25,136,100,108
W-pause,300,0.05,0.7,0.05,7,240678582,M1+pausa,689752ec2d69,1.0,0.7191,0.9265,0.0294,0.0735,0.1691,0.0618,0.0,0.25,136,100,108
W-pause,300,0.05,0.7,0.05,8,163605113,M0,689752ec2d69,1.0,0.8227,0.1892,0.027,0.0608,0.6486,0.1554,1.0,1.0,148,111,123
W-pause,300,0.05,0.7,0.05,8,163605113,M1,689752ec2d69,1.0,0.8227,0.1892,0.027,0.0608,0.6486,0.6586,1.0,1.0,148,111,123
W-pause,300,0.05,0.7,0.05,8,163605113,M2,689752ec2d69,1.0,0.8227,1.0,0.0878,0.0,0.1351,0.0022,0.0,0.252,148,111,123
W-pause,300,0.05,0.7,0.05,8,163605113,M1+pausa,689752ec2d69,1.0,0.8227,0.9392,0.027,0.0608,0.1892,0.0514,0.0,0.252,148,111,123
W-pause,300,0.05,0.7,0.05,9,282811192,M0,689752ec2d69,1.0,0.8629,0.0793,0.0061,0.0366,0.4329,0.5785,1.0,1.0,164,145,133
W-pause,300,0.05,0.7,0.05,9,282811192,M1,689752ec2d69,1.0,0.8629,0.0793,0.0061,0.0366,0.4329,0.7466,1.0,1.0,164,145,133
W-pause,300,0.05,0.7,0.05,9,282811192,M2,689752ec2d69,1.0,0.8629,1.0,0.0427,0.0,0.0427,0.0012,0.0,0.1053,164,145,133
W-pause,300,0.05,0.7,0.05,9,282811192,M1+pausa,689752ec2d69,1.0,0.8629,0.9634,0.0061,0.0366,0.0671,0.0308,0.0,0.1053,164,145,133
W-pause,300,0.05,0.7,0.05,10,758246532,M0,689752ec2d69,1.0,0.7458,0.146,0.0438,0.1095,0.3139,0.1328,1.0,1.0,137,102,117
W-pause,300,0.05,0.7,0.05,10,758246532,M1,689752ec2d69,1.0,0.7458,0.146,0.0438,0.1095,0.3139,0.6932,1.0,1.0,137,102,117
W-pause,300,0.05,0.7,0.05,10,758246532,M2,689752ec2d69,1.0,0.7458,1.0,0.1387,0.0,0.0584,0.0018,0.0,0.188,137,102,117
W-pause,300,0.05,0.7,0.05,10,758246532,M1+pausa,689752ec2d69,1.0,0.7458,0.8905,0.0438,0.1095,0.1241,0.0904,0.0,0.188,137,102,117
W-pause,300,0.05,0.7,0.05,11,875224517,M0,689752ec2d69,1.0,0.7625,0.1667,0.0,0.0333,0.4333,0.1852,1.0,1.0,150,120,128
W-pause,300,0.05,0.7,0.05,11,875224517,M1,689752ec2d69,1.0,0.7625,0.1667,0.0,0.0333,0.4333,0.6767,1.0,1.0,150,120,128
W-pause,300,0.05,0.7,0.05,11,875224517,M2,689752ec2d69,1.0,0.7625,1.0,0.0333,0.0,0.08,0.002,0.0,0.1641,150,120,128
W-pause,300,0.05,0.7,0.05,11,875224517,M1+pausa,689752ec2d69,1.0,0.7625,0.9667,0.0,0.0333,0.0933,0.029,0.0,0.1641,150,120,128
W-pause,300,0.05,0.7,0.05,12,520588806,M0,689752ec2d69,1.0,0.8094,0.1776,0.0263,0.0395,0.6184,0.6017,1.0,1.0,152,119,117
W-pause,300,0.05,0.7,0.05,12,520588806,M1,689752ec2d69,1.0,0.8094,0.1776,0.0263,0.0395,0.6184,0.6679,1.0,1.0,152,119,117
W-pause,300,0.05,0.7,0.05,12,520588806,M2,689752ec2d69,1.0,0.8094,1.0,0.0592,0.0,0.0987,0.0021,0.0,0.1966,152,119,117
W-pause,300,0.05,0.7,0.05,12,520588806,M1+pausa,689752ec2d69,1.0,0.8094,0.9605,0.0263,0.0395,0.1382,0.0341,0.0,0.1966,152,119,117
W-pause,300,0.05,0.7,0.05,13,102547271,M0,689752ec2d69,1.0,0.8328,0.0982,0.0061,0.0491,0.5153,0.5365,1.0,1.0,163,139,140
W-pause,300,0.05,0.7,0.05,13,102547271,M1,689752ec2d69,1.0,0.8328,0.0982,0.0061,0.0491,0.5153,0.7315,1.0,1.0,163,139,140
W-pause,300,0.05,0.7,0.05,13,102547271,M2,689752ec2d69,1.0,0.8328,1.0,0.0552,0.0,0.0429,0.0013,0.0,0.1143,163,139,140
W-pause,300,0.05,0.7,0.05,13,102547271,M1+pausa,689752ec2d69,1.0,0.8328,0.9509,0.0061,0.0491,0.0675,0.0411,0.0,0.1143,163,139,140
W-pause,300,0.05,0.7,0.05,14,1230842240,M0,689752ec2d69,1.0,0.8294,0.1515,0.0242,0.0364,0.4061,0.2436,1.0,1.0,165,134,139
W-pause,300,0.05,0.7,0.05,14,1230842240,M1,689752ec2d69,1.0,0.8294,0.1515,0.0242,0.0364,0.4061,0.6888,1.0,1.0,165,134,139
W-pause,300,0.05,0.7,0.05,14,1230842240,M2,689752ec2d69,1.0,0.8294,1.0,0.0545,0.0,0.103,0.0019,0.0,0.1511,165,134,139
W-pause,300,0.05,0.7,0.05,14,1230842240,M1+pausa,689752ec2d69,1.0,0.8294,0.9636,0.0242,0.0364,0.1394,0.0313,0.0,0.1511,165,134,139
W-pause,300,0.05,0.7,0.05,15,1346771137,M0,689752ec2d69,1.0,0.8227,0.1235,0.0123,0.037,0.463,0.5622,1.0,1.0,162,136,124
W-pause,300,0.05,0.7,0.05,15,1346771137,M1,689752ec2d69,1.0,0.8227,0.1235,0.0123,0.037,0.463,0.7112,1.0,1.0,162,136,124
W-pause,300,0.05,0.7,0.05,15,1346771137,M2,689752ec2d69,1.0,0.8227,1.0,0.0494,0.0,0.037,0.0016,0.0,0.129,162,136,124
W-pause,300,0.05,0.7,0.05,15,1346771137,M1+pausa,689752ec2d69,1.0,0.8227,0.963,0.0123,0.037,0.0556,0.0316,0.0,0.129,162,136,124
W-pause,300,0.05,0.7,0.05,16,2070629122,M0,689752ec2d69,1.0,0.7625,0.1737,0.012,0.0479,0.3054,0.4342,1.0,1.0,167,130,135
W-pause,300,0.05,0.7,0.05,16,2070629122,M1,689752ec2d69,1.0,0.7625,0.1737,0.012,0.0479,0.3054,0.6711,1.0,1.0,167,130,135
W-pause,300,0.05,0.7,0.05,16,2070629122,M2,689752ec2d69,1.0,0.7625,1.0,0.0599,0.0,0.0359,0.0021,0.0,0.1778,167,130,135
W-pause,300,0.05,0.7,0.05,16,2070629122,M1+pausa,689752ec2d69,1.0,0.7625,0.9521,0.012,0.0479,0.0599,0.0409,0.0,0.1778,167,130,135
W-pause,300,0.05,0.7,0.05,17,1651538499,M0,689752ec2d69,1.0,0.8094,0.1702,0.0213,0.0355,0.4397,0.5362,1.0,1.0,141,112,126
W-pause,300,0.05,0.7,0.05,17,1651538499,M1,689752ec2d69,1.0,0.8094,0.1702,0.0213,0.0355,0.4397,0.6738,1.0,1.0,141,112,126
W-pause,300,0.05,0.7,0.05,17,1651538499,M2,689752ec2d69,1.0,0.8094,1.0,0.0567,0.0,0.0709,0.002,0.0,0.1984,141,112,126
W-pause,300,0.05,0.7,0.05,17,1651538499,M1+pausa,689752ec2d69,1.0,0.8094,0.9645,0.0213,0.0355,0.1064,0.0307,0.0,0.1984,141,112,126
W-pause,300,0.05,0.7,0.05,18,1709729420,M0,689752ec2d69,1.0,0.8729,0.1402,0.0183,0.0122,0.4756,0.355,1.0,1.0,164,139,138
W-pause,300,0.05,0.7,0.05,18,1709729420,M1,689752ec2d69,1.0,0.8729,0.1402,0.0183,0.0122,0.4756,0.6978,1.0,1.0,164,139,138
W-pause,300,0.05,0.7,0.05,18,1709729420,M2,689752ec2d69,1.0,0.8729,1.0,0.0305,0.0,0.0793,0.0017,0.0,0.0797,164,139,138
W-pause,300,0.05,0.7,0.05,18,1709729420,M1+pausa,689752ec2d69,1.0,0.8729,0.9878,0.0183,0.0122,0.0854,0.0116,0.0,0.0797,164,139,138
W-pause,300,0.05,0.7,0.05,19,2096322509,M0,689752ec2d69,1.0,0.8629,0.1301,0.0244,0.0407,0.4065,0.5325,1.0,1.0,123,102,104
W-pause,300,0.05,0.7,0.05,19,2096322509,M1,689752ec2d69,1.0,0.8629,0.1301,0.0244,0.0407,0.4065,0.7059,1.0,1.0,123,102,104
W-pause,300,0.05,0.7,0.05,19,2096322509,M2,689752ec2d69,1.0,0.8629,1.0,0.065,0.0,0.0813,0.0016,0.0,0.0865,123,102,104
W-pause,300,0.05,0.7,0.05,19,2096322509,M1+pausa,689752ec2d69,1.0,0.8629,0.9593,0.0244,0.0407,0.1138,0.0346,0.0,0.0865,123,102,104
W-pause,300,0.05,0.7,0.25,0,215040378,M0,689752ec2d69,1.0,0.7525,0.223,0.0576,0.0432,0.7698,0.2009,1.0,1.0,139,102,121
W-pause,300,0.05,0.7,0.25,0,215040378,M1,689752ec2d69,1.0,0.7525,0.223,0.0576,0.0432,0.7698,0.6316,1.0,1.0,139,102,121
W-pause,300,0.05,0.7,0.25,0,215040378,M2,689752ec2d69,1.0,0.7525,1.0,0.0791,0.0,0.1223,0.0025,0.0,0.2231,139,102,121
W-pause,300,0.05,0.7,0.25,0,215040378,M1+pausa,689752ec2d69,1.0,0.7525,0.9568,0.0576,0.0432,0.1511,0.0375,0.0,0.2231,139,102,121
W-pause,300,0.05,0.7,0.25,1,365588539,M0,689752ec2d69,1.0,0.8829,0.0942,0.0362,0.0362,0.8333,0.559,1.0,1.0,138,120,114
W-pause,300,0.05,0.7,0.25,1,365588539,M1,689752ec2d69,1.0,0.8829,0.0942,0.0362,0.0362,0.8333,0.7346,1.0,1.0,138,120,114
W-pause,300,0.05,0.7,0.25,1,365588539,M2,689752ec2d69,1.0,0.8829,1.0,0.0652,0.0,0.058,0.0013,0.0,0.0965,138,120,114
W-pause,300,0.05,0.7,0.25,1,365588539,M1+pausa,689752ec2d69,1.0,0.8829,0.9638,0.0362,0.0362,0.0942,0.0306,0.0,0.0965,138,120,114
W-pause,300,0.05,0.7,0.25,2,1055335416,M0,689752ec2d69,1.0,0.8127,0.1493,0.0373,0.0149,0.8731,0.2719,1.0,1.0,134,112,111
W-pause,300,0.05,0.7,0.25,2,1055335416,M1,689752ec2d69,1.0,0.8127,0.1493,0.0373,0.0149,0.8731,0.6906,1.0,1.0,134,112,111
W-pause,300,0.05,0.7,0.25,2,1055335416,M2,689752ec2d69,1.0,0.8127,1.0,0.0448,0.0,0.1045,0.0018,0.0,0.1441,134,112,111
W-pause,300,0.05,0.7,0.25,2,1055335416,M1+pausa,689752ec2d69,1.0,0.8127,0.9851,0.0373,0.0149,0.1194,0.0139,0.0,0.1441,134,112,111
W-pause,300,0.05,0.7,0.25,3,670831289,M0,689752ec2d69,1.0,0.7659,0.2117,0.0511,0.0657,0.7883,0.5818,1.0,1.0,137,99,107
W-pause,300,0.05,0.7,0.25,3,670831289,M1,689752ec2d69,1.0,0.7659,0.2117,0.0511,0.0657,0.7883,0.6407,1.0,1.0,137,99,107
W-pause,300,0.05,0.7,0.25,3,670831289,M2,689752ec2d69,1.0,0.7659,1.0,0.0657,0.0,0.1022,0.0024,0.0,0.2523,137,99,107
W-pause,300,0.05,0.7,0.25,3,670831289,M1+pausa,689752ec2d69,1.0,0.7659,0.9343,0.0511,0.0657,0.146,0.0556,0.0,0.2523,137,99,107
W-pause,300,0.05,0.7,0.25,4,1757250686,M0,689752ec2d69,1.0,0.7659,0.1871,0.0645,0.0129,0.6968,0.1964,1.0,1.0,155,124,143
W-pause,300,0.05,0.7,0.25,4,1757250686,M1,689752ec2d69,1.0,0.7659,0.1871,0.0645,0.0129,0.6968,0.6603,1.0,1.0,155,124,143
W-pause,300,0.05,0.7,0.25,4,1757250686,M2,689752ec2d69,1.0,0.7659,1.0,0.071,0.0,0.0774,0.0022,0.0,0.1608,155,124,143
W-pause,300,0.05,0.7,0.25,4,1757250686,M1+pausa,689752ec2d69,1.0,0.7659,0.9871,0.0645,0.0129,0.0903,0.0126,0.0,0.1608,155,124,143
W-pause,300,0.05,0.7,0.25,5,1906750783,M0,689752ec2d69,1.0,0.786,0.205,0.0559,0.0186,0.8385,0.4945,1.0,1.0,161,125,133
W-pause,300,0.05,0.7,0.25,5,1906750783,M1,689752ec2d69,1.0,0.786,0.205,0.0559,0.0186,0.8385,0.646,1.0,1.0,161,125,133
W-pause,300,0.05,0.7,0.25,5,1906750783,M2,689752ec2d69,1.0,0.786,1.0,0.0745,0.0,0.1118,0.0024,0.0,0.218,161,125,133
W-pause,300,0.05,0.7,0.25,5,1906750783,M1+pausa,689752ec2d69,1.0,0.786,0.9814,0.0559,0.0186,0.1304,0.0175,0.0,0.218,161,125,133
W-pause,300,0.05,0.7,0.25,6,1519118076,M0,689752ec2d69,1.0,0.7525,0.2553,0.0213,0.0567,0.8298,0.4343,1.0,1.0,141,97,114
W-pause,300,0.05,0.7,0.25,6,1519118076,M1,689752ec2d69,1.0,0.7525,0.2553,0.0213,0.0567,0.8298,0.6057,1.0,1.0,141,97,114
W-pause,300,0.05,0.7,0.25,6,1519118076,M2,689752ec2d69,1.0,0.7525,1.0,0.0426,0.0,0.1277,0.0029,0.0,0.2807,141,97,114
W-pause,300,0.05,0.7,0.25,6,1519118076,M1+pausa,689752ec2d69,1.0,0.7525,0.9433,0.0213,0.0567,0.1844,0.0488,0.0,0.2807,141,97,114
W-pause,300,0.05,0.7,0.25,7,1133565885,M0,689752ec2d69,1.0,0.7124,0.3077,0.0769,0.0473,0.716,0.1602,1.0,1.0,169,109,145
W-pause,300,0.05,0.7,0.25,7,1133565885,M1,689752ec2d69,1.0,0.7124,0.3077,0.0769,0.0473,0.716,0.5638,1.0,1.0,169,109,145
W-pause,300,0.05,0.7,0.25,7,1133565885,M2,689752ec2d69,1.0,0.7124,1.0,0.1006,0.0,0.1598,0.0034,0.0,0.2828,169,109,145
W-pause,300,0.05,0.7,0.25,7,1133565885,M1+pausa,689752ec2d69,1.0,0.7124,0.9527,0.0769,0.0473,0.2071,0.0417,0.0,0.2828,169,109,145
W-pause,300,0.05,0.7,0.25,8,1141427058,M0,689752ec2d69,1.0,0.8027,0.1788,0.0662,0.0331,0.7219,0.4682,1.0,1.0,151,119,125
W-pause,300,0.05,0.7,0.25,8,1141427058,M1,689752ec2d69,1.0,0.8027,0.1788,0.0662,0.0331,0.7219,0.667,1.0,1.0,151,119,125
W-pause,300,0.05,0.7,0.25,8,1141427058,M2,689752ec2d69,1.0,0.8027,1.0,0.0795,0.0,0.0927,0.0021,0.0,0.144,151,119,125
W-pause,300,0.05,0.7,0.25,8,1141427058,M1+pausa,689752ec2d69,1.0,0.8027,0.9669,0.0662,0.0331,0.1258,0.0289,0.0,0.144,151,119,125
W-pause,300,0.05,0.7,0.25,9,1561590323,M0,689752ec2d69,1.0,0.7224,0.1608,0.042,0.0699,0.8252,0.3082,1.0,1.0,143,110,127
W-pause,300,0.05,0.7,0.25,9,1561590323,M1,689752ec2d69,1.0,0.7224,0.1608,0.042,0.0699,0.8252,0.6813,1.0,1.0,143,110,127
W-pause,300,0.05,0.7,0.25,9,1561590323,M2,689752ec2d69,1.0,0.7224,1.0,0.0629,0.0,0.0909,0.0019,0.0,0.2205,143,110,127
W-pause,300,0.05,0.7,0.25,9,1561590323,M1+pausa,689752ec2d69,1.0,0.7224,0.9301,0.042,0.0699,0.1538,0.0586,0.0,0.2205,143,110,127
W-pause,300,0.05,0.7,0.25,10,984546733,M0,689752ec2d69,1.0,0.7759,0.2081,0.0268,0.0604,0.8322,0.5115,1.0,1.0,149,109,120
W-pause,300,0.05,0.7,0.25,10,984546733,M1,689752ec2d69,1.0,0.7759,0.2081,0.0268,0.0604,0.8322,0.6436,1.0,1.0,149,109,120
W-pause,300,0.05,0.7,0.25,10,984546733,M2,689752ec2d69,1.0,0.7759,1.0,0.047,0.0,0.1342,0.0024,0.0,0.2667,149,109,120
W-pause,300,0.05,0.7,0.25,10,984546733,M1+pausa,689752ec2d69,1.0,0.7759,0.9396,0.0268,0.0604,0.1946,0.0513,0.0,0.2667,149,109,120
W-pause,300,0.05,0.7,0.25,11,599117036,M0,689752ec2d69,1.0,0.7458,0.2055,0.0479,0.0137,0.8425,0.5279,1.0,1.0,146,114,116
W-pause,300,0.05,0.7,0.25,11,599117036,M1,689752ec2d69,1.0,0.7458,0.2055,0.0479,0.0137,0.8425,0.6456,1.0,1.0,146,114,116
W-pause,300,0.05,0.7,0.25,11,599117036,M2,689752ec2d69,1.0,0.7458,1.0,0.0479,0.0,0.1096,0.0024,0.0,0.2155,146,114,116
W-pause,300,0.05,0.7,0.25,11,599117036,M1+pausa,689752ec2d69,1.0,0.7458,0.9863,0.0479,0.0137,0.1233,0.0135,0.0,0.2155,146,114,116
W-pause,300,0.05,0.7,0.25,12,144219951,M0,689752ec2d69,1.0,0.7759,0.2516,0.071,0.0258,0.7419,0.1181,1.0,1.0,155,112,128
W-pause,300,0.05,0.7,0.25,12,144219951,M1,689752ec2d69,1.0,0.7759,0.2516,0.071,0.0258,0.7419,0.6087,1.0,1.0,155,112,128
W-pause,300,0.05,0.7,0.25,12,144219951,M2,689752ec2d69,1.0,0.7759,1.0,0.0774,0.0,0.1419,0.0028,0.0,0.2422,155,112,128
W-pause,300,0.05,0.7,0.25,12,144219951,M1+pausa,689752ec2d69,1.0,0.7759,0.9742,0.071,0.0258,0.1677,0.0237,0.0,0.2422,155,112,128
W-pause,300,0.05,0.7,0.25,13,293842542,M0,689752ec2d69,1.0,0.7057,0.2953,0.0738,0.0738,0.8121,0.2691,1.0,1.0,149,94,122
W-pause,300,0.05,0.7,0.25,13,293842542,M1,689752ec2d69,1.0,0.7057,0.2953,0.0738,0.0738,0.8121,0.5738,1.0,1.0,149,94,122
W-pause,300,0.05,0.7,0.25,13,293842542,M2,689752ec2d69,1.0,0.7057,1.0,0.1275,0.0,0.1678,0.0032,0.0,0.3689,149,94,122
W-pause,300,0.05,0.7,0.25,13,293842542,M1+pausa,689752ec2d69,1.0,0.7057,0.9262,0.0738,0.0738,0.2416,0.063,0.0,0.3689,149,94,122
W-pause,300,0.05,0.7,0.25,14,1589786793,M0,689752ec2d69,1.0,0.8194,0.121,0.0446,0.0318,0.8471,0.2703,1.0,1.0,157,133,130
W-pause,300,0.05,0.7,0.25,14,1589786793,M1,689752ec2d69,1.0,0.8194,0.121,0.0446,0.0318,0.8471,0.7132,1.0,1.0,157,133,130
W-pause,300,0.05,0.7,0.25,14,1589786793,M2,689752ec2d69,1.0,0.8194,1.0,0.0573,0.0,0.0573,0.0016,0.0,0.0846,157,133,130
W-pause,300,0.05,0.7,0.25,14,1589786793,M1+pausa,689752ec2d69,1.0,0.8194,0.9682,0.0446,0.0318,0.0892,0.0273,0.0,0.0846,157,133,130
W-pause,300,0.05,0.7,0.25,15,1205406184,M0,689752ec2d69,1.0,0.8629,0.12,0.032,0.016,0.664,0.3978,1.0,1.0,125,108,106
W-pause,300,0.05,0.7,0.25,15,1205406184,M1,689752ec2d69,1.0,0.8629,0.12,0.032,0.016,0.664,0.714,1.0,1.0,125,108,106
W-pause,300,0.05,0.7,0.25,15,1205406184,M2,689752ec2d69,1.0,0.8629,1.0,0.032,0.0,0.072,0.0016,0.0,0.1038,125,108,106
W-pause,300,0.05,0.7,0.25,15,1205406184,M1+pausa,689752ec2d69,1.0,0.8629,0.984,0.032,0.016,0.088,0.0145,0.0,0.1038,125,108,106
W-pause,300,0.05,0.7,0.25,16,1827953195,M0,689752ec2d69,1.0,0.7826,0.1875,0.0234,0.0312,0.7109,0.5104,1.0,1.0,128,100,101
W-pause,300,0.05,0.7,0.25,16,1827953195,M1,689752ec2d69,1.0,0.7826,0.1875,0.0234,0.0312,0.7109,0.66,1.0,1.0,128,100,101
W-pause,300,0.05,0.7,0.25,16,1827953195,M2,689752ec2d69,1.0,0.7826,1.0,0.0469,0.0,0.1172,0.0022,0.0,0.1881,128,100,101
W-pause,300,0.05,0.7,0.25,16,1827953195,M1+pausa,689752ec2d69,1.0,0.7826,0.9688,0.0234,0.0312,0.1484,0.0275,0.0,0.1881,128,100,101
W-pause,300,0.05,0.7,0.25,17,1978624874,M0,689752ec2d69,1.0,0.8361,0.1503,0.0458,0.0327,0.6536,0.4941,1.0,1.0,153,125,135
W-pause,300,0.05,0.7,0.25,17,1978624874,M1,689752ec2d69,1.0,0.8361,0.1503,0.0458,0.0327,0.6536,0.6897,1.0,1.0,153,125,135
W-pause,300,0.05,0.7,0.25,17,1978624874,M2,689752ec2d69,1.0,0.8361,1.0,0.0588,0.0,0.0719,0.0018,0.0,0.1481,153,125,135
W-pause,300,0.05,0.7,0.25,17,1978624874,M1+pausa,689752ec2d69,1.0,0.8361,0.9673,0.0458,0.0327,0.1046,0.0283,0.0,0.1481,153,125,135
W-pause,300,0.05,0.7,0.25,18,1920432037,M0,689752ec2d69,1.0,0.8194,0.1233,0.0342,0.0274,0.8288,0.673,1.0,1.0,146,124,126
W-pause,300,0.05,0.7,0.25,18,1920432037,M1,689752ec2d69,1.0,0.8194,0.1233,0.0342,0.0274,0.8288,0.7114,1.0,1.0,146,124,126
W-pause,300,0.05,0.7,0.25,18,1920432037,M2,689752ec2d69,1.0,0.8194,1.0,0.0479,0.0,0.0753,0.0016,0.0,0.127,146,124,126
W-pause,300,0.05,0.7,0.25,18,1920432037,M1+pausa,689752ec2d69,1.0,0.8194,0.9726,0.0342,0.0274,0.1027,0.0238,0.0,0.127,146,124,126
W-pause,300,0.05,0.7,0.25,19,1802258148,M0,689752ec2d69,1.0,0.8328,0.098,0.0065,0.0392,0.7974,0.5527,1.0,1.0,153,132,119
W-pause,300,0.05,0.7,0.25,19,1802258148,M1,689752ec2d69,1.0,0.8328,0.098,0.0065,0.0392,0.7974,0.7316,1.0,1.0,153,132,119
W-pause,300,0.05,0.7,0.25,19,1802258148,M2,689752ec2d69,1.0,0.8328,1.0,0.0392,0.0,0.0523,0.0013,0.0,0.1513,153,132,119
W-pause,300,0.05,0.7,0.25,19,1802258148,M1+pausa,689752ec2d69,1.0,0.8328,0.9608,0.0065,0.0392,0.085,0.0331,0.0,0.1513,153,132,119
W-pause,300,0.3,1.0,0.05,0,1515948771,M0,689752ec2d69,1.0,0.8094,0.1472,0.0234,0.0435,0.5385,0.3551,1.0,1.0,299,242,260
W-pause,300,0.3,1.0,0.05,0,1515948771,M1,689752ec2d69,1.0,0.8094,0.1472,0.0234,0.0435,0.5385,0.6923,1.0,1.0,299,242,260
W-pause,300,0.3,1.0,0.05,0,1515948771,M2,689752ec2d69,1.0,0.8094,1.0,0.0669,0.0,0.0669,0.0018,0.0,0.2,299,242,260
W-pause,300,0.3,1.0,0.05,0,1515948771,M1+pausa,689752ec2d69,1.0,0.8094,0.9565,0.0234,0.0435,0.1003,0.037,0.0,0.2,299,242,260
W-pause,300,0.3,1.0,0.05,1,1128315810,M0,689752ec2d69,1.0,0.7324,0.2074,0.0167,0.0602,0.3445,0.1289,1.0,1.0,299,219,259
W-pause,300,0.3,1.0,0.05,1,1128315810,M1,689752ec2d69,1.0,0.7324,0.2074,0.0167,0.0602,0.3445,0.6441,1.0,1.0,299,219,259
W-pause,300,0.3,1.0,0.05,1,1128315810,M2,689752ec2d69,1.0,0.7324,1.0,0.0702,0.0,0.0803,0.0024,0.0,0.1892,299,219,259
W-pause,300,0.3,1.0,0.05,1,1128315810,M1+pausa,689752ec2d69,1.0,0.7324,0.9398,0.0167,0.0602,0.1137,0.0511,0.0,0.1892,299,219,259
W-pause,300,0.3,1.0,0.05,2,1752033377,M0,689752ec2d69,1.0,0.8896,0.0769,0.0067,0.0334,0.4916,0.4653,1.0,1.0,299,266,242
W-pause,300,0.3,1.0,0.05,2,1752033377,M1,689752ec2d69,1.0,0.8896,0.0769,0.0067,0.0334,0.4916,0.7485,1.0,1.0,299,266,242
W-pause,300,0.3,1.0,0.05,2,1752033377,M2,689752ec2d69,1.0,0.8896,1.0,0.0368,0.0,0.0368,0.0011,0.0,0.124,299,266,242
W-pause,300,0.3,1.0,0.05,2,1752033377,M1+pausa,689752ec2d69,1.0,0.8896,0.9666,0.0067,0.0334,0.0502,0.0282,0.0,0.124,299,266,242
W-pause,300,0.3,1.0,0.05,3,1903614240,M0,689752ec2d69,1.0,0.7726,0.1706,0.0234,0.0569,0.5753,0.347,1.0,1.0,299,231,246
W-pause,300,0.3,1.0,0.05,3,1903614240,M1,689752ec2d69,1.0,0.7726,0.1706,0.0234,0.0569,0.5753,0.6735,1.0,1.0,299,231,246
W-pause,300,0.3,1.0,0.05,3,1903614240,M2,689752ec2d69,1.0,0.7726,1.0,0.0736,0.0,0.0836,0.002,0.0,0.2154,299,231,246
W-pause,300,0.3,1.0,0.05,3,1903614240,M1+pausa,689752ec2d69,1.0,0.7726,0.9431,0.0234,0.0569,0.1237,0.0481,0.0,0.2154,299,231,246
W-pause,300,0.3,1.0,0.05,4,1043812327,M0,689752ec2d69,1.0,0.7324,0.2241,0.0167,0.0435,0.4916,0.167,1.0,1.0,299,219,253
W-pause,300,0.3,1.0,0.05,4,1043812327,M1,689752ec2d69,1.0,0.7324,0.2241,0.0167,0.0435,0.4916,0.6307,1.0,1.0,299,219,253
W-pause,300,0.3,1.0,0.05,4,1043812327,M2,689752ec2d69,1.0,0.7324,1.0,0.0602,0.0,0.1706,0.0026,0.0,0.2411,299,219,253
W-pause,300,0.3,1.0,0.05,4,1043812327,M1+pausa,689752ec2d69,1.0,0.7324,0.9565,0.0167,0.0435,0.1906,0.0378,0.0,0.2411,299,219,253
W-pause,300,0.3,1.0,0.05,5,657227430,M0,689752ec2d69,1.0,0.8027,0.1405,0.0201,0.0569,0.3946,0.4045,1.0,1.0,299,240,250
W-pause,300,0.3,1.0,0.05,5,657227430,M1,689752ec2d69,1.0,0.8027,0.1405,0.0201,0.0569,0.3946,0.6976,1.0,1.0,299,240,250
W-pause,300,0.3,1.0,0.05,5,657227430,M2,689752ec2d69,1.0,0.8027,1.0,0.0736,0.0,0.0903,0.0017,0.0,0.168,299,240,250
W-pause,300,0.3,1.0,0.05,5,657227430,M1+pausa,689752ec2d69,1.0,0.8027,0.9431,0.0201,0.0569,0.1338,0.0478,0.0,0.168,299,240,250
W-pause,300,0.3,1.0,0.05,6,201403749,M0,689752ec2d69,1.0,0.7324,0.1906,0.0134,0.0769,0.3211,0.4842,1.0,1.0,299,219,250
W-pause,300,0.3,1.0,0.05,6,201403749,M1,689752ec2d69,1.0,0.7324,0.1906,0.0134,0.0769,0.3211,0.6575,1.0,1.0,299,219,250
W-pause,300,0.3,1.0,0.05,6,201403749,M2,689752ec2d69,1.0,0.7324,1.0,0.087,0.0,0.0702,0.0022,0.0,0.208,299,219,250
W-pause,300,0.3,1.0,0.05,6,201403749,M1+pausa,689752ec2d69,1.0,0.7324,0.9231,0.0134,0.0769,0.0936,0.0645,0.0,0.208,299,219,250
W-pause,300,0.3,1.0,0.05,7,354032676,M0,689752ec2d69,1.0,0.7726,0.1906,0.0201,0.0368,0.5351,0.1486,1.0,1.0,299,231,256
W-pause,300,0.3,1.0,0.05,7,354032676,M1,689752ec2d69,1.0,0.7726,0.1906,0.0201,0.0368,0.5351,0.6575,1.0,1.0,299,231,256
W-pause,300,0.3,1.0,0.05,7,354032676,M2,689752ec2d69,1.0,0.7726,1.0,0.0502,0.0,0.1371,0.0022,0.0,0.1836,299,231,256
W-pause,300,0.3,1.0,0.05,7,354032676,M1+pausa,689752ec2d69,1.0,0.7726,0.9632,0.0201,0.0368,0.1639,0.032,0.0,0.1836,299,231,256
W-pause,300,0.3,1.0,0.05,8,310509803,M0,689752ec2d69,1.0,0.796,0.1538,0.0201,0.0502,0.4816,0.2341,1.0,1.0,299,238,235
W-pause,300,0.3,1.0,0.05,8,310509803,M1,689752ec2d69,1.0,0.796,0.1538,0.0201,0.0502,0.4816,0.6869,1.0,1.0,299,238,235
W-pause,300,0.3,1.0,0.05,8,310509803,M2,689752ec2d69,1.0,0.796,1.0,0.0669,0.0,0.1104,0.0019,0.0,0.1362,299,238,235
W-pause,300,0.3,1.0,0.05,8,310509803,M1+pausa,689752ec2d69,1.0,0.796,0.9498,0.0201,0.0502,0.1438,0.0425,0.0,0.1362,299,238,235
W-pause,300,0.3,1.0,0.05,9,194589098,M0,689752ec2d69,1.0,0.7391,0.2074,0.0301,0.0535,0.4515,0.2234,1.0,1.0,299,221,244
W-pause,300,0.3,1.0,0.05,9,194589098,M1,689752ec2d69,1.0,0.7391,0.2074,0.0301,0.0535,0.4515,0.6441,1.0,1.0,299,221,244
W-pause,300,0.3,1.0,0.05,9,194589098,M2,689752ec2d69,1.0,0.7391,1.0,0.0803,0.0,0.1505,0.0024,0.0,0.1762,299,221,244
W-pause,300,0.3,1.0,0.05,9,194589098,M1+pausa,689752ec2d69,1.0,0.7391,0.9465,0.0301,0.0535,0.2007,0.0457,0.0,0.1762,299,221,244
W-pause,300,0.3,1.0,0.05,10,866868358,M0,689752ec2d69,1.0,0.7893,0.1672,0.0234,0.0435,0.4482,0.6421,1.0,1.0,299,236,266
W-pause,300,0.3,1.0,0.05,10,866868358,M1,689752ec2d69,1.0,0.7893,0.1672,0.0234,0.0435,0.4482,0.6762,1.0,1.0,299,236,266
W-pause,300,0.3,1.0,0.05,10,866868358,M2,689752ec2d69,1.0,0.7893,1.0,0.0669,0.0,0.0569,0.002,0.0,0.1767,299,236,266
W-pause,300,0.3,1.0,0.05,10,866868358,M1+pausa,689752ec2d69,1.0,0.7893,0.9565,0.0234,0.0435,0.0769,0.0372,0.0,0.1767,299,236,266
W-pause,300,0.3,1.0,0.05,11,716205511,M0,689752ec2d69,1.0,0.7391,0.2241,0.0268,0.0368,0.398,0.2729,1.0,1.0,299,221,246
W-pause,300,0.3,1.0,0.05,11,716205511,M1,689752ec2d69,1.0,0.7391,0.2241,0.0268,0.0368,0.398,0.6307,1.0,1.0,299,221,246
W-pause,300,0.3,1.0,0.05,11,716205511,M2,689752ec2d69,1.0,0.7391,1.0,0.0569,0.0,0.1405,0.0026,0.0,0.2114,299,221,246
W-pause,300,0.3,1.0,0.05,11,716205511,M1+pausa,689752ec2d69,1.0,0.7391,0.9632,0.0268,0.0368,0.1605,0.0323,0.0,0.2114,299,221,246
W-pause,300,0.3,1.0,0.05,12,27082244,M0,689752ec2d69,1.0,0.8763,0.0936,0.0033,0.0301,0.4582,0.3117,1.0,1.0,299,262,251
W-pause,300,0.3,1.0,0.05,12,27082244,M1,689752ec2d69,1.0,0.8763,0.0936,0.0033,0.0301,0.4582,0.7351,1.0,1.0,299,262,251
W-pause,300,0.3,1.0,0.05,12,27082244,M2,689752ec2d69,1.0,0.8763,1.0,0.0268,0.0,0.0535,0.0013,0.0,0.1155,299,262,251
W-pause,300,0.3,1.0,0.05,12,27082244,M1+pausa,689752ec2d69,1.0,0.8763,0.9699,0.0033,0.0301,0.0669,0.0257,0.0,0.1155,299,262,251
W-pause,300,0.3,1.0,0.05,13,411438917,M0,689752ec2d69,1.0,0.7358,0.1873,0.0334,0.0769,0.4415,0.1343,1.0,1.0,299,220,257
W-pause,300,0.3,1.0,0.05,13,411438917,M1,689752ec2d69,1.0,0.7358,0.1873,0.0334,0.0769,0.4415,0.6602,1.0,1.0,299,220,257
W-pause,300,0.3,1.0,0.05,13,411438917,M2,689752ec2d69,1.0,0.7358,1.0,0.107,0.0,0.1137,0.0022,0.0,0.1984,299,220,257
W-pause,300,0.3,1.0,0.05,13,411438917,M1+pausa,689752ec2d69,1.0,0.7358,0.9231,0.0334,0.0769,0.1706,0.0645,0.0,0.1984,299,220,257
W-pause,300,0.3,1.0,0.05,14,1472698754,M0,689752ec2d69,1.0,0.7659,0.1906,0.0368,0.0435,0.3278,0.193,1.0,1.0,299,229,260
W-pause,300,0.3,1.0,0.05,14,1472698754,M1,689752ec2d69,1.0,0.7659,0.1906,0.0368,0.0435,0.3278,0.6575,1.0,1.0,299,229,260
W-pause,300,0.3,1.0,0.05,14,1472698754,M2,689752ec2d69,1.0,0.7659,1.0,0.0702,0.0,0.0836,0.0022,0.0,0.1731,299,229,260
W-pause,300,0.3,1.0,0.05,14,1472698754,M1+pausa,689752ec2d69,1.0,0.7659,0.9565,0.0368,0.0435,0.1137,0.0374,0.0,0.1731,299,229,260
W-pause,300,0.3,1.0,0.05,15,1323083971,M0,689752ec2d69,1.0,0.786,0.1605,0.0134,0.0535,0.3445,0.2469,1.0,1.0,299,235,251
W-pause,300,0.3,1.0,0.05,15,1323083971,M1,689752ec2d69,1.0,0.786,0.1605,0.0134,0.0535,0.3445,0.6816,1.0,1.0,299,235,251
W-pause,300,0.3,1.0,0.05,15,1323083971,M2,689752ec2d69,1.0,0.786,1.0,0.0635,0.0,0.0602,0.0019,0.0,0.1076,299,235,251
W-pause,300,0.3,1.0,0.05,15,1323083971,M1+pausa,689752ec2d69,1.0,0.786,0.9465,0.0134,0.0535,0.087,0.0453,0.0,0.1076,299,235,251
W-pause,300,0.3,1.0,0.05,16,1710357248,M0,689752ec2d69,1.0,0.8562,0.1237,0.01,0.0201,0.5753,0.2492,1.0,1.0,299,256,241
W-pause,300,0.3,1.0,0.05,16,1710357248,M1,689752ec2d69,1.0,0.8562,0.1237,0.01,0.0201,0.5753,0.711,1.0,1.0,299,256,241
W-pause,300,0.3,1.0,0.05,16,1710357248,M2,689752ec2d69,1.0,0.8562,1.0,0.0301,0.0,0.0535,0.0016,0.0,0.1369,299,256,241
W-pause,300,0.3,1.0,0.05,16,1710357248,M1+pausa,689752ec2d69,1.0,0.8562,0.9799,0.01,0.0201,0.0602,0.0178,0.0,0.1369,299,256,241
W-pause,300,0.3,1.0,0.05,17,2095761985,M0,689752ec2d69,1.0,0.796,0.1538,0.0234,0.0502,0.3846,0.2835,1.0,1.0,299,238,252
W-pause,300,0.3,1.0,0.05,17,2095761985,M1,689752ec2d69,1.0,0.796,0.1538,0.0234,0.0502,0.3846,0.6869,1.0,1.0,299,238,252
W-pause,300,0.3,1.0,0.05,17,2095761985,M2,689752ec2d69,1.0,0.796,1.0,0.0736,0.0,0.0836,0.0019,0.0,0.1548,299,238,252
W-pause,300,0.3,1.0,0.05,17,2095761985,M1+pausa,689752ec2d69,1.0,0.796,0.9498,0.0234,0.0502,0.1137,0.0425,0.0,0.1548,299,238,252
W-pause,300,0.3,1.0,0.05,18,2071123598,M0,689752ec2d69,1.0,0.7291,0.2174,0.0201,0.0535,0.5117,0.2418,1.0,1.0,299,218,246
W-pause,300,0.3,1.0,0.05,18,2071123598,M1,689752ec2d69,1.0,0.7291,0.2174,0.0201,0.0535,0.5117,0.6361,1.0,1.0,299,218,246
W-pause,300,0.3,1.0,0.05,18,2071123598,M2,689752ec2d69,1.0,0.7291,1.0,0.0635,0.0,0.1472,0.0025,0.0,0.2683,299,218,246
W-pause,300,0.3,1.0,0.05,18,2071123598,M1+pausa,689752ec2d69,1.0,0.7291,0.9465,0.0201,0.0535,0.1806,0.0458,0.0,0.2683,299,218,246
W-pause,300,0.3,1.0,0.05,19,1651107791,M0,689752ec2d69,1.0,0.7926,0.1806,0.0167,0.0268,0.5819,0.2783,1.0,1.0,299,237,247
W-pause,300,0.3,1.0,0.05,19,1651107791,M1,689752ec2d69,1.0,0.7926,0.1806,0.0167,0.0268,0.5819,0.6655,1.0,1.0,299,237,247
W-pause,300,0.3,1.0,0.05,19,1651107791,M2,689752ec2d69,1.0,0.7926,1.0,0.0435,0.0,0.0936,0.0021,0.0,0.1903,299,237,247
W-pause,300,0.3,1.0,0.05,19,1651107791,M1+pausa,689752ec2d69,1.0,0.7926,0.9732,0.0167,0.0268,0.1171,0.0238,0.0,0.1903,299,237,247
W-pause,300,0.3,1.0,0.25,0,395521000,M0,689752ec2d69,1.0,0.7926,0.1739,0.0334,0.0334,0.8395,0.223,1.0,1.0,299,237,240
W-pause,300,0.3,1.0,0.25,0,395521000,M1,689752ec2d69,1.0,0.7926,0.1739,0.0334,0.0334,0.8395,0.6709,1.0,1.0,299,237,240
W-pause,300,0.3,1.0,0.25,0,395521000,M2,689752ec2d69,1.0,0.7926,1.0,0.0602,0.0,0.0903,0.0021,0.0,0.1125,299,237,240
W-pause,300,0.3,1.0,0.25,0,395521000,M1+pausa,689752ec2d69,1.0,0.7926,0.9666,0.0334,0.0334,0.1237,0.0291,0.0,0.1125,299,237,240
W-pause,300,0.3,1.0,0.25,1,243800745,M0,689752ec2d69,1.0,0.8161,0.1672,0.0368,0.0167,0.8294,0.3728,1.0,1.0,299,244,252
W-pause,300,0.3,1.0,0.25,1,243800745,M1,689752ec2d69,1.0,0.8161,0.1672,0.0368,0.0167,0.8294,0.6762,1.0,1.0,299,244,252
W-pause,300,0.3,1.0,0.25,1,243800745,M2,689752ec2d69,1.0,0.8161,1.0,0.0468,0.0,0.087,0.002,0.0,0.1429,299,244,252
W-pause,300,0.3,1.0,0.25,1,243800745,M1+pausa,689752ec2d69,1.0,0.8161,0.9833,0.0368,0.0167,0.1037,0.0155,0.0,0.1429,299,244,252
W-pause,300,0.3,1.0,0.25,2,631589226,M0,689752ec2d69,1.0,0.8161,0.1639,0.0502,0.0201,0.8428,0.2582,1.0,1.0,299,244,237
W-pause,300,0.3,1.0,0.25,2,631589226,M1,689752ec2d69,1.0,0.8161,0.1639,0.0502,0.0201,0.8428,0.6789,1.0,1.0,299,244,237
W-pause,300,0.3,1.0,0.25,2,631589226,M2,689752ec2d69,1.0,0.8161,1.0,0.0602,0.0,0.087,0.002,0.0,0.1899,299,244,237
W-pause,300,0.3,1.0,0.25,2,631589226,M1+pausa,689752ec2d69,1.0,0.8161,0.9799,0.0502,0.0201,0.1037,0.0182,0.0,0.1899,299,244,237
W-pause,300,0.3,1.0,0.25,3,1019115563,M0,689752ec2d69,1.0,0.8094,0.1605,0.0368,0.0301,0.7525,0.0834,1.0,1.0,299,242,249
W-pause,300,0.3,1.0,0.25,3,1019115563,M1,689752ec2d69,1.0,0.8094,0.1605,0.0368,0.0301,0.7525,0.6816,1.0,1.0,299,242,249
W-pause,300,0.3,1.0,0.25,3,1019115563,M2,689752ec2d69,1.0,0.8094,1.0,0.0602,0.0,0.0903,0.0019,0.0,0.1446,299,242,249
W-pause,300,0.3,1.0,0.25,3,1019115563,M1+pausa,689752ec2d69,1.0,0.8094,0.9699,0.0368,0.0301,0.1204,0.0263,0.0,0.1446,299,242,249
W-pause,300,0.3,1.0,0.25,4,1946152684,M0,689752ec2d69,1.0,0.8328,0.1438,0.0468,0.0234,0.796,0.1791,1.0,1.0,299,249,255
W-pause,300,0.3,1.0,0.25,4,1946152684,M1,689752ec2d69,1.0,0.8328,0.1438,0.0468,0.0234,0.796,0.6949,1.0,1.0,299,249,255
W-pause,300,0.3,1.0,0.25,4,1946152684,M2,689752ec2d69,1.0,0.8328,1.0,0.0569,0.0,0.0736,0.0018,0.0,0.1647,299,249,255
W-pause,300,0.3,1.0,0.25,4,1946152684,M1+pausa,689752ec2d69,1.0,0.8328,0.9766,0.0468,0.0234,0.097,0.0207,0.0,0.1647,299,249,255
W-pause,300,0.3,1.0,0.25,5,1793384365,M0,689752ec2d69,1.0,0.796,0.1706,0.0334,0.0334,0.8462,0.2939,1.0,1.0,299,238,243
W-pause,300,0.3,1.0,0.25,5,1793384365,M1,689752ec2d69,1.0,0.796,0.1706,0.0334,0.0334,0.8462,0.6735,1.0,1.0,299,238,243
W-pause,300,0.3,1.0,0.25,5,1793384365,M2,689752ec2d69,1.0,0.796,1.0,0.0535,0.0,0.107,0.002,0.0,0.1646,299,238,243
W-pause,300,0.3,1.0,0.25,5,1793384365,M1+pausa,689752ec2d69,1.0,0.796,0.9666,0.0334,0.0334,0.1405,0.0291,0.0,0.1646,299,238,243
W-pause,300,0.3,1.0,0.25,6,1103727726,M0,689752ec2d69,1.0,0.7191,0.2408,0.0502,0.0401,0.7793,0.2242,1.0,1.0,299,215,240
W-pause,300,0.3,1.0,0.25,6,1103727726,M1,689752ec2d69,1.0,0.7191,0.2408,0.0502,0.0401,0.7793,0.6174,1.0,1.0,299,215,240
W-pause,300,0.3,1.0,0.25,6,1103727726,M2,689752ec2d69,1.0,0.7191,1.0,0.0803,0.0,0.1371,0.0027,0.0,0.2792,299,215,240
W-pause,300,0.3,1.0,0.25,6,1103727726,M1+pausa,689752ec2d69,1.0,0.7191,0.9599,0.0502,0.0401,0.1739,0.0352,0.0,0.2792,299,215,240
W-pause,300,0.3,1.0,0.25,7,1490205999,M0,689752ec2d69,1.0,0.7793,0.1839,0.0602,0.0368,0.8194,0.0808,1.0,1.0,299,233,245
W-pause,300,0.3,1.0,0.25,7,1490205999,M1,689752ec2d69,1.0,0.7793,0.1839,0.0602,0.0368,0.8194,0.6628,1.0,1.0,299,233,245
W-pause,300,0.3,1.0,0.25,7,1490205999,M2,689752ec2d69,1.0,0.7793,1.0,0.0836,0.0,0.0803,0.0022,0.0,0.2204,299,233,245
W-pause,300,0.3,1.0,0.25,7,1490205999,M1+pausa,689752ec2d69,1.0,0.7793,0.9632,0.0602,0.0368,0.1171,0.032,0.0,0.2204,299,233,245
W-pause,300,0.3,1.0,0.25,8,1598726624,M0,689752ec2d69,1.0,0.7458,0.2107,0.0401,0.0435,0.7793,0.1847,1.0,1.0,299,223,269
W-pause,300,0.3,1.0,0.25,8,1598726624,M1,689752ec2d69,1.0,0.7458,0.2107,0.0401,0.0435,0.7793,0.6414,1.0,1.0,299,223,269
W-pause,300,0.3,1.0,0.25,8,1598726624,M2,689752ec2d69,1.0,0.7458,1.0,0.0602,0.0,0.1137,0.0024,0.0,0.2045,299,223,269
W-pause,300,0.3,1.0,0.25,8,1598726624,M1+pausa,689752ec2d69,1.0,0.7458,0.9565,0.0401,0.0435,0.1438,0.0376,0.0,0.2045,299,223,269
W-pause,300,0.3,1.0,0.25,9,1179750561,M0,689752ec2d69,1.0,0.7726,0.1806,0.0334,0.0468,0.7559,0.3552,1.0,1.0,299,231,246
W-pause,300,0.3,1.0,0.25,9,1179750561,M1,689752ec2d69,1.0,0.7726,0.1806,0.0334,0.0468,0.7559,0.6655,1.0,1.0,299,231,246
W-pause,300,0.3,1.0,0.25,9,1179750561,M2,689752ec2d69,1.0,0.7726,1.0,0.0569,0.0,0.0836,0.0021,0.0,0.2073,299,231,246
W-pause,300,0.3,1.0,0.25,9,1179750561,M1+pausa,689752ec2d69,1.0,0.7726,0.9532,0.0334,0.0468,0.1304,0.04,0.0,0.2073,299,231,246
W-pause,300,0.3,1.0,0.25,10,607407535,M0,689752ec2d69,1.0,0.7191,0.2308,0.0669,0.0502,0.7324,0.209,1.0,1.0,299,215,248
W-pause,300,0.3,1.0,0.25,10,607407535,M1,689752ec2d69,1.0,0.7191,0.2308,0.0669,0.0502,0.7324,0.6254,1.0,1.0,299,215,248
W-pause,300,0.3,1.0,0.25,10,607407535,M2,689752ec2d69,1.0,0.7191,1.0,0.1003,0.0,0.0903,0.0026,0.0,0.2702,299,215,248
W-pause,300,0.3,1.0,0.25,10,607407535,M1+pausa,689752ec2d69,1.0,0.7191,0.9498,0.0669,0.0502,0.1405,0.0432,0.0,0.2702,299,215,248
W-pause,300,0.3,1.0,0.25,11,1026522350,M0,689752ec2d69,1.0,0.8161,0.1639,0.0301,0.0201,0.8629,0.245,1.0,1.0,299,244,248
W-pause,300,0.3,1.0,0.25,11,1026522350,M1,689752ec2d69,1.0,0.8161,0.1639,0.0301,0.0201,0.8629,0.6789,1.0,1.0,299,244,248
W-pause,300,0.3,1.0,0.25,11,1026522350,M2,689752ec2d69,1.0,0.8161,1.0,0.0401,0.0,0.0936,0.002,0.0,0.125,299,244,248
W-pause,300,0.3,1.0,0.25,11,1026522350,M1+pausa,689752ec2d69,1.0,0.8161,0.9799,0.0301,0.0201,0.1137,0.0182,0.0,0.125,299,244,248
W-pause,300,0.3,1.0,0.25,12,369241901,M0,689752ec2d69,1.0,0.7692,0.194,0.0702,0.0368,0.7759,0.1185,1.0,1.0,299,230,239
W-pause,300,0.3,1.0,0.25,12,369241901,M1,689752ec2d69,1.0,0.7692,0.194,0.0702,0.0368,0.7759,0.6548,1.0,1.0,299,230,239
W-pause,300,0.3,1.0,0.25,12,369241901,M2,689752ec2d69,1.0,0.7692,1.0,0.0936,0.0,0.0936,0.0023,0.0,0.2259,299,230,239
W-pause,300,0.3,1.0,0.25,12,369241901,M1+pausa,689752ec2d69,1.0,0.7692,0.9632,0.0702,0.0368,0.1304,0.032,0.0,0.2259,299,230,239
W-pause,300,0.3,1.0,0.25,13,253304428,M0,689752ec2d69,1.0,0.8294,0.1338,0.0201,0.0368,0.8462,0.3219,1.0,1.0,299,248,248
W-pause,300,0.3,1.0,0.25,13,253304428,M1,689752ec2d69,1.0,0.8294,0.1338,0.0201,0.0368,0.8462,0.703,1.0,1.0,299,248,248
W-pause,300,0.3,1.0,0.25,13,253304428,M2,689752ec2d69,1.0,0.8294,1.0,0.0368,0.0,0.0769,0.0017,0.0,0.1331,299,248,248
W-pause,300,0.3,1.0,0.25,13,253304428,M1+pausa,689752ec2d69,1.0,0.8294,0.9632,0.0201,0.0368,0.1137,0.0315,0.0,0.1331,299,248,248
W-pause,300,0.3,1.0,0.25,14,1079543979,M0,689752ec2d69,1.0,0.8194,0.1472,0.0268,0.0334,0.796,0.2403,1.0,1.0,299,245,246
W-pause,300,0.3,1.0,0.25,14,1079543979,M1,689752ec2d69,1.0,0.8194,0.1472,0.0268,0.0334,0.796,0.6923,1.0,1.0,299,245,246
W-pause,300,0.3,1.0,0.25,14,1079543979,M2,689752ec2d69,1.0,0.8194,1.0,0.0468,0.0,0.087,0.0018,0.0,0.1423,299,245,246
W-pause,300,0.3,1.0,0.25,14,1079543979,M1+pausa,689752ec2d69,1.0,0.8194,0.9666,0.0268,0.0334,0.1204,0.0289,0.0,0.1423,299,245,246
W-pause,300,0.3,1.0,0.25,15,1497610730,M0,689752ec2d69,1.0,0.796,0.1806,0.0401,0.0234,0.8027,0.3064,1.0,1.0,299,238,247
W-pause,300,0.3,1.0,0.25,15,1497610730,M1,689752ec2d69,1.0,0.796,0.1806,0.0401,0.0234,0.8027,0.6655,1.0,1.0,299,238,247
W-pause,300,0.3,1.0,0.25,15,1497610730,M2,689752ec2d69,1.0,0.796,1.0,0.0569,0.0,0.1003,0.0021,0.0,0.1619,299,238,247
W-pause,300,0.3,1.0,0.25,15,1497610730,M1+pausa,689752ec2d69,1.0,0.796,0.9766,0.0401,0.0234,0.1237,0.0211,0.0,0.1619,299,238,247
W-pause,300,0.3,1.0,0.25,16,1919871529,M0,689752ec2d69,1.0,0.7057,0.2375,0.0635,0.0569,0.7893,0.2951,1.0,1.0,299,211,260
W-pause,300,0.3,1.0,0.25,16,1919871529,M1,689752ec2d69,1.0,0.7057,0.2375,0.0635,0.0569,0.7893,0.62,1.0,1.0,299,211,260
W-pause,300,0.3,1.0,0.25,16,1919871529,M2,689752ec2d69,1.0,0.7057,1.0,0.0769,0.0,0.1237,0.0027,0.0,0.2269,299,211,260
W-pause,300,0.3,1.0,0.25,16,1919871529,M1+pausa,689752ec2d69,1.0,0.7057,0.9431,0.0635,0.0569,0.1806,0.0487,0.0,0.2269,299,211,260
W-pause,300,0.3,1.0,0.25,17,1802885992,M0,689752ec2d69,1.0,0.7023,0.2441,0.0803,0.0535,0.7659,0.106,1.0,1.0,299,210,251
W-pause,300,0.3,1.0,0.25,17,1802885992,M1,689752ec2d69,1.0,0.7023,0.2441,0.0803,0.0535,0.7659,0.6147,1.0,1.0,299,210,251
W-pause,300,0.3,1.0,0.25,17,1802885992,M2,689752ec2d69,1.0,0.7023,1.0,0.1171,0.0,0.1304,0.0027,0.0,0.2311,299,210,251
W-pause,300,0.3,1.0,0.25,17,1802885992,M1+pausa,689752ec2d69,1.0,0.7023,0.9465,0.0803,0.0535,0.1839,0.0461,0.0,0.2311,299,210,251
W-pause,300,0.3,1.0,0.25,18,1827522471,M0,689752ec2d69,1.0,0.8227,0.1572,0.0502,0.0201,0.6722,0.2318,1.0,1.0,299,246,264
W-pause,300,0.3,1.0,0.25,18,1827522471,M1,689752ec2d69,1.0,0.8227,0.1572,0.0502,0.0201,0.6722,0.6842,1.0,1.0,299,246,264
W-pause,300,0.3,1.0,0.25,18,1827522471,M2,689752ec2d69,1.0,0.8227,1.0,0.0669,0.0,0.0702,0.0019,0.0,0.1174,299,246,264
W-pause,300,0.3,1.0,0.25,18,1827522471,M1+pausa,689752ec2d69,1.0,0.8227,0.9799,0.0502,0.0201,0.0903,0.0182,0.0,0.1174,299,246,264
W-pause,300,0.3,1.0,0.25,19,1979119334,M0,689752ec2d69,1.0,0.8495,0.1237,0.0301,0.0268,0.7057,0.3592,1.0,1.0,299,254,237
W-pause,300,0.3,1.0,0.25,19,1979119334,M1,689752ec2d69,1.0,0.8495,0.1237,0.0301,0.0268,0.7057,0.711,1.0,1.0,299,254,237
W-pause,300,0.3,1.0,0.25,19,1979119334,M2,689752ec2d69,1.0,0.8495,1.0,0.0468,0.0,0.0702,0.0016,0.0,0.1013,299,254,237
W-pause,300,0.3,1.0,0.25,19,1979119334,M1+pausa,689752ec2d69,1.0,0.8495,0.9732,0.0301,0.0268,0.087,0.0232,0.0,0.1013,299,254,237
W-pause,300,0.3,0.7,0.05,0,787891941,M0,689752ec2d69,1.0,0.8361,0.1307,0.0196,0.0392,0.451,0.2528,1.0,1.0,153,127,122
W-pause,300,0.3,0.7,0.05,0,787891941,M1,689752ec2d69,1.0,0.8361,0.1307,0.0196,0.0392,0.451,0.7054,1.0,1.0,153,127,122
W-pause,300,0.3,0.7,0.05,0,787891941,M2,689752ec2d69,1.0,0.8361,1.0,0.0523,0.0,0.085,0.0017,0.0,0.1066,153,127,122
W-pause,300,0.3,0.7,0.05,0,787891941,M1+pausa,689752ec2d69,1.0,0.8361,0.9608,0.0196,0.0392,0.1176,0.0334,0.0,0.1066,153,127,122
W-pause,300,0.3,0.7,0.05,1,938309540,M0,689752ec2d69,1.0,0.8127,0.1576,0.0061,0.0545,0.4545,0.3181,1.0,1.0,165,130,130
W-pause,300,0.3,0.7,0.05,1,938309540,M1,689752ec2d69,1.0,0.8127,0.1576,0.0061,0.0545,0.4545,0.6839,1.0,1.0,165,130,130
W-pause,300,0.3,0.7,0.05,1,938309540,M2,689752ec2d69,1.0,0.8127,1.0,0.0606,0.0,0.0788,0.0019,0.0,0.2,165,130,130
W-pause,300,0.3,0.7,0.05,1,938309540,M1+pausa,689752ec2d69,1.0,0.8127,0.9455,0.0061,0.0545,0.0909,0.0461,0.0,0.2,165,130,130
W-pause,300,0.3,0.7,0.05,2,482354279,M0,689752ec2d69,1.0,0.7358,0.1706,0.0471,0.0882,0.5412,0.1846,1.0,1.0,170,126,134
W-pause,300,0.3,0.7,0.05,2,482354279,M1,689752ec2d69,1.0,0.7358,0.1706,0.0471,0.0882,0.5412,0.6735,1.0,1.0,170,126,134
W-pause,300,0.3,0.7,0.05,2,482354279,M2,689752ec2d69,1.0,0.7358,1.0,0.1294,0.0,0.0824,0.002,0.0,0.2537,170,126,134
W-pause,300,0.3,0.7,0.05,2,482354279,M1+pausa,689752ec2d69,1.0,0.7358,0.9118,0.0471,0.0882,0.1294,0.0735,0.0,0.2537,170,126,134
W-pause,300,0.3,0.7,0.05,3,98243878,M0,689752ec2d69,1.0,0.8194,0.1308,0.0385,0.0692,0.2462,0.528,1.0,1.0,130,104,109
W-pause,300,0.3,0.7,0.05,3,98243878,M1,689752ec2d69,1.0,0.8194,0.1308,0.0385,0.0692,0.2462,0.7054,1.0,1.0,130,104,109
W-pause,300,0.3,0.7,0.05,3,98243878,M2,689752ec2d69,1.0,0.8194,1.0,0.1077,0.0,0.0538,0.0017,0.0,0.1651,130,104,109
W-pause,300,0.3,0.7,0.05,3,98243878,M1+pausa,689752ec2d69,1.0,0.8194,0.9308,0.0385,0.0692,0.0923,0.0577,0.0,0.1651,130,104,109
W-pause,300,0.3,0.7,0.05,4,1251640289,M0,689752ec2d69,1.0,0.8963,0.0896,0.0075,0.0224,0.2537,0.1022,1.0,1.0,134,119,124
W-pause,300,0.3,0.7,0.05,4,1251640289,M1,689752ec2d69,1.0,0.8963,0.0896,0.0075,0.0224,0.2537,0.7384,1.0,1.0,134,119,124
W-pause,300,0.3,0.7,0.05,4,1251640289,M2,689752ec2d69,1.0,0.8963,1.0,0.0299,0.0,0.0448,0.0013,0.0,0.0887,134,119,124
W-pause,300,0.3,0.7,0.05,4,1251640289,M1+pausa,689752ec2d69,1.0,0.8963,0.9776,0.0075,0.0224,0.0448,0.0194,0.0,0.0887,134,119,124
W-pause,300,0.3,0.7,0.05,5,1401008800,M0,689752ec2d69,1.0,0.8328,0.0993,0.0,0.0426,0.695,0.0943,1.0,1.0,141,121,109
W-pause,300,0.3,0.7,0.05,5,1401008800,M1,689752ec2d69,1.0,0.8328,0.0993,0.0,0.0426,0.695,0.7306,1.0,1.0,141,121,109
W-pause,300,0.3,0.7,0.05,5,1401008800,M2,689752ec2d69,1.0,0.8328,1.0,0.0355,0.0,0.0993,0.0014,0.0,0.1193,141,121,109
W-pause,300,0.3,0.7,0.05,5,1401008800,M1+pausa,689752ec2d69,1.0,0.8328,0.9574,0.0,0.0426,0.1418,0.0358,0.0,0.1193,141,121,109
W-pause,300,0.3,0.7,0.05,6,2024595811,M0,689752ec2d69,1.0,0.8194,0.1307,0.0065,0.0588,0.3399,0.4562,1.0,1.0,153,124,129
W-pause,300,0.3,0.7,0.05,6,2024595811,M1,689752ec2d69,1.0,0.8194,0.1307,0.0065,0.0588,0.3399,0.7054,1.0,1.0,153,124,129
W-pause,300,0.3,0.7,0.05,6,2024595811,M2,689752ec2d69,1.0,0.8194,1.0,0.0588,0.0,0.0719,0.0017,0.0,0.1628,153,124,129
W-pause,300,0.3,0.7,0.05,6,2024595811,M1+pausa,689752ec2d69,1.0,0.8194,0.9412,0.0065,0.0588,0.1111,0.0493,0.0,0.1628,153,124,129
W-pause,300,0.3,0.7,0.05,7,1639436322,M0,689752ec2d69,1.0,0.786,0.1133,0.0267,0.0733,0.5667,0.1686,1.0,1.0,150,122,128
W-pause,300,0.3,0.7,0.05,7,1639436322,M1,689752ec2d69,1.0,0.786,0.1133,0.0267,0.0733,0.5667,0.7193,1.0,1.0,150,122,128
W-pause,300,0.3,0.7,0.05,7,1639436322,M2,689752ec2d69,1.0,0.786,1.0,0.0867,0.0,0.06,0.0015,0.0,0.1953,150,122,128
W-pause,300,0.3,0.7,0.05,7,1639436322,M1+pausa,689752ec2d69,1.0,0.786,0.9267,0.0267,0.0733,0.1133,0.0609,0.0,0.1953,150,122,128
W-pause,300,0.3,0.7,0.05,8,1714408685,M0,689752ec2d69,1.0,0.7759,0.1718,0.0061,0.0368,0.4969,0.3769,1.0,1.0,163,129,126
W-pause,300,0.3,0.7,0.05,8,1714408685,M1,689752ec2d69,1.0,0.7759,0.1718,0.0061,0.0368,0.4969,0.6726,1.0,1.0,163,129,126
W-pause,300,0.3,0.7,0.05,8,1714408685,M2,689752ec2d69,1.0,0.7759,1.0,0.0429,0.0,0.1227,0.002,0.0,0.1825,163,129,126
W-pause,300,0.3,0.7,0.05,8,1714408685,M1+pausa,689752ec2d69,1.0,0.7759,0.9632,0.0061,0.0368,0.135,0.0319,0.0,0.1825,163,129,126
W-pause,300,0.3,0.7,0.05,9,2134179244,M0,689752ec2d69,1.0,0.7692,0.1277,0.0213,0.0355,0.5816,0.2721,1.0,1.0,141,118,109
W-pause,300,0.3,0.7,0.05,9,2134179244,M1,689752ec2d69,1.0,0.7692,0.1277,0.0213,0.0355,0.5816,0.7079,1.0,1.0,141,118,109
W-pause,300,0.3,0.7,0.05,9,2134179244,M2,689752ec2d69,1.0,0.7692,1.0,0.0426,0.0,0.0496,0.0016,0.0,0.1651,141,118,109
W-pause,300,0.3,0.7,0.05,9,2134179244,M1+pausa,689752ec2d69,1.0,0.7692,0.9645,0.0213,0.0355,0.0851,0.0303,0.0,0.1651,141,118,109
W-pause,300,0.3,0.7,0.05,10,1513903231,M0,689752ec2d69,1.0,0.913,0.0608,0.0068,0.0203,0.2635,0.0692,1.0,1.0,148,136,139
W-pause,300,0.3,0.7,0.05,10,1513903231,M1,689752ec2d69,1.0,0.913,0.0608,0.0068,0.0203,0.2635,0.7614,1.0,1.0,148,136,139
W-pause,300,0.3,0.7,0.05,10,1513903231,M2,689752ec2d69,1.0,0.913,1.0,0.027,0.0,0.0473,0.001,0.0,0.036,148,136,139
W-pause,300,0.3,0.7,0.05,10,1513903231,M1+pausa,689752ec2d69,1.0,0.913,0.9797,0.0068,0.0203,0.0676,0.0174,0.0,0.036,148,136,139
W-pause,300,0.3,0.7,0.05,11,1126655294,M0,689752ec2d69,1.0,0.8796,0.1223,0.0,0.0216,0.6403,0.1929,1.0,1.0,139,119,105
W-pause,300,0.3,0.7,0.05,11,1126655294,M1,689752ec2d69,1.0,0.8796,0.1223,0.0,0.0216,0.6403,0.7122,1.0,1.0,139,119,105
W-pause,300,0.3,0.7,0.05,11,1126655294,M2,689752ec2d69,1.0,0.8796,1.0,0.0216,0.0,0.1007,0.0016,0.0,0.1429,139,119,105
W-pause,300,0.3,0.7,0.05,11,1126655294,M1+pausa,689752ec2d69,1.0,0.8796,0.9784,0.0,0.0216,0.1151,0.019,0.0,0.1429,139,119,105
W-pause,300,0.3,0.7,0.05,12,1745499901,M0,689752ec2d69,1.0,0.7124,0.2096,0.0419,0.0599,0.6647,0.1042,1.0,1.0,167,122,141
W-pause,300,0.3,0.7,0.05,12,1745499901,M1,689752ec2d69,1.0,0.7124,0.2096,0.0419,0.0599,0.6647,0.6423,1.0,1.0,167,122,141
W-pause,300,0.3,0.7,0.05,12,1745499901,M2,689752ec2d69,1.0,0.7124,1.0,0.0958,0.0,0.1497,0.0024,0.0,0.2057,167,122,141
W-pause,300,0.3,0.7,0.05,12,1745499901,M1+pausa,689752ec2d69,1.0,0.7124,0.9401,0.0419,0.0599,0.2036,0.0509,0.0,0.2057,167,122,141
W-pause,300,0.3,0.7,0.05,13,1896941500,M0,689752ec2d69,1.0,0.7826,0.1351,0.0203,0.0405,0.4324,0.1523,1.0,1.0,148,122,119
W-pause,300,0.3,0.7,0.05,13,1896941500,M1,689752ec2d69,1.0,0.7826,0.1351,0.0203,0.0405,0.4324,0.7019,1.0,1.0,148,122,119
W-pause,300,0.3,0.7,0.05,13,1896941500,M2,689752ec2d69,1.0,0.7826,1.0,0.0541,0.0,0.0541,0.0017,0.0,0.1345,148,122,119
W-pause,300,0.3,0.7,0.05,13,1896941500,M1+pausa,689752ec2d69,1.0,0.7826,0.9595,0.0203,0.0405,0.0811,0.0345,0.0,0.1345,148,122,119
W-pause,300,0.3,0.7,0.05,14,1045467515,M0,689752ec2d69,1.0,0.8294,0.137,0.0205,0.0342,0.4178,0.3001,1.0,1.0,146,121,130
W-pause,300,0.3,0.7,0.05,14,1045467515,M1,689752ec2d69,1.0,0.8294,0.137,0.0205,0.0342,0.4178,0.7004,1.0,1.0,146,121,130
W-pause,300,0.3,0.7,0.05,14,1045467515,M2,689752ec2d69,1.0,0.8294,1.0,0.0548,0.0,0.0822,0.0017,0.0,0.0769,146,121,130
W-pause,300,0.3,0.7,0.05,14,1045467515,M1+pausa,689752ec2d69,1.0,0.8294,0.9658,0.0205,0.0342,0.1027,0.0294,0.0,0.0769,146,121,130
W-pause,300,0.3,0.7,0.05,15,659267642,M0,689752ec2d69,1.0,0.8161,0.0963,0.0222,0.0519,0.5407,0.2978,1.0,1.0,135,115,101
W-pause,300,0.3,0.7,0.05,15,659267642,M1,689752ec2d69,1.0,0.8161,0.0963,0.0222,0.0519,0.5407,0.733,1.0,1.0,135,115,101
W-pause,300,0.3,0.7,0.05,15,659267642,M2,689752ec2d69,1.0,0.8161,1.0,0.0593,0.0,0.0667,0.0013,0.0,0.1089,135,115,101
W-pause,300,0.3,0.7,0.05,15,659267642,M1+pausa,689752ec2d69,1.0,0.8161,0.9481,0.0222,0.0519,0.1111,0.0433,0.0,0.1089,135,115,101
W-pause,300,0.3,0.7,0.05,16,208073721,M0,689752ec2d69,1.0,0.8294,0.1493,0.0373,0.0299,0.291,0.0866,1.0,1.0,134,110,114
W-pause,300,0.3,0.7,0.05,16,208073721,M1,689752ec2d69,1.0,0.8294,0.1493,0.0373,0.0299,0.291,0.6906,1.0,1.0,134,110,114
W-pause,300,0.3,0.7,0.05,16,208073721,M2,689752ec2d69,1.0,0.8294,1.0,0.0672,0.0,0.0448,0.0018,0.0,0.0877,134,110,114
W-pause,300,0.3,0.7,0.05,16,208073721,M1+pausa,689752ec2d69,1.0,0.8294,0.9701,0.0373,0.0299,0.0597,0.026,0.0,0.0877,134,110,114
W-pause,300,0.3,0.7,0.05,17,360563384,M0,689752ec2d69,1.0,0.709,0.2609,0.0186,0.0497,0.6087,0.3083,1.0,1.0,161,111,130
W-pause,300,0.3,0.7,0.05,17,360563384,M1,689752ec2d69,1.0,0.709,0.2609,0.0186,0.0497,0.6087,0.6013,1.0,1.0,161,111,130
W-pause,300,0.3,0.7,0.05,17,360563384,M2,689752ec2d69,1.0,0.709,1.0,0.0559,0.0,0.1366,0.0029,0.0,0.2923,161,111,130
W-pause,300,0.3,0.7,0.05,17,360563384,M1+pausa,689752ec2d69,1.0,0.709,0.9503,0.0186,0.0497,0.1801,0.0431,0.0,0.2923,161,111,130
W-pause,300,0.3,0.7,0.05,18,317054583,M0,689752ec2d69,1.0,0.7525,0.1796,0.006,0.0479,0.2754,0.3785,1.0,1.0,167,129,133
W-pause,300,0.3,0.7,0.05,18,317054583,M1,689752ec2d69,1.0,0.7525,0.1796,0.006,0.0479,0.2754,0.6663,1.0,1.0,167,129,133
W-pause,300,0.3,0.7,0.05,18,317054583,M2,689752ec2d69,1.0,0.7525,1.0,0.0479,0.0,0.0778,0.0021,0.0,0.1278,167,129,133
W-pause,300,0.3,0.7,0.05,18,317054583,M1+pausa,689752ec2d69,1.0,0.7525,0.9521,0.006,0.0479,0.0958,0.0409,0.0,0.1278,167,129,133
W-pause,300,0.3,0.7,0.05,19,201256758,M0,689752ec2d69,1.0,0.7659,0.1926,0.037,0.037,0.3481,0.2043,1.0,1.0,135,104,114
W-pause,300,0.3,0.7,0.05,19,201256758,M1,689752ec2d69,1.0,0.7659,0.1926,0.037,0.037,0.3481,0.6559,1.0,1.0,135,104,114
W-pause,300,0.3,0.7,0.05,19,201256758,M2,689752ec2d69,1.0,0.7659,1.0,0.0741,0.0,0.0963,0.0022,0.0,0.193,135,104,114
W-pause,300,0.3,0.7,0.05,19,201256758,M1+pausa,689752ec2d69,1.0,0.7659,0.963,0.037,0.037,0.1185,0.0322,0.0,0.193,135,104,114
W-pause,300,0.3,0.7,0.25,0,1665066990,M0,689752ec2d69,1.0,0.7391,0.2452,0.0774,0.0194,0.7226,0.3733,1.0,1.0,155,114,128
W-pause,300,0.3,0.7,0.25,0,1665066990,M1,689752ec2d69,1.0,0.7391,0.2452,0.0774,0.0194,0.7226,0.6139,1.0,1.0,155,114,128
W-pause,300,0.3,0.7,0.25,0,1665066990,M2,689752ec2d69,1.0,0.7391,1.0,0.0839,0.0,0.1484,0.0028,0.0,0.2109,155,114,128
W-pause,300,0.3,0.7,0.25,0,1665066990,M1+pausa,689752ec2d69,1.0,0.7391,0.9806,0.0774,0.0194,0.1677,0.0184,0.0,0.2109,155,114,128
W-pause,300,0.3,0.7,0.25,1,2049300143,M0,689752ec2d69,1.0,0.7759,0.1918,0.0479,0.0342,0.7192,0.2949,1.0,1.0,146,113,123
W-pause,300,0.3,0.7,0.25,1,2049300143,M1,689752ec2d69,1.0,0.7759,0.1918,0.0479,0.0342,0.7192,0.6566,1.0,1.0,146,113,123
W-pause,300,0.3,0.7,0.25,1,2049300143,M2,689752ec2d69,1.0,0.7759,1.0,0.0685,0.0,0.089,0.0022,0.0,0.1545,146,113,123
W-pause,300,0.3,0.7,0.25,1,2049300143,M1+pausa,689752ec2d69,1.0,0.7759,0.9658,0.0479,0.0342,0.1233,0.03,0.0,0.1545,146,113,123
W-pause,300,0.3,0.7,0.25,2,1359512940,M0,689752ec2d69,1.0,0.8528,0.1338,0.0563,0.0211,0.7676,0.2692,1.0,1.0,142,120,124
W-pause,300,0.3,0.7,0.25,2,1359512940,M1,689752ec2d69,1.0,0.8528,0.1338,0.0563,0.0211,0.7676,0.703,1.0,1.0,142,120,124
W-pause,300,0.3,0.7,0.25,2,1359512940,M2,689752ec2d69,1.0,0.8528,1.0,0.0634,0.0,0.0423,0.0017,0.0,0.0887,142,120,124
W-pause,300,0.3,0.7,0.25,2,1359512940,M1+pausa,689752ec2d69,1.0,0.8528,0.9789,0.0563,0.0211,0.0634,0.0188,0.0,0.0887,142,120,124
W-pause,300,0.3,0.7,0.25,3,1209250861,M0,689752ec2d69,1.0,0.7625,0.1849,0.0479,0.0411,0.8288,0.0782,1.0,1.0,146,113,121
W-pause,300,0.3,0.7,0.25,3,1209250861,M1,689752ec2d69,1.0,0.7625,0.1849,0.0479,0.0411,0.8288,0.6621,1.0,1.0,146,113,121
W-pause,300,0.3,0.7,0.25,3,1209250861,M2,689752ec2d69,1.0,0.7625,1.0,0.0685,0.0,0.0959,0.0022,0.0,0.2314,146,113,121
W-pause,300,0.3,0.7,0.25,3,1209250861,M1+pausa,689752ec2d69,1.0,0.7625,0.9589,0.0479,0.0411,0.137,0.0354,0.0,0.2314,146,113,121
W-pause,300,0.3,0.7,0.25,4,122823402,M0,689752ec2d69,1.0,0.7559,0.2065,0.0065,0.0452,0.8516,0.2318,1.0,1.0,155,116,136
W-pause,300,0.3,0.7,0.25,4,122823402,M1,689752ec2d69,1.0,0.7559,0.2065,0.0065,0.0452,0.8516,0.6448,1.0,1.0,155,116,136
W-pause,300,0.3,0.7,0.25,4,122823402,M2,689752ec2d69,1.0,0.7559,1.0,0.0258,0.0,0.1548,0.0024,0.0,0.2574,155,116,136
W-pause,300,0.3,0.7,0.25,4,122823402,M1+pausa,689752ec2d69,1.0,0.7559,0.9548,0.0065,0.0452,0.1935,0.0389,0.0,0.2574,155,116,136
W-pause,300,0.3,0.7,0.25,5,508105643,M0,689752ec2d69,1.0,0.7692,0.1474,0.0385,0.0513,0.859,0.1875,1.0,1.0,156,125,126
W-pause,300,0.3,0.7,0.25,5,508105643,M1,689752ec2d69,1.0,0.7692,0.1474,0.0385,0.0513,0.859,0.6921,1.0,1.0,156,125,126
W-pause,300,0.3,0.7,0.25,5,508105643,M2,689752ec2d69,1.0,0.7692,1.0,0.0577,0.0,0.0897,0.0018,0.0,0.1746,156,125,126
W-pause,300,0.3,0.7,0.25,5,508105643,M1+pausa,689752ec2d69,1.0,0.7692,0.9487,0.0385,0.0513,0.1346,0.0433,0.0,0.1746,156,125,126
W-pause,300,0.3,0.7,0.25,6,895762536,M0,689752ec2d69,1.0,0.7993,0.1704,0.0148,0.0444,0.8667,0.3454,1.0,1.0,135,106,98
W-pause,300,0.3,0.7,0.25,6,895762536,M1,689752ec2d69,1.0,0.7993,0.1704,0.0148,0.0444,0.8667,0.6737,1.0,1.0,135,106,98
W-pause,300,0.3,0.7,0.25,6,895762536,M2,689752ec2d69,1.0,0.7993,1.0,0.0519,0.0,0.1185,0.002,0.0,0.1429,135,106,98
W-pause,300,0.3,0.7,0.25,6,895762536,M1+pausa,689752ec2d69,1.0,0.7993,0.9556,0.0148,0.0444,0.163,0.038,0.0,0.1429,135,106,98
W-pause,300,0.3,0.7,0.25,7,746549545,M0,689752ec2d69,1.0,0.7358,0.3071,0.0571,0.0286,0.7857,0.1519,1.0,1.0,140,93,113
W-pause,300,0.3,0.7,0.25,7,746549545,M1,689752ec2d69,1.0,0.7358,0.3071,0.0571,0.0286,0.7857,0.5643,1.0,1.0,140,93,113
W-pause,300,0.3,0.7,0.25,7,746549545,M2,689752ec2d69,1.0,0.7358,1.0,0.0786,0.0,0.1929,0.0033,0.0,0.292,140,93,113
W-pause,300,0.3,0.7,0.25,7,746549545,M1+pausa,689752ec2d69,1.0,0.7358,0.9714,0.0571,0.0286,0.2214,0.0265,0.0,0.292,140,93,113
W-pause,300,0.3,0.7,0.25,8,736587238,M0,689752ec2d69,1.0,0.7759,0.2276,0.0621,0.0345,0.7448,0.1675,1.0,1.0,145,107,113
W-pause,300,0.3,0.7,0.25,8,736587238,M1,689752ec2d69,1.0,0.7759,0.2276,0.0621,0.0345,0.7448,0.6279,1.0,1.0,145,107,113
W-pause,300,0.3,0.7,0.25,8,736587238,M2,689752ec2d69,1.0,0.7759,1.0,0.0759,0.0,0.1172,0.0026,0.0,0.2035,145,107,113
W-pause,300,0.3,0.7,0.25,8,736587238,M1+pausa,689752ec2d69,1.0,0.7759,0.9655,0.0621,0.0345,0.1517,0.0305,0.0,0.2035,145,107,113
W-pause,300,0.3,0.7,0.25,9,855399591,M0,689752ec2d69,1.0,0.8395,0.1438,0.0392,0.0196,0.7059,0.1551,1.0,1.0,153,128,132
W-pause,300,0.3,0.7,0.25,9,855399591,M1,689752ec2d69,1.0,0.8395,0.1438,0.0392,0.0196,0.7059,0.695,1.0,1.0,153,128,132
W-pause,300,0.3,0.7,0.25,9,855399591,M2,689752ec2d69,1.0,0.8395,1.0,0.0458,0.0,0.0523,0.0018,0.0,0.1742,153,128,132
W-pause,300,0.3,0.7,0.25,9,855399591,M1+pausa,689752ec2d69,1.0,0.8395,0.9804,0.0392,0.0196,0.0719,0.0177,0.0,0.1742,153,128,132
W-pause,300,0.3,0.7,0.25,10,1302545750,M0,689752ec2d69,1.0,0.913,0.068,0.0204,0.0068,0.8027,0.1285,1.0,1.0,147,136,125
W-pause,300,0.3,0.7,0.25,10,1302545750,M1,689752ec2d69,1.0,0.913,0.068,0.0204,0.0068,0.8027,0.7556,1.0,1.0,147,136,125
W-pause,300,0.3,0.7,0.25,10,1302545750,M2,689752ec2d69,1.0,0.913,1.0,0.0272,0.0,0.0272,0.0011,0.0,0.04,147,136,125
W-pause,300,0.3,0.7,0.25,10,1302545750,M1+pausa,689752ec2d69,1.0,0.913,0.9932,0.0204,0.0068,0.034,0.0066,0.0,0.04,147,136,125
W-pause,300,0.3,0.7,0.25,11,1421374487,M0,689752ec2d69,1.0,0.7993,0.2095,0.0541,0.0405,0.8378,0.4166,1.0,1.0,148,111,118
W-pause,300,0.3,0.7,0.25,11,1421374487,M1,689752ec2d69,1.0,0.7993,0.2095,0.0541,0.0405,0.8378,0.6424,1.0,1.0,148,111,118
W-pause,300,0.3,0.7,0.25,11,1421374487,M2,689752ec2d69,1.0,0.7993,1.0,0.0743,0.0,0.1081,0.0024,0.0,0.2034,148,111,118
W-pause,300,0.3,0.7,0.25,11,1421374487,M1+pausa,689752ec2d69,1.0,0.7993,0.9595,0.0541,0.0405,0.1486,0.0352,0.0,0.2034,148,111,118
W-pause,300,0.3,0.7,0.25,12,2140481492,M0,689752ec2d69,1.0,0.7023,0.2336,0.1022,0.0365,0.781,0.1274,1.0,1.0,137,100,110
W-pause,300,0.3,0.7,0.25,12,2140481492,M1,689752ec2d69,1.0,0.7023,0.2336,0.1022,0.0365,0.781,0.6231,1.0,1.0,137,100,110
W-pause,300,0.3,0.7,0.25,12,2140481492,M2,689752ec2d69,1.0,0.7023,1.0,0.1387,0.0,0.1022,0.0026,0.0,0.2455,137,100,110
W-pause,300,0.3,0.7,0.25,12,2140481492,M1+pausa,689752ec2d69,1.0,0.7023,0.9635,0.1022,0.0365,0.1387,0.0322,0.0,0.2455,137,100,110
W-pause,300,0.3,0.7,0.25,13,1720587925,M0,689752ec2d69,1.0,0.7793,0.1757,0.0608,0.0338,0.723,0.2565,1.0,1.0,148,117,117
W-pause,300,0.3,0.7,0.25,13,1720587925,M1,689752ec2d69,1.0,0.7793,0.1757,0.0608,0.0338,0.723,0.6695,1.0,1.0,148,117,117
W-pause,300,0.3,0.7,0.25,13,1720587925,M2,689752ec2d69,1.0,0.7793,1.0,0.0743,0.0,0.0608,0.0021,0.0,0.1624,148,117,117
W-pause,300,0.3,0.7,0.25,13,1720587925,M1+pausa,689752ec2d69,1.0,0.7793,0.9662,0.0608,0.0338,0.0946,0.0294,0.0,0.1624,148,117,117
W-pause,300,0.3,0.7,0.25,14,701464658,M0,689752ec2d69,1.0,0.7023,0.2273,0.0606,0.0379,0.8333,0.2158,1.0,1.0,132,97,107
W-pause,300,0.3,0.7,0.25,14,701464658,M1,689752ec2d69,1.0,0.7023,0.2273,0.0606,0.0379,0.8333,0.6282,1.0,1.0,132,97,107
W-pause,300,0.3,0.7,0.25,14,701464658,M2,689752ec2d69,1.0,0.7023,1.0,0.0909,0.0,0.1061,0.0026,0.0,0.2336,132,97,107
W-pause,300,0.3,0.7,0.25,14,701464658,M1+pausa,689752ec2d69,1.0,0.7023,0.9621,0.0606,0.0379,0.1439,0.0332,0.0,0.2336,132,97,107
W-pause,300,0.3,0.7,0.25,15,819245331,M0,689752ec2d69,1.0,0.7191,0.1818,0.0152,0.0455,0.8712,0.1313,1.0,1.0,132,102,107
W-pause,300,0.3,0.7,0.25,15,819245331,M1,689752ec2d69,1.0,0.7191,0.1818,0.0152,0.0455,0.8712,0.6645,1.0,1.0,132,102,107
W-pause,300,0.3,0.7,0.25,15,819245331,M2,689752ec2d69,1.0,0.7191,1.0,0.0455,0.0,0.1136,0.0021,0.0,0.215,132,102,107
W-pause,300,0.3,0.7,0.25,15,819245331,M1+pausa,689752ec2d69,1.0,0.7191,0.9545,0.0152,0.0455,0.1515,0.0389,0.0,0.215,132,102,107
W-pause,300,0.3,0.7,0.25,16,469361360,M0,689752ec2d69,1.0,0.7224,0.2138,0.0345,0.0207,0.7586,0.1822,1.0,1.0,145,111,120
W-pause,300,0.3,0.7,0.25,16,469361360,M1,689752ec2d69,1.0,0.7224,0.2138,0.0345,0.0207,0.7586,0.639,1.0,1.0,145,111,120
W-pause,300,0.3,0.7,0.25,16,469361360,M2,689752ec2d69,1.0,0.7224,1.0,0.0414,0.0,0.0897,0.0025,0.0,0.2417,145,111,120
W-pause,300,0.3,0.7,0.25,16,469361360,M1+pausa,689752ec2d69,1.0,0.7224,0.9793,0.0345,0.0207,0.1103,0.0192,0.0,0.2417,145,111,120
W-pause,300,0.3,0.7,0.25,17,48419729,M0,689752ec2d69,1.0,0.7893,0.1126,0.0265,0.0397,0.7748,0.3265,1.0,1.0,151,128,134
W-pause,300,0.3,0.7,0.25,17,48419729,M1,689752ec2d69,1.0,0.7893,0.1126,0.0265,0.0397,0.7748,0.7199,1.0,1.0,151,128,134
W-pause,300,0.3,0.7,0.25,17,48419729,M2,689752ec2d69,1.0,0.7893,1.0,0.053,0.0,0.0662,0.0015,0.0,0.0896,151,128,134
W-pause,300,0.3,0.7,0.25,17,48419729,M1+pausa,689752ec2d69,1.0,0.7893,0.9603,0.0265,0.0397,0.106,0.0337,0.0,0.0896,151,128,134
W-pause,300,0.3,0.7,0.25,18,91934558,M0,689752ec2d69,1.0,0.7057,0.2817,0.0634,0.0211,0.7958,0.2396,1.0,1.0,142,99,126
W-pause,300,0.3,0.7,0.25,18,91934558,M1,689752ec2d69,1.0,0.7057,0.2817,0.0634,0.0211,0.7958,0.5846,1.0,1.0,142,99,126
W-pause,300,0.3,0.7,0.25,18,91934558,M2,689752ec2d69,1.0,0.7057,1.0,0.0845,0.0,0.1761,0.0031,0.0,0.2857,142,99,126
W-pause,300,0.3,0.7,0.25,18,91934558,M1+pausa,689752ec2d69,1.0,0.7057,0.9789,0.0634,0.0211,0.1972,0.0202,0.0,0.2857,142,99,126
W-pause,300,0.3,0.7,0.25,19,476184095,M0,689752ec2d69,1.0,0.7157,0.2276,0.0552,0.0414,0.7448,0.4164,1.0,1.0,145,106,121
W-pause,300,0.3,0.7,0.25,19,476184095,M1,689752ec2d69,1.0,0.7157,0.2276,0.0552,0.0414,0.7448,0.6279,1.0,1.0,145,106,121
W-pause,300,0.3,0.7,0.25,19,476184095,M2,689752ec2d69,1.0,0.7157,1.0,0.0759,0.0,0.1241,0.0026,0.0,0.2397,145,106,121
W-pause,300,0.3,0.7,0.25,19,476184095,M1+pausa,689752ec2d69,1.0,0.7157,0.9586,0.0552,0.0414,0.1655,0.0361,0.0,0.2397,145,106,121
W-pause,600,0.05,1.0,0.05,0,1570232079,M0,689752ec2d69,1.0,0.8431,0.1119,0.0167,0.0451,0.4124,0.5273,1.0,1.0,599,505,541
W-pause,600,0.05,1.0,0.05,0,1570232079,M1,689752ec2d69,1.0,0.8431,0.1119,0.0167,0.0451,0.4124,0.7205,1.0,1.0,599,505,541
W-pause,600,0.05,1.0,0.05,0,1570232079,M2,689752ec2d69,1.0,0.8431,1.0,0.0534,0.0,0.0518,0.0015,0.0,0.1479,599,505,541
W-pause,600,0.05,1.0,0.05,0,1570232079,M1+pausa,689752ec2d69,1.0,0.8431,0.9549,0.0167,0.0451,0.0751,0.038,0.0,0.1479,599,505,541
W-pause,600,0.05,1.0,0.05,1,1150084686,M0,689752ec2d69,1.0,0.7078,0.2321,0.0317,0.0601,0.5275,0.2527,1.0,1.0,599,424,498
W-pause,600,0.05,1.0,0.05,1,1150084686,M1,689752ec2d69,1.0,0.7078,0.2321,0.0317,0.0601,0.5275,0.6244,1.0,1.0,599,424,498
W-pause,600,0.05,1.0,0.05,1,1150084686,M2,689752ec2d69,1.0,0.7078,1.0,0.0818,0.0,0.1035,0.0026,0.0,0.2791,599,424,498
W-pause,600,0.05,1.0,0.05,1,1150084686,M1+pausa,689752ec2d69,1.0,0.7078,0.9399,0.0317,0.0601,0.1352,0.0513,0.0,0.2791,599,424,498
W-pause,600,0.05,1.0,0.05,2,1872868749,M0,689752ec2d69,1.0,0.8331,0.1235,0.01,0.0434,0.2487,0.5724,1.0,1.0,599,499,549
W-pause,600,0.05,1.0,0.05,2,1872868749,M1,689752ec2d69,1.0,0.8331,0.1235,0.01,0.0434,0.2487,0.7112,1.0,1.0,599,499,549
W-pause,600,0.05,1.0,0.05,2,1872868749,M2,689752ec2d69,1.0,0.8331,1.0,0.0518,0.0,0.0384,0.0016,0.0,0.1311,599,499,549
W-pause,600,0.05,1.0,0.05,2,1872868749,M1+pausa,689752ec2d69,1.0,0.8331,0.9566,0.01,0.0434,0.0601,0.0367,0.0,0.1311,599,499,549
W-pause,600,0.05,1.0,0.05,3,1991935180,M0,689752ec2d69,1.0,0.8464,0.1119,0.0117,0.0417,0.404,0.4334,1.0,1.0,599,507,490
W-pause,600,0.05,1.0,0.05,3,1991935180,M1,689752ec2d69,1.0,0.8464,0.1119,0.0117,0.0417,0.404,0.7205,1.0,1.0,599,507,490
W-pause,600,0.05,1.0,0.05,3,1991935180,M2,689752ec2d69,1.0,0.8464,1.0,0.0484,0.0,0.0534,0.0015,0.0,0.1224,599,507,490
W-pause,600,0.05,1.0,0.05,3,1991935180,M1+pausa,689752ec2d69,1.0,0.8464,0.9583,0.0117,0.0417,0.0801,0.0353,0.0,0.1224,599,507,490
W-pause,600,0.05,1.0,0.05,4,972755467,M0,689752ec2d69,1.0,0.7997,0.1519,0.02,0.0484,0.5175,0.2519,1.0,1.0,599,479,504
W-pause,600,0.05,1.0,0.05,4,972755467,M1,689752ec2d69,1.0,0.7997,0.1519,0.02,0.0484,0.5175,0.6885,1.0,1.0,599,479,504
W-pause,600,0.05,1.0,0.05,4,972755467,M2,689752ec2d69,1.0,0.7997,1.0,0.0668,0.0,0.0751,0.0019,0.0,0.1726,599,479,504
W-pause,600,0.05,1.0,0.05,4,972755467,M1+pausa,689752ec2d69,1.0,0.7997,0.9516,0.02,0.0484,0.0985,0.0411,0.0,0.1726,599,479,504
W-pause,600,0.05,1.0,0.05,5,551560010,M0,689752ec2d69,1.0,0.7947,0.1503,0.02,0.0551,0.5359,0.5942,1.0,1.0,599,476,480
W-pause,600,0.05,1.0,0.05,5,551560010,M1,689752ec2d69,1.0,0.7947,0.1503,0.02,0.0551,0.5359,0.6898,1.0,1.0,599,476,480
W-pause,600,0.05,1.0,0.05,5,551560010,M2,689752ec2d69,1.0,0.7947,1.0,0.0718,0.0,0.0801,0.0018,0.0,0.2437,599,476,480
W-pause,600,0.05,1.0,0.05,5,551560010,M1+pausa,689752ec2d69,1.0,0.7947,0.9449,0.02,0.0551,0.0985,0.0464,0.0,0.2437,599,476,480
W-pause,600,0.05,1.0,0.05,6,198013065,M0,689752ec2d69,1.0,0.7663,0.1803,0.0217,0.0534,0.4891,0.3525,1.0,1.0,599,459,486
W-pause,600,0.05,1.0,0.05,6,198013065,M1,689752ec2d69,1.0,0.7663,0.1803,0.0217,0.0534,0.4891,0.6658,1.0,1.0,599,459,486
W-pause,600,0.05,1.0,0.05,6,198013065,M2,689752ec2d69,1.0,0.7663,1.0,0.0684,0.0,0.0801,0.0021,0.0,0.2346,599,459,486
W-pause,600,0.05,1.0,0.05,6,198013065,M1+pausa,689752ec2d69,1.0,0.7663,0.9466,0.0217,0.0534,0.1085,0.0454,0.0,0.2346,599,459,486
W-pause,600,0.05,1.0,0.05,7,316031432,M0,689752ec2d69,1.0,0.8414,0.1285,0.015,0.0301,0.4975,0.453,1.0,1.0,599,504,476
W-pause,600,0.05,1.0,0.05,7,316031432,M1,689752ec2d69,1.0,0.8414,0.1285,0.015,0.0301,0.4975,0.7072,1.0,1.0,599,504,476
W-pause,600,0.05,1.0,0.05,7,316031432,M2,689752ec2d69,1.0,0.8414,1.0,0.0434,0.0,0.0735,0.0016,0.0,0.1471,599,504,476
W-pause,600,0.05,1.0,0.05,7,316031432,M1+pausa,689752ec2d69,1.0,0.8414,0.9699,0.015,0.0301,0.0885,0.026,0.0,0.1471,599,504,476
W-pause,600,0.05,1.0,0.05,8,357457159,M0,689752ec2d69,1.0,0.7062,0.227,0.0217,0.0668,0.4207,0.5372,1.0,1.0,599,423,546
W-pause,600,0.05,1.0,0.05,8,357457159,M1,689752ec2d69,1.0,0.7062,0.227,0.0217,0.0668,0.4207,0.6284,1.0,1.0,599,423,546
W-pause,600,0.05,1.0,0.05,8,357457159,M2,689752ec2d69,1.0,0.7062,1.0,0.0835,0.0,0.1018,0.0026,0.0,0.2454,599,423,546
W-pause,600,0.05,1.0,0.05,8,357457159,M1+pausa,689752ec2d69,1.0,0.7062,0.9332,0.0217,0.0668,0.1269,0.0566,0.0,0.2454,599,423,546
W-pause,600,0.05,1.0,0.05,9,206924870,M0,689752ec2d69,1.0,0.7613,0.182,0.0134,0.0568,0.3639,0.5845,1.0,1.0,599,456,476
W-pause,600,0.05,1.0,0.05,9,206924870,M1,689752ec2d69,1.0,0.7613,0.182,0.0134,0.0568,0.3639,0.6644,1.0,1.0,599,456,476
W-pause,600,0.05,1.0,0.05,9,206924870,M2,689752ec2d69,1.0,0.7613,1.0,0.0668,0.0,0.0451,0.0021,0.0,0.2332,599,456,476
W-pause,600,0.05,1.0,0.05,9,206924870,M1+pausa,689752ec2d69,1.0,0.7613,0.9432,0.0134,0.0568,0.0634,0.0481,0.0,0.2332,599,456,476
W-pause,600,0.05,1.0,0.05,10,445660808,M0,689752ec2d69,1.0,0.8013,0.1603,0.02,0.0384,0.5275,0.2851,1.0,1.0,599,480,498
W-pause,600,0.05,1.0,0.05,10,445660808,M1,689752ec2d69,1.0,0.8013,0.1603,0.02,0.0384,0.5275,0.6818,1.0,1.0,599,480,498
W-pause,600,0.05,1.0,0.05,10,445660808,M2,689752ec2d69,1.0,0.8013,1.0,0.0518,0.0,0.0935,0.0019,0.0,0.1647,599,480,498
W-pause,600,0.05,1.0,0.05,10,445660808,M1+pausa,689752ec2d69,1.0,0.8013,0.9616,0.02,0.0384,0.1169,0.033,0.0,0.1647,599,480,498
W-pause,600,0.05,1.0,0.05,11,59445193,M0,689752ec2d69,1.0,0.7379,0.2037,0.02,0.0584,0.5576,0.3865,1.0,1.0,599,442,483
W-pause,600,0.05,1.0,0.05,11,59445193,M1,689752ec2d69,1.0,0.7379,0.2037,0.02,0.0584,0.5576,0.6471,1.0,1.0,599,442,483
W-pause,600,0.05,1.0,0.05,11,59445193,M2,689752ec2d69,1.0,0.7379,1.0,0.0751,0.0,0.1119,0.0024,0.0,0.2443,599,442,483
W-pause,600,0.05,1.0,0.05,11,59445193,M1+pausa,689752ec2d69,1.0,0.7379,0.9416,0.02,0.0584,0.1469,0.0497,0.0,0.2443,599,442,483
W-pause,600,0.05,1.0,0.05,12,681991178,M0,689752ec2d69,1.0,0.7813,0.1753,0.0167,0.0434,0.6244,0.4935,1.0,1.0,599,468,475
W-pause,600,0.05,1.0,0.05,12,681991178,M1,689752ec2d69,1.0,0.7813,0.1753,0.0167,0.0434,0.6244,0.6698,1.0,1.0,599,468,475
W-pause,600,0.05,1.0,0.05,12,681991178,M2,689752ec2d69,1.0,0.7813,1.0,0.0601,0.0,0.1235,0.0021,0.0,0.1958,599,468,475
W-pause,600,0.05,1.0,0.05,12,681991178,M1+pausa,689752ec2d69,1.0,0.7813,0.9566,0.0167,0.0434,0.1569,0.0372,0.0,0.1958,599,468,475
W-pause,600,0.05,1.0,0.05,13,834497867,M0,689752ec2d69,1.0,0.823,0.1386,0.0134,0.0384,0.5526,0.3785,1.0,1.0,599,493,491
W-pause,600,0.05,1.0,0.05,13,834497867,M1,689752ec2d69,1.0,0.823,0.1386,0.0134,0.0384,0.5526,0.6991,1.0,1.0,599,493,491
W-pause,600,0.05,1.0,0.05,13,834497867,M2,689752ec2d69,1.0,0.823,1.0,0.0501,0.0,0.0785,0.0017,0.0,0.167,599,493,491
W-pause,600,0.05,1.0,0.05,13,834497867,M1+pausa,689752ec2d69,1.0,0.823,0.9616,0.0134,0.0384,0.1102,0.0328,0.0,0.167,599,493,491
W-pause,600,0.05,1.0,0.05,14,2130508684,M0,689752ec2d69,1.0,0.7896,0.1703,0.025,0.0401,0.5442,0.4131,1.0,1.0,599,473,484
W-pause,600,0.05,1.0,0.05,14,2130508684,M1,689752ec2d69,1.0,0.7896,0.1703,0.025,0.0401,0.5442,0.6738,1.0,1.0,599,473,484
W-pause,600,0.05,1.0,0.05,14,2130508684,M2,689752ec2d69,1.0,0.7896,1.0,0.0634,0.0,0.1269,0.002,0.0,0.2169,599,473,484
W-pause,600,0.05,1.0,0.05,14,2130508684,M1+pausa,689752ec2d69,1.0,0.7896,0.9599,0.025,0.0401,0.1486,0.0345,0.0,0.2169,599,473,484
W-pause,600,0.05,1.0,0.05,15,1743243981,M0,689752ec2d69,1.0,0.9065,0.0768,0.0033,0.0167,0.4775,0.5423,1.0,1.0,599,543,520
W-pause,600,0.05,1.0,0.05,15,1743243981,M1,689752ec2d69,1.0,0.9065,0.0768,0.0033,0.0167,0.4775,0.7486,1.0,1.0,599,543,520
W-pause,600,0.05,1.0,0.05,15,1743243981,M2,689752ec2d69,1.0,0.9065,1.0,0.0167,0.0,0.0568,0.0011,0.0,0.0615,599,543,520
W-pause,600,0.05,1.0,0.05,15,1743243981,M1+pausa,689752ec2d69,1.0,0.9065,0.9833,0.0033,0.0167,0.0701,0.0147,0.0,0.0615,599,543,520
W-pause,600,0.05,1.0,0.05,16,1288345870,M0,689752ec2d69,1.0,0.7078,0.2087,0.0234,0.0835,0.5609,0.4906,1.0,1.0,599,424,491
W-pause,600,0.05,1.0,0.05,16,1288345870,M1,689752ec2d69,1.0,0.7078,0.2087,0.0234,0.0835,0.5609,0.6431,1.0,1.0,599,424,491
W-pause,600,0.05,1.0,0.05,16,1288345870,M2,689752ec2d69,1.0,0.7078,1.0,0.0952,0.0,0.1235,0.0024,0.0,0.2831,599,424,491
W-pause,600,0.05,1.0,0.05,16,1288345870,M1+pausa,689752ec2d69,1.0,0.7078,0.9165,0.0234,0.0835,0.1753,0.07,0.0,0.2831,599,424,491
W-pause,600,0.05,1.0,0.05,17,1439803471,M0,689752ec2d69,1.0,0.773,0.1619,0.0234,0.0651,0.5359,0.108,1.0,1.0,599,463,489
W-pause,600,0.05,1.0,0.05,17,1439803471,M1,689752ec2d69,1.0,0.773,0.1619,0.0234,0.0651,0.5359,0.6805,1.0,1.0,599,463,489
W-pause,600,0.05,1.0,0.05,17,1439803471,M2,689752ec2d69,1.0,0.773,1.0,0.0835,0.0,0.0902,0.002,0.0,0.2065,599,463,489
W-pause,600,0.05,1.0,0.05,17,1439803471,M1+pausa,689752ec2d69,1.0,0.773,0.9349,0.0234,0.0651,0.1336,0.0547,0.0,0.2065,599,463,489
W-pause,600,0.05,1.0,0.05,18,1380562048,M0,689752ec2d69,1.0,0.7346,0.2187,0.0284,0.0467,0.4424,0.681,1.0,1.0,599,440,491
W-pause,600,0.05,1.0,0.05,18,1380562048,M1,689752ec2d69,1.0,0.7346,0.2187,0.0284,0.0467,0.4424,0.635,1.0,1.0,599,440,491
W-pause,600,0.05,1.0,0.05,18,1380562048,M2,689752ec2d69,1.0,0.7346,1.0,0.0718,0.0,0.0801,0.0025,0.0,0.2688,599,440,491
W-pause,600,0.05,1.0,0.05,18,1380562048,M1+pausa,689752ec2d69,1.0,0.7346,0.9533,0.0284,0.0467,0.1002,0.0403,0.0,0.2688,599,440,491
W-pause,600,0.05,1.0,0.05,19,1263699393,M0,689752ec2d69,1.0,0.8063,0.1436,0.0217,0.0501,0.4124,0.2812,1.0,1.0,599,483,543
W-pause,600,0.05,1.0,0.05,19,1263699393,M1,689752ec2d69,1.0,0.8063,0.1436,0.0217,0.0501,0.4124,0.6951,1.0,1.0,599,483,543
W-pause,600,0.05,1.0,0.05,19,1263699393,M2,689752ec2d69,1.0,0.8063,1.0,0.0668,0.0,0.0618,0.0018,0.0,0.2007,599,483,543
W-pause,600,0.05,1.0,0.05,19,1263699393,M1+pausa,689752ec2d69,1.0,0.8063,0.9499,0.0217,0.0501,0.0835,0.0423,0.0,0.2007,599,483,543
W-pause,600,0.05,1.0,0.25,0,274691588,M0,689752ec2d69,1.0,0.808,0.1653,0.0417,0.0267,0.8147,0.3918,1.0,1.0,599,484,484
W-pause,600,0.05,1.0,0.25,0,274691588,M1,689752ec2d69,1.0,0.808,0.1653,0.0417,0.0267,0.8147,0.6778,1.0,1.0,599,484,484
W-pause,600,0.05,1.0,0.25,0,274691588,M2,689752ec2d69,1.0,0.808,1.0,0.0568,0.0,0.0868,0.002,0.0,0.1632,599,484,484
W-pause,600,0.05,1.0,0.25,0,274691588,M1+pausa,689752ec2d69,1.0,0.808,0.9733,0.0417,0.0267,0.1135,0.0236,0.0,0.1632,599,484,484
W-pause,600,0.05,1.0,0.25,1,155469637,M0,689752ec2d69,1.0,0.8932,0.0818,0.0184,0.025,0.8297,0.3964,1.0,1.0,599,535,537
W-pause,600,0.05,1.0,0.25,1,155469637,M1,689752ec2d69,1.0,0.8932,0.0818,0.0184,0.025,0.8297,0.7446,1.0,1.0,599,535,537
W-pause,600,0.05,1.0,0.25,1,155469637,M2,689752ec2d69,1.0,0.8932,1.0,0.0417,0.0,0.0367,0.0012,0.0,0.0503,599,535,537
W-pause,600,0.05,1.0,0.25,1,155469637,M1+pausa,689752ec2d69,1.0,0.8932,0.975,0.0184,0.025,0.0584,0.0215,0.0,0.0503,599,535,537
W-pause,600,0.05,1.0,0.25,2,577311878,M0,689752ec2d69,1.0,0.793,0.1853,0.0551,0.0217,0.8414,0.1066,1.0,1.0,599,475,487
W-pause,600,0.05,1.0,0.25,2,577311878,M1,689752ec2d69,1.0,0.793,0.1853,0.0551,0.0217,0.8414,0.6618,1.0,1.0,599,475,487
W-pause,600,0.05,1.0,0.25,2,577311878,M2,689752ec2d69,1.0,0.793,1.0,0.0684,0.0,0.0902,0.0022,0.0,0.2053,599,475,487
W-pause,600,0.05,1.0,0.25,2,577311878,M1+pausa,689752ec2d69,1.0,0.793,0.9783,0.0551,0.0217,0.1119,0.0197,0.0,0.2053,599,475,487
W-pause,600,0.05,1.0,0.25,3,997336519,M0,689752ec2d69,1.0,0.8514,0.1202,0.0351,0.0284,0.808,0.4838,1.0,1.0,599,510,509
W-pause,600,0.05,1.0,0.25,3,997336519,M1,689752ec2d69,1.0,0.8514,0.1202,0.0351,0.0284,0.808,0.7138,1.0,1.0,599,510,509
W-pause,600,0.05,1.0,0.25,3,997336519,M2,689752ec2d69,1.0,0.8514,1.0,0.0501,0.0,0.0634,0.0016,0.0,0.112,599,510,509
W-pause,600,0.05,1.0,0.25,3,997336519,M1+pausa,689752ec2d69,1.0,0.8514,0.9716,0.0351,0.0284,0.0918,0.0245,0.0,0.112,599,510,509
W-pause,600,0.05,1.0,0.25,4,1949545216,M0,689752ec2d69,1.0,0.7479,0.202,0.0518,0.0501,0.7529,0.2175,1.0,1.0,599,448,491
W-pause,600,0.05,1.0,0.25,4,1949545216,M1,689752ec2d69,1.0,0.7479,0.202,0.0518,0.0501,0.7529,0.6484,1.0,1.0,599,448,491
W-pause,600,0.05,1.0,0.25,4,1949545216,M2,689752ec2d69,1.0,0.7479,1.0,0.0751,0.0,0.1085,0.0023,0.0,0.2179,599,448,491
W-pause,600,0.05,1.0,0.25,4,1949545216,M1+pausa,689752ec2d69,1.0,0.7479,0.9499,0.0518,0.0501,0.1586,0.0429,0.0,0.2179,599,448,491
W-pause,600,0.05,1.0,0.25,5,1831371329,M0,689752ec2d69,1.0,0.8831,0.0952,0.0184,0.0217,0.8514,0.5489,1.0,1.0,599,529,499
W-pause,600,0.05,1.0,0.25,5,1831371329,M1,689752ec2d69,1.0,0.8831,0.0952,0.0184,0.0217,0.8514,0.7339,1.0,1.0,599,529,499
W-pause,600,0.05,1.0,0.25,5,1831371329,M2,689752ec2d69,1.0,0.8831,1.0,0.025,0.0,0.0634,0.0013,0.0,0.1022,599,529,499
W-pause,600,0.05,1.0,0.25,5,1831371329,M1+pausa,689752ec2d69,1.0,0.8831,0.9783,0.0184,0.0217,0.0835,0.0189,0.0,0.1022,599,529,499
W-pause,600,0.05,1.0,0.25,6,1174786434,M0,689752ec2d69,1.0,0.7028,0.2487,0.0701,0.0484,0.773,0.4282,1.0,1.0,599,421,507
W-pause,600,0.05,1.0,0.25,6,1174786434,M1,689752ec2d69,1.0,0.7028,0.2487,0.0701,0.0484,0.773,0.611,1.0,1.0,599,421,507
W-pause,600,0.05,1.0,0.25,6,1174786434,M2,689752ec2d69,1.0,0.7028,1.0,0.0918,0.0,0.1202,0.0028,0.0,0.3156,599,421,507
W-pause,600,0.05,1.0,0.25,6,1174786434,M1+pausa,689752ec2d69,1.0,0.7028,0.9516,0.0701,0.0484,0.1669,0.042,0.0,0.3156,599,421,507
W-pause,600,0.05,1.0,0.25,7,1595859139,M0,689752ec2d69,1.0,0.788,0.172,0.0401,0.0401,0.7846,0.6579,1.0,1.0,599,472,514
W-pause,600,0.05,1.0,0.25,7,1595859139,M1,689752ec2d69,1.0,0.788,0.172,0.0401,0.0401,0.7846,0.6724,1.0,1.0,599,472,514
W-pause,600,0.05,1.0,0.25,7,1595859139,M2,689752ec2d69,1.0,0.788,1.0,0.0618,0.0,0.1002,0.0021,0.0,0.2062,599,472,514
W-pause,600,0.05,1.0,0.25,7,1595859139,M1+pausa,689752ec2d69,1.0,0.788,0.9599,0.0401,0.0401,0.1386,0.0345,0.0,0.2062,599,472,514
W-pause,600,0.05,1.0,0.25,8,1485241356,M0,689752ec2d69,1.0,0.8047,0.1536,0.0351,0.0417,0.818,0.601,1.0,1.0,599,482,523
W-pause,600,0.05,1.0,0.25,8,1485241356,M1,689752ec2d69,1.0,0.8047,0.1536,0.0351,0.0417,0.818,0.6871,1.0,1.0,599,482,523
W-pause,600,0.05,1.0,0.25,8,1485241356,M2,689752ec2d69,1.0,0.8047,1.0,0.0551,0.0,0.0868,0.0019,0.0,0.1778,599,482,523
W-pause,600,0.05,1.0,0.25,8,1485241356,M1+pausa,689752ec2d69,1.0,0.8047,0.9583,0.0351,0.0417,0.1285,0.0357,0.0,0.1778,599,482,523
W-pause,600,0.05,1.0,0.25,9,1100860749,M0,689752ec2d69,1.0,0.813,0.1653,0.0467,0.0217,0.788,0.4934,1.0,1.0,599,487,488
W-pause,600,0.05,1.0,0.25,9,1100860749,M1,689752ec2d69,1.0,0.813,0.1653,0.0467,0.0217,0.788,0.6778,1.0,1.0,599,487,488
W-pause,600,0.05,1.0,0.25,9,1100860749,M2,689752ec2d69,1.0,0.813,1.0,0.0601,0.0,0.0768,0.002,0.0,0.1762,599,487,488
W-pause,600,0.05,1.0,0.25,9,1100860749,M1+pausa,689752ec2d69,1.0,0.813,0.9783,0.0467,0.0217,0.0952,0.0196,0.0,0.1762,599,487,488
W-pause,600,0.05,1.0,0.25,10,219099041,M0,689752ec2d69,1.0,0.8097,0.1569,0.0467,0.0334,0.7813,0.485,1.0,1.0,599,485,520
W-pause,600,0.05,1.0,0.25,10,219099041,M1,689752ec2d69,1.0,0.8097,0.1569,0.0467,0.0334,0.7813,0.6845,1.0,1.0,599,485,520
W-pause,600,0.05,1.0,0.25,10,219099041,M2,689752ec2d69,1.0,0.8097,1.0,0.0684,0.0,0.0751,0.0019,0.0,0.1327,599,485,520
W-pause,600,0.05,1.0,0.25,10,219099041,M1+pausa,689752ec2d69,1.0,0.8097,0.9666,0.0467,0.0334,0.1052,0.0289,0.0,0.1327,599,485,520
W-pause,600,0.05,1.0,0.25,11,336862944,M0,689752ec2d69,1.0,0.7362,0.2104,0.0568,0.0534,0.783,0.5032,1.0,1.0,599,441,489
W-pause,600,0.05,1.0,0.25,11,336862944,M1,689752ec2d69,1.0,0.7362,0.2104,0.0568,0.0534,0.783,0.6417,1.0,1.0,599,441,489
W-pause,600,0.05,1.0,0.25,11,336862944,M2,689752ec2d69,1.0,0.7362,1.0,0.0851,0.0,0.0952,0.0024,0.0,0.2352,599,441,489
W-pause,600,0.05,1.0,0.25,11,336862944,M1+pausa,689752ec2d69,1.0,0.7362,0.9466,0.0568,0.0534,0.1469,0.0457,0.0,0.2352,599,441,489
W-pause,600,0.05,1.0,0.25,12,1060719907,M0,689752ec2d69,1.0,0.7496,0.202,0.0618,0.0484,0.793,0.5339,1.0,1.0,599,449,466
W-pause,600,0.05,1.0,0.25,12,1060719907,M1,689752ec2d69,1.0,0.7496,0.202,0.0618,0.0484,0.793,0.6484,1.0,1.0,599,449,466
W-pause,600,0.05,1.0,0.25,12,1060719907,M2,689752ec2d69,1.0,0.7496,1.0,0.0835,0.0,0.1169,0.0023,0.0,0.2446,599,449,466
W-pause,600,0.05,1.0,0.25,12,1060719907,M1+pausa,689752ec2d69,1.0,0.7496,0.9516,0.0618,0.0484,0.1636,0.0415,0.0,0.2446,599,449,466
W-pause,600,0.05,1.0,0.25,13,639794274,M0,689752ec2d69,1.0,0.8264,0.1452,0.0351,0.0284,0.783,0.5041,1.0,1.0,599,495,465
W-pause,600,0.05,1.0,0.25,13,639794274,M1,689752ec2d69,1.0,0.8264,0.1452,0.0351,0.0284,0.783,0.6938,1.0,1.0,599,495,465
W-pause,600,0.05,1.0,0.25,13,639794274,M2,689752ec2d69,1.0,0.8264,1.0,0.0518,0.0,0.0751,0.0018,0.0,0.1613,599,495,465
W-pause,600,0.05,1.0,0.25,13,639794274,M1+pausa,689752ec2d69,1.0,0.8264,0.9716,0.0351,0.0284,0.1035,0.0248,0.0,0.1613,599,495,465
W-pause,600,0.05,1.0,0.25,14,1768155813,M0,689752ec2d69,1.0,0.778,0.1886,0.0651,0.0334,0.7896,0.4726,1.0,1.0,599,466,511
W-pause,600,0.05,1.0,0.25,14,1768155813,M1,689752ec2d69,1.0,0.778,0.1886,0.0651,0.0334,0.7896,0.6591,1.0,1.0,599,466,511
W-pause,600,0.05,1.0,0.25,14,1768155813,M2,689752ec2d69,1.0,0.778,1.0,0.0851,0.0,0.0952,0.0022,0.0,0.2074,599,466,511
W-pause,600,0.05,1.0,0.25,14,1768155813,M1+pausa,689752ec2d69,1.0,0.778,0.9666,0.0651,0.0334,0.1269,0.0292,0.0,0.2074,599,466,511
W-pause,600,0.05,1.0,0.25,15,1886968804,M0,689752ec2d69,1.0,0.8531,0.1202,0.0267,0.0267,0.7963,0.6168,1.0,1.0,599,511,547
W-pause,600,0.05,1.0,0.25,15,1886968804,M1,689752ec2d69,1.0,0.8531,0.1202,0.0267,0.0267,0.7963,0.7138,1.0,1.0,599,511,547
W-pause,600,0.05,1.0,0.25,15,1886968804,M2,689752ec2d69,1.0,0.8531,1.0,0.0351,0.0,0.0601,0.0016,0.0,0.128,599,511,547
W-pause,600,0.05,1.0,0.25,15,1886968804,M1+pausa,689752ec2d69,1.0,0.8531,0.9733,0.0267,0.0267,0.0868,0.0232,0.0,0.128,599,511,547
W-pause,600,0.05,1.0,0.25,16,1532332071,M0,689752ec2d69,1.0,0.788,0.177,0.0467,0.0351,0.7629,0.4808,1.0,1.0,599,472,486
W-pause,600,0.05,1.0,0.25,16,1532332071,M1,689752ec2d69,1.0,0.788,0.177,0.0467,0.0351,0.7629,0.6684,1.0,1.0,599,472,486
W-pause,600,0.05,1.0,0.25,16,1532332071,M2,689752ec2d69,1.0,0.788,1.0,0.0701,0.0,0.0952,0.0021,0.0,0.1996,599,472,486
W-pause,600,0.05,1.0,0.25,16,1532332071,M1+pausa,689752ec2d69,1.0,0.788,0.9649,0.0467,0.0351,0.1285,0.0305,0.0,0.1996,599,472,486
W-pause,600,0.05,1.0,0.25,17,1112455526,M0,689752ec2d69,1.0,0.8781,0.1068,0.0334,0.015,0.8331,0.497,1.0,1.0,599,526,504
W-pause,600,0.05,1.0,0.25,17,1112455526,M1,689752ec2d69,1.0,0.8781,0.1068,0.0334,0.015,0.8331,0.7245,1.0,1.0,599,526,504
W-pause,600,0.05,1.0,0.25,17,1112455526,M2,689752ec2d69,1.0,0.8781,1.0,0.0384,0.0,0.0568,0.0014,0.0,0.0794,599,526,504
W-pause,600,0.05,1.0,0.25,17,1112455526,M1+pausa,689752ec2d69,1.0,0.8781,0.985,0.0334,0.015,0.0718,0.0136,0.0,0.0794,599,526,504
W-pause,600,0.05,1.0,0.25,18,1171695017,M0,689752ec2d69,1.0,0.8214,0.1436,0.0467,0.0351,0.803,0.6102,1.0,1.0,599,492,500
W-pause,600,0.05,1.0,0.25,18,1171695017,M1,689752ec2d69,1.0,0.8214,0.1436,0.0467,0.0351,0.803,0.6951,1.0,1.0,599,492,500
W-pause,600,0.05,1.0,0.25,18,1171695017,M2,689752ec2d69,1.0,0.8214,1.0,0.0668,0.0,0.0718,0.0018,0.0,0.136,599,492,500
W-pause,600,0.05,1.0,0.25,18,1171695017,M1+pausa,689752ec2d69,1.0,0.8214,0.9649,0.0467,0.0351,0.1068,0.0302,0.0,0.136,599,492,500
W-pause,600,0.05,1.0,0.25,19,1556976872,M0,689752ec2d69,1.0,0.7896,0.1736,0.0401,0.0367,0.793,0.505,1.0,1.0,599,473,486
W-pause,600,0.05,1.0,0.25,19,1556976872,M1,689752ec2d69,1.0,0.7896,0.1736,0.0401,0.0367,0.793,0.6711,1.0,1.0,599,473,486
W-pause,600,0.05,1.0,0.25,19,1556976872,M2,689752ec2d69,1.0,0.7896,1.0,0.0701,0.0,0.0835,0.0021,0.0,0.1996,599,473,486
W-pause,600,0.05,1.0,0.25,19,1556976872,M1+pausa,689752ec2d69,1.0,0.7896,0.9633,0.0401,0.0367,0.1202,0.0318,0.0,0.1996,599,473,486
W-pause,600,0.05,0.7,0.05,0,691673865,M0,689752ec2d69,1.0,0.7312,0.231,0.0379,0.0552,0.531,0.305,1.0,1.0,290,207,232
W-pause,600,0.05,0.7,0.05,0,691673865,M1,689752ec2d69,1.0,0.7312,0.231,0.0379,0.0552,0.531,0.6252,1.0,1.0,290,207,232
W-pause,600,0.05,0.7,0.05,0,691673865,M2,689752ec2d69,1.0,0.7312,1.0,0.0897,0.0,0.1207,0.0026,0.0,0.2759,290,207,232
W-pause,600,0.05,0.7,0.05,0,691673865,M1+pausa,689752ec2d69,1.0,0.7312,0.9448,0.0379,0.0552,0.1517,0.0473,0.0,0.2759,290,207,232
W-pause,600,0.05,0.7,0.05,1,807479880,M0,689752ec2d69,1.0,0.8381,0.1346,0.0192,0.0321,0.3622,0.6549,1.0,1.0,312,260,244
W-pause,600,0.05,0.7,0.05,1,807479880,M1,689752ec2d69,1.0,0.8381,0.1346,0.0192,0.0321,0.3622,0.7023,1.0,1.0,312,260,244
W-pause,600,0.05,0.7,0.05,1,807479880,M2,689752ec2d69,1.0,0.8381,1.0,0.0481,0.0,0.0737,0.0017,0.0,0.1516,312,260,244
W-pause,600,0.05,0.7,0.05,1,807479880,M1+pausa,689752ec2d69,1.0,0.8381,0.9679,0.0192,0.0321,0.0929,0.0276,0.0,0.1516,312,260,244
W-pause,600,0.05,0.7,0.05,2,453802379,M0,689752ec2d69,1.0,0.8431,0.1209,0.0098,0.0327,0.5882,0.4762,1.0,1.0,306,259,245
W-pause,600,0.05,0.7,0.05,2,453802379,M1,689752ec2d69,1.0,0.8431,0.1209,0.0098,0.0327,0.5882,0.7133,1.0,1.0,306,259,245
W-pause,600,0.05,0.7,0.05,2,453802379,M2,689752ec2d69,1.0,0.8431,1.0,0.0392,0.0,0.0784,0.0016,0.0,0.1592,306,259,245
W-pause,600,0.05,0.7,0.05,2,453802379,M1+pausa,689752ec2d69,1.0,0.8431,0.9673,0.0098,0.0327,0.0948,0.028,0.0,0.1592,306,259,245
W-pause,600,0.05,0.7,0.05,3,35080394,M0,689752ec2d69,1.0,0.8047,0.1419,0.0135,0.0338,0.4088,0.6258,1.0,1.0,296,244,261
W-pause,600,0.05,0.7,0.05,3,35080394,M1,689752ec2d69,1.0,0.8047,0.1419,0.0135,0.0338,0.4088,0.6965,1.0,1.0,296,244,261
W-pause,600,0.05,0.7,0.05,3,35080394,M2,689752ec2d69,1.0,0.8047,1.0,0.0473,0.0,0.0676,0.0018,0.0,0.1571,296,244,261
W-pause,600,0.05,0.7,0.05,3,35080394,M1+pausa,689752ec2d69,1.0,0.8047,0.9662,0.0135,0.0338,0.0845,0.0291,0.0,0.1571,296,244,261
W-pause,600,0.05,0.7,0.05,4,1297538573,M0,689752ec2d69,1.0,0.8164,0.1526,0.013,0.0227,0.5292,0.5806,1.0,1.0,308,254,247
W-pause,600,0.05,0.7,0.05,4,1297538573,M1,689752ec2d69,1.0,0.8164,0.1526,0.013,0.0227,0.5292,0.6879,1.0,1.0,308,254,247
W-pause,600,0.05,0.7,0.05,4,1297538573,M2,689752ec2d69,1.0,0.8164,1.0,0.0292,0.0,0.1006,0.0019,0.0,0.1822,308,254,247
W-pause,600,0.05,0.7,0.05,4,1297538573,M1+pausa,689752ec2d69,1.0,0.8164,0.9773,0.013,0.0227,0.1136,0.0203,0.0,0.1822,308,254,247
W-pause,600,0.05,0.7,0.05,5,1414393676,M0,689752ec2d69,1.0,0.9232,0.0578,0.0068,0.0204,0.5544,0.118,1.0,1.0,294,271,244
W-pause,600,0.05,0.7,0.05,5,1414393676,M1,689752ec2d69,1.0,0.9232,0.0578,0.0068,0.0204,0.5544,0.7637,1.0,1.0,294,271,244
W-pause,600,0.05,0.7,0.05,5,1414393676,M2,689752ec2d69,1.0,0.9232,1.0,0.0238,0.0,0.0136,0.001,0.0,0.0902,294,271,244
W-pause,600,0.05,0.7,0.05,5,1414393676,M1+pausa,689752ec2d69,1.0,0.9232,0.9796,0.0068,0.0204,0.0238,0.0175,0.0,0.0902,294,271,244
W-pause,600,0.05,0.7,0.05,6,2137046159,M0,689752ec2d69,1.0,0.7563,0.1818,0.0162,0.0617,0.4903,0.4113,1.0,1.0,308,233,252
W-pause,600,0.05,0.7,0.05,6,2137046159,M1,689752ec2d69,1.0,0.7563,0.1818,0.0162,0.0617,0.4903,0.6645,1.0,1.0,308,233,252
W-pause,600,0.05,0.7,0.05,6,2137046159,M2,689752ec2d69,1.0,0.7563,1.0,0.0779,0.0,0.0974,0.0021,0.0,0.2341,308,233,252
W-pause,600,0.05,0.7,0.05,6,2137046159,M1+pausa,689752ec2d69,1.0,0.7563,0.9383,0.0162,0.0617,0.1266,0.0521,0.0,0.2341,308,233,252
W-pause,600,0.05,0.7,0.05,7,1719373262,M0,689752ec2d69,1.0,0.7796,0.1605,0.0368,0.0535,0.5385,0.3332,1.0,1.0,299,235,255
W-pause,600,0.05,0.7,0.05,7,1719373262,M1,689752ec2d69,1.0,0.7796,0.1605,0.0368,0.0535,0.5385,0.6816,1.0,1.0,299,235,255
W-pause,600,0.05,0.7,0.05,7,1719373262,M2,689752ec2d69,1.0,0.7796,1.0,0.087,0.0,0.0903,0.0019,0.0,0.1804,299,235,255
W-pause,600,0.05,0.7,0.05,7,1719373262,M1+pausa,689752ec2d69,1.0,0.7796,0.9465,0.0368,0.0535,0.1237,0.0453,0.0,0.1804,299,235,255
W-pause,600,0.05,0.7,0.05,8,1642303745,M0,689752ec2d69,1.0,0.808,0.1379,0.0069,0.0379,0.3241,0.4574,1.0,1.0,290,239,257
W-pause,600,0.05,0.7,0.05,8,1642303745,M1,689752ec2d69,1.0,0.808,0.1379,0.0069,0.0379,0.3241,0.6997,1.0,1.0,290,239,257
W-pause,600,0.05,0.7,0.05,8,1642303745,M2,689752ec2d69,1.0,0.808,1.0,0.0414,0.0,0.0655,0.0017,0.0,0.1128,290,239,257
W-pause,600,0.05,0.7,0.05,8,1642303745,M1+pausa,689752ec2d69,1.0,0.808,0.9621,0.0069,0.0379,0.0828,0.0324,0.0,0.1128,290,239,257
W-pause,600,0.05,0.7,0.05,9,2029559872,M0,689752ec2d69,1.0,0.8414,0.1424,0.0095,0.0475,0.5601,0.4426,1.0,1.0,316,256,260
W-pause,600,0.05,0.7,0.05,9,2029559872,M1,689752ec2d69,1.0,0.8414,0.1424,0.0095,0.0475,0.5601,0.6961,1.0,1.0,316,256,260
W-pause,600,0.05,0.7,0.05,9,2029559872,M2,689752ec2d69,1.0,0.8414,1.0,0.0475,0.0,0.0949,0.0018,0.0,0.1692,316,256,260
W-pause,600,0.05,0.7,0.05,9,2029559872,M1+pausa,689752ec2d69,1.0,0.8414,0.9525,0.0095,0.0475,0.1234,0.0402,0.0,0.1692,316,256,260
W-pause,600,0.05,0.7,0.05,10,1929852529,M0,689752ec2d69,1.0,0.8831,0.0719,0.0103,0.024,0.5,0.1512,1.0,1.0,292,264,243
W-pause,600,0.05,0.7,0.05,10,1929852529,M1,689752ec2d69,1.0,0.8831,0.0719,0.0103,0.024,0.5,0.7525,1.0,1.0,292,264,243
W-pause,600,0.05,0.7,0.05,10,1929852529,M2,689752ec2d69,1.0,0.8831,1.0,0.0308,0.0,0.0308,0.0011,0.0,0.0617,292,264,243
W-pause,600,0.05,0.7,0.05,10,1929852529,M1+pausa,689752ec2d69,1.0,0.8831,0.976,0.0103,0.024,0.0514,0.0205,0.0,0.0617,292,264,243
W-pause,600,0.05,0.7,0.05,11,1780221744,M0,689752ec2d69,1.0,0.8481,0.0639,0.0113,0.0414,0.5489,0.4056,1.0,1.0,266,238,227
W-pause,600,0.05,0.7,0.05,11,1780221744,M1,689752ec2d69,1.0,0.8481,0.0639,0.0113,0.0414,0.5489,0.7589,1.0,1.0,266,238,227
W-pause,600,0.05,0.7,0.05,11,1780221744,M2,689752ec2d69,1.0,0.8481,1.0,0.0414,0.0,0.0489,0.001,0.0,0.1013,266,238,227
W-pause,600,0.05,0.7,0.05,11,1780221744,M1+pausa,689752ec2d69,1.0,0.8481,0.9586,0.0113,0.0414,0.0789,0.0345,0.0,0.1013,266,238,227
W-pause,600,0.05,0.7,0.05,12,1093752051,M0,689752ec2d69,1.0,0.7496,0.1781,0.0137,0.0651,0.5685,0.5346,1.0,1.0,292,221,227
W-pause,600,0.05,0.7,0.05,12,1093752051,M1,689752ec2d69,1.0,0.7496,0.1781,0.0137,0.0651,0.5685,0.6675,1.0,1.0,292,221,227
W-pause,600,0.05,0.7,0.05,12,1093752051,M2,689752ec2d69,1.0,0.7496,1.0,0.0685,0.0,0.1096,0.0021,0.0,0.2423,292,221,227
W-pause,600,0.05,0.7,0.05,12,1093752051,M1+pausa,689752ec2d69,1.0,0.7496,0.9349,0.0137,0.0651,0.1541,0.0548,0.0,0.2423,292,221,227
W-pause,600,0.05,0.7,0.05,13,1479173554,M0,689752ec2d69,1.0,0.7329,0.1739,0.0093,0.0466,0.5435,0.5128,1.0,1.0,322,251,261
W-pause,600,0.05,0.7,0.05,13,1479173554,M1,689752ec2d69,1.0,0.7329,0.1739,0.0093,0.0466,0.5435,0.6709,1.0,1.0,322,251,261
W-pause,600,0.05,0.7,0.05,13,1479173554,M2,689752ec2d69,1.0,0.7329,1.0,0.0559,0.0,0.0745,0.0021,0.0,0.2146,322,251,261
W-pause,600,0.05,0.7,0.05,13,1479173554,M1+pausa,689752ec2d69,1.0,0.7329,0.9534,0.0093,0.0466,0.0932,0.0398,0.0,0.2146,322,251,261
W-pause,600,0.05,0.7,0.05,14,392950645,M0,689752ec2d69,1.0,0.7947,0.1728,0.0199,0.0399,0.3588,0.1976,1.0,1.0,301,237,284
W-pause,600,0.05,0.7,0.05,14,392950645,M1,689752ec2d69,1.0,0.7947,0.1728,0.0199,0.0399,0.3588,0.6718,1.0,1.0,301,237,284
W-pause,600,0.05,0.7,0.05,14,392950645,M2,689752ec2d69,1.0,0.7947,1.0,0.0598,0.0,0.0698,0.0021,0.0,0.1831,301,237,284
W-pause,600,0.05,0.7,0.05,14,392950645,M1+pausa,689752ec2d69,1.0,0.7947,0.9601,0.0199,0.0399,0.0797,0.0343,0.0,0.1831,301,237,284
W-pause,600,0.05,0.7,0.05,15,242270772,M0,689752ec2d69,1.0,0.7763,0.1769,0.0253,0.0397,0.4079,0.4398,1.0,1.0,277,217,220
W-pause,600,0.05,0.7,0.05,15,242270772,M1,689752ec2d69,1.0,0.7763,0.1769,0.0253,0.0397,0.4079,0.6685,1.0,1.0,277,217,220
W-pause,600,0.05,0.7,0.05,15,242270772,M2,689752ec2d69,1.0,0.7763,1.0,0.065,0.0,0.0469,0.0021,0.0,0.2227,277,217,220
W-pause,600,0.05,0.7,0.05,15,242270772,M1+pausa,689752ec2d69,1.0,0.7763,0.9603,0.0253,0.0397,0.0686,0.0342,0.0,0.2227,277,217,220
W-pause,600,0.05,0.7,0.05,16,626889207,M0,689752ec2d69,1.0,0.7279,0.252,0.0157,0.0591,0.4961,0.1798,1.0,1.0,254,175,236
W-pause,600,0.05,0.7,0.05,16,626889207,M1,689752ec2d69,1.0,0.7279,0.252,0.0157,0.0591,0.4961,0.6084,1.0,1.0,254,175,236
W-pause,600,0.05,0.7,0.05,16,626889207,M2,689752ec2d69,1.0,0.7279,1.0,0.0709,0.0,0.1654,0.0028,0.0,0.2797,254,175,236
W-pause,600,0.05,0.7,0.05,16,626889207,M1+pausa,689752ec2d69,1.0,0.7279,0.9409,0.0157,0.0591,0.2165,0.0506,0.0,0.2797,254,175,236
W-pause,600,0.05,0.7,0.05,17,1011261622,M0,689752ec2d69,1.0,0.7062,0.2234,0.0319,0.0816,0.3156,0.4307,1.0,1.0,282,196,248
W-pause,600,0.05,0.7,0.05,17,1011261622,M1,689752ec2d69,1.0,0.7062,0.2234,0.0319,0.0816,0.3156,0.6313,1.0,1.0,282,196,248
W-pause,600,0.05,0.7,0.05,17,1011261622,M2,689752ec2d69,1.0,0.7062,1.0,0.0922,0.0,0.0993,0.0025,0.0,0.2621,282,196,248
W-pause,600,0.05,0.7,0.05,17,1011261622,M1+pausa,689752ec2d69,1.0,0.7062,0.9184,0.0319,0.0816,0.1348,0.0686,0.0,0.2621,282,196,248
W-pause,600,0.05,0.7,0.05,18,1004452985,M0,689752ec2d69,1.0,0.7446,0.1848,0.0181,0.0326,0.587,0.5375,1.0,1.0,276,216,224
W-pause,600,0.05,0.7,0.05,18,1004452985,M1,689752ec2d69,1.0,0.7446,0.1848,0.0181,0.0326,0.587,0.6622,1.0,1.0,276,216,224
W-pause,600,0.05,0.7,0.05,18,1004452985,M2,689752ec2d69,1.0,0.7446,1.0,0.0471,0.0,0.1232,0.0022,0.0,0.1964,276,216,224
W-pause,600,0.05,0.7,0.05,18,1004452985,M1+pausa,689752ec2d69,1.0,0.7446,0.9674,0.0181,0.0326,0.1558,0.0286,0.0,0.1964,276,216,224
W-pause,600,0.05,0.7,0.05,19,583372088,M0,689752ec2d69,1.0,0.808,0.0952,0.017,0.0476,0.551,0.4873,1.0,1.0,294,252,250
W-pause,600,0.05,0.7,0.05,19,583372088,M1,689752ec2d69,1.0,0.808,0.0952,0.017,0.0476,0.551,0.7338,1.0,1.0,294,252,250
W-pause,600,0.05,0.7,0.05,19,583372088,M2,689752ec2d69,1.0,0.808,1.0,0.0612,0.0,0.051,0.0013,0.0,0.112,294,252,250
W-pause,600,0.05,0.7,0.05,19,583372088,M1+pausa,689752ec2d69,1.0,0.808,0.9524,0.017,0.0476,0.0782,0.0399,0.0,0.112,294,252,250
W-pause,600,0.05,0.7,0.25,0,1693628930,M0,689752ec2d69,1.0,0.8047,0.1734,0.0554,0.0185,0.8007,0.4389,1.0,1.0,271,219,212
W-pause,600,0.05,0.7,0.25,0,1693628930,M1,689752ec2d69,1.0,0.8047,0.1734,0.0554,0.0185,0.8007,0.6713,1.0,1.0,271,219,212
W-pause,600,0.05,0.7,0.25,0,1693628930,M2,689752ec2d69,1.0,0.8047,1.0,0.0627,0.0,0.0923,0.0021,0.0,0.1792,271,219,212
W-pause,600,0.05,0.7,0.25,0,1693628930,M1+pausa,689752ec2d69,1.0,0.8047,0.9815,0.0554,0.0185,0.1107,0.017,0.0,0.1792,271,219,212
W-pause,600,0.05,0.7,0.25,1,2112457539,M0,689752ec2d69,1.0,0.7763,0.1837,0.0442,0.0374,0.7789,0.5591,1.0,1.0,294,229,270
W-pause,600,0.05,0.7,0.25,1,2112457539,M1,689752ec2d69,1.0,0.7763,0.1837,0.0442,0.0374,0.7789,0.6631,1.0,1.0,294,229,270
W-pause,600,0.05,0.7,0.25,1,2112457539,M2,689752ec2d69,1.0,0.7763,1.0,0.0782,0.0,0.0646,0.0022,0.0,0.2111,294,229,270
W-pause,600,0.05,0.7,0.25,1,2112457539,M1+pausa,689752ec2d69,1.0,0.7763,0.9626,0.0442,0.0374,0.085,0.0325,0.0,0.2111,294,229,270
W-pause,600,0.05,0.7,0.25,2,1455741056,M0,689752ec2d69,1.0,0.7112,0.2549,0.0588,0.0588,0.7255,0.2654,1.0,1.0,306,210,280
W-pause,600,0.05,0.7,0.25,2,1455741056,M1,689752ec2d69,1.0,0.7112,0.2549,0.0588,0.0588,0.7255,0.6061,1.0,1.0,306,210,280
W-pause,600,0.05,0.7,0.25,2,1455741056,M2,689752ec2d69,1.0,0.7112,1.0,0.0915,0.0,0.134,0.0028,0.0,0.275,306,210,280
W-pause,600,0.05,0.7,0.25,2,1455741056,M1+pausa,689752ec2d69,1.0,0.7112,0.9412,0.0588,0.0588,0.1863,0.0505,0.0,0.275,306,210,280
W-pause,600,0.05,0.7,0.25,3,1340074433,M0,689752ec2d69,1.0,0.7813,0.1777,0.0488,0.0348,0.8153,0.285,1.0,1.0,287,226,240
W-pause,600,0.05,0.7,0.25,3,1340074433,M1,689752ec2d69,1.0,0.7813,0.1777,0.0488,0.0348,0.8153,0.6678,1.0,1.0,287,226,240
W-pause,600,0.05,0.7,0.25,3,1340074433,M2,689752ec2d69,1.0,0.7813,1.0,0.0627,0.0,0.101,0.0021,0.0,0.1875,287,226,240
W-pause,600,0.05,0.7,0.25,3,1340074433,M1+pausa,689752ec2d69,1.0,0.7813,0.9652,0.0488,0.0348,0.1359,0.0303,0.0,0.1875,287,226,240
W-pause,600,0.05,0.7,0.25,4,10387206,M0,689752ec2d69,1.0,0.8197,0.1634,0.049,0.0229,0.781,0.2832,1.0,1.0,306,249,249
W-pause,600,0.05,0.7,0.25,4,10387206,M1,689752ec2d69,1.0,0.8197,0.1634,0.049,0.0229,0.781,0.6793,1.0,1.0,306,249,249
W-pause,600,0.05,0.7,0.25,4,10387206,M2,689752ec2d69,1.0,0.8197,1.0,0.0588,0.0,0.098,0.002,0.0,0.1847,306,249,249
W-pause,600,0.05,0.7,0.25,4,10387206,M1+pausa,689752ec2d69,1.0,0.8197,0.9771,0.049,0.0229,0.1209,0.0205,0.0,0.1847,306,249,249
W-pause,600,0.05,0.7,0.25,5,428166727,M0,689752ec2d69,1.0,0.7579,0.1899,0.0475,0.057,0.807,0.5395,1.0,1.0,316,238,256
W-pause,600,0.05,0.7,0.25,5,428166727,M1,689752ec2d69,1.0,0.7579,0.1899,0.0475,0.057,0.807,0.6581,1.0,1.0,316,238,256
W-pause,600,0.05,0.7,0.25,5,428166727,M2,689752ec2d69,1.0,0.7579,1.0,0.0759,0.0,0.1013,0.0022,0.0,0.2383,316,238,256
W-pause,600,0.05,0.7,0.25,5,428166727,M1+pausa,689752ec2d69,1.0,0.7579,0.943,0.0475,0.057,0.1519,0.0483,0.0,0.2383,316,238,256
W-pause,600,0.05,0.7,0.25,6,849878404,M0,689752ec2d69,1.0,0.778,0.1393,0.0536,0.0286,0.8429,0.3716,1.0,1.0,280,233,230
W-pause,600,0.05,0.7,0.25,6,849878404,M1,689752ec2d69,1.0,0.778,0.1393,0.0536,0.0286,0.8429,0.6986,1.0,1.0,280,233,230
W-pause,600,0.05,0.7,0.25,6,849878404,M2,689752ec2d69,1.0,0.778,1.0,0.075,0.0,0.0571,0.0017,0.0,0.1609,280,233,230
W-pause,600,0.05,0.7,0.25,6,849878404,M1+pausa,689752ec2d69,1.0,0.778,0.9714,0.0536,0.0286,0.0857,0.0249,0.0,0.1609,280,233,230
W-pause,600,0.05,0.7,0.25,7,733162693,M0,689752ec2d69,1.0,0.7546,0.2349,0.0542,0.0301,0.8102,0.1619,1.0,1.0,332,244,320
W-pause,600,0.05,0.7,0.25,7,733162693,M1,689752ec2d69,1.0,0.7546,0.2349,0.0542,0.0301,0.8102,0.622,1.0,1.0,332,244,320
W-pause,600,0.05,0.7,0.25,7,733162693,M2,689752ec2d69,1.0,0.7546,1.0,0.0693,0.0,0.1386,0.0027,0.0,0.2437,332,244,320
W-pause,600,0.05,0.7,0.25,7,733162693,M1+pausa,689752ec2d69,1.0,0.7546,0.9699,0.0542,0.0301,0.1657,0.027,0.0,0.2437,332,244,320
W-pause,600,0.05,0.7,0.25,8,741027850,M0,689752ec2d69,1.0,0.7997,0.1614,0.0386,0.0211,0.7825,0.6648,1.0,1.0,285,233,225
W-pause,600,0.05,0.7,0.25,8,741027850,M1,689752ec2d69,1.0,0.7997,0.1614,0.0386,0.0211,0.7825,0.6809,1.0,1.0,285,233,225
W-pause,600,0.05,0.7,0.25,8,741027850,M2,689752ec2d69,1.0,0.7997,1.0,0.0421,0.0,0.0982,0.0019,0.0,0.1956,285,233,225
W-pause,600,0.05,0.7,0.25,8,741027850,M1+pausa,689752ec2d69,1.0,0.7997,0.9789,0.0386,0.0211,0.1193,0.019,0.0,0.1956,285,233,225
W-pause,600,0.05,0.7,0.25,9,892338507,M0,689752ec2d69,1.0,0.7112,0.2424,0.0871,0.0455,0.7652,0.3954,1.0,1.0,264,188,214
W-pause,600,0.05,0.7,0.25,9,892338507,M1,689752ec2d69,1.0,0.7112,0.2424,0.0871,0.0455,0.7652,0.6161,1.0,1.0,264,188,214
W-pause,600,0.05,0.7,0.25,9,892338507,M2,689752ec2d69,1.0,0.7112,1.0,0.1212,0.0,0.1023,0.0027,0.0,0.271,264,188,214
W-pause,600,0.05,0.7,0.25,9,892338507,M1+pausa,689752ec2d69,1.0,0.7112,0.9545,0.0871,0.0455,0.1477,0.0395,0.0,0.271,264,188,214
W-pause,600,0.05,0.7,0.25,10,1687693144,M0,689752ec2d69,1.0,0.8147,0.1993,0.0295,0.0295,0.7454,0.163,1.0,1.0,271,209,222
W-pause,600,0.05,0.7,0.25,10,1687693144,M1,689752ec2d69,1.0,0.8147,0.1993,0.0295,0.0295,0.7454,0.6506,1.0,1.0,271,209,222
W-pause,600,0.05,0.7,0.25,10,1687693144,M2,689752ec2d69,1.0,0.8147,1.0,0.0406,0.0,0.1181,0.0023,0.0,0.1712,271,209,222
W-pause,600,0.05,0.7,0.25,10,1687693144,M1+pausa,689752ec2d69,1.0,0.8147,0.9705,0.0295,0.0295,0.1476,0.0262,0.0,0.1712,271,209,222
W-pause,600,0.05,0.7,0.25,11,2105742873,M0,689752ec2d69,1.0,0.7796,0.225,0.0607,0.0464,0.7893,0.1113,1.0,1.0,280,204,228
W-pause,600,0.05,0.7,0.25,11,2105742873,M1,689752ec2d69,1.0,0.7796,0.225,0.0607,0.0464,0.7893,0.63,1.0,1.0,280,204,228
W-pause,600,0.05,0.7,0.25,11,2105742873,M2,689752ec2d69,1.0,0.7796,1.0,0.0893,0.0,0.1179,0.0026,0.0,0.2719,280,204,228
W-pause,600,0.05,0.7,0.25,11,2105742873,M1+pausa,689752ec2d69,1.0,0.7796,0.9536,0.0607,0.0464,0.1643,0.0401,0.0,0.2719,280,204,228
W-pause,600,0.05,0.7,0.25,12,1454261722,M0,689752ec2d69,1.0,0.7145,0.2118,0.0405,0.0249,0.8037,0.4782,1.0,1.0,321,245,246
W-pause,600,0.05,0.7,0.25,12,1454261722,M1,689752ec2d69,1.0,0.7145,0.2118,0.0405,0.0249,0.8037,0.6405,1.0,1.0,321,245,246
W-pause,600,0.05,0.7,0.25,12,1454261722,M2,689752ec2d69,1.0,0.7145,1.0,0.0623,0.0,0.1215,0.0024,0.0,0.252,321,245,246
W-pause,600,0.05,0.7,0.25,12,1454261722,M1+pausa,689752ec2d69,1.0,0.7145,0.9751,0.0405,0.0249,0.1464,0.0226,0.0,0.252,321,245,246
W-pause,600,0.05,0.7,0.25,13,1337291931,M0,689752ec2d69,1.0,0.793,0.1557,0.0104,0.0277,0.8166,0.4359,1.0,1.0,289,236,232
W-pause,600,0.05,0.7,0.25,13,1337291931,M1,689752ec2d69,1.0,0.793,0.1557,0.0104,0.0277,0.8166,0.6854,1.0,1.0,289,236,232
W-pause,600,0.05,0.7,0.25,13,1337291931,M2,689752ec2d69,1.0,0.793,1.0,0.0208,0.0,0.0796,0.0019,0.0,0.181,289,236,232
W-pause,600,0.05,0.7,0.25,13,1337291931,M1+pausa,689752ec2d69,1.0,0.793,0.9723,0.0104,0.0277,0.1073,0.0243,0.0,0.181,289,236,232
W-pause,600,0.05,0.7,0.25,14,16048732,M0,689752ec2d69,1.0,0.7763,0.1695,0.0542,0.0373,0.7559,0.4062,1.0,1.0,295,234,262
W-pause,600,0.05,0.7,0.25,14,16048732,M1,689752ec2d69,1.0,0.7763,0.1695,0.0542,0.0373,0.7559,0.6744,1.0,1.0,295,234,262
W-pause,600,0.05,0.7,0.25,14,16048732,M2,689752ec2d69,1.0,0.7763,1.0,0.0814,0.0,0.0847,0.002,0.0,0.1489,295,234,262
W-pause,600,0.05,0.7,0.25,14,16048732,M1+pausa,689752ec2d69,1.0,0.7763,0.9627,0.0542,0.0373,0.122,0.0322,0.0,0.1489,295,234,262
W-pause,600,0.05,0.7,0.25,15,435147549,M0,689752ec2d69,1.0,0.7412,0.2268,0.0595,0.0335,0.7807,0.472,1.0,1.0,269,199,240
W-pause,600,0.05,0.7,0.25,15,435147549,M1,689752ec2d69,1.0,0.7412,0.2268,0.0595,0.0335,0.7807,0.6286,1.0,1.0,269,199,240
W-pause,600,0.05,0.7,0.25,15,435147549,M2,689752ec2d69,1.0,0.7412,1.0,0.0818,0.0,0.1078,0.0026,0.0,0.2375,269,199,240
W-pause,600,0.05,0.7,0.25,15,435147549,M1+pausa,689752ec2d69,1.0,0.7412,0.9665,0.0595,0.0335,0.1413,0.0297,0.0,0.2375,269,199,240
W-pause,600,0.05,0.7,0.25,16,851607774,M0,689752ec2d69,1.0,0.7145,0.2516,0.0503,0.0346,0.8491,0.4594,1.0,1.0,318,227,259
W-pause,600,0.05,0.7,0.25,16,851607774,M1,689752ec2d69,1.0,0.7145,0.2516,0.0503,0.0346,0.8491,0.6087,1.0,1.0,318,227,259
W-pause,600,0.05,0.7,0.25,16,851607774,M2,689752ec2d69,1.0,0.7145,1.0,0.066,0.0,0.1604,0.0028,0.0,0.2432,318,227,259
W-pause,600,0.05,0.7,0.25,16,851607774,M1+pausa,689752ec2d69,1.0,0.7145,0.9654,0.0503,0.0346,0.1918,0.0308,0.0,0.2432,318,227,259
W-pause,600,0.05,0.7,0.25,17,735687071,M0,689752ec2d69,1.0,0.7012,0.2633,0.0569,0.0427,0.7722,0.4106,1.0,1.0,281,195,239
W-pause,600,0.05,0.7,0.25,17,735687071,M1,689752ec2d69,1.0,0.7012,0.2633,0.0569,0.0427,0.7722,0.5993,1.0,1.0,281,195,239
W-pause,600,0.05,0.7,0.25,17,735687071,M2,689752ec2d69,1.0,0.7012,1.0,0.0747,0.0,0.1388,0.0029,0.0,0.2762,281,195,239
W-pause,600,0.05,0.7,0.25,17,735687071,M1+pausa,689752ec2d69,1.0,0.7012,0.9573,0.0569,0.0427,0.1815,0.0375,0.0,0.2762,281,195,239
W-pause,600,0.05,0.7,0.25,18,742501712,M0,689752ec2d69,1.0,0.7446,0.2259,0.037,0.0407,0.7852,0.5425,1.0,1.0,270,198,219
W-pause,600,0.05,0.7,0.25,18,742501712,M1,689752ec2d69,1.0,0.7446,0.2259,0.037,0.0407,0.7852,0.6293,1.0,1.0,270,198,219
W-pause,600,0.05,0.7,0.25,18,742501712,M2,689752ec2d69,1.0,0.7446,1.0,0.0519,0.0,0.1407,0.0026,0.0,0.242,270,198,219
W-pause,600,0.05,0.7,0.25,18,742501712,M1+pausa,689752ec2d69,1.0,0.7446,0.9593,0.037,0.0407,0.1815,0.0356,0.0,0.242,270,198,219
W-pause,600,0.05,0.7,0.25,19,895130641,M0,689752ec2d69,1.0,0.8164,0.1607,0.0464,0.0143,0.825,0.4766,1.0,1.0,280,231,255
W-pause,600,0.05,0.7,0.25,19,895130641,M1,689752ec2d69,1.0,0.8164,0.1607,0.0464,0.0143,0.825,0.6814,1.0,1.0,280,231,255
W-pause,600,0.05,0.7,0.25,19,895130641,M2,689752ec2d69,1.0,0.8164,1.0,0.05,0.0,0.0679,0.0019,0.0,0.1333,280,231,255
W-pause,600,0.05,0.7,0.25,19,895130641,M1+pausa,689752ec2d69,1.0,0.8164,0.9857,0.0464,0.0143,0.0821,0.0135,0.0,0.1333,280,231,255
W-pause,600,0.3,1.0,0.05,0,1098170788,M0,689752ec2d69,1.0,0.7062,0.2337,0.0284,0.0601,0.3773,0.1946,1.0,1.0,599,423,517
W-pause,600,0.3,1.0,0.05,0,1098170788,M1,689752ec2d69,1.0,0.7062,0.2337,0.0284,0.0601,0.3773,0.623,1.0,1.0,599,423,517
W-pause,600,0.3,1.0,0.05,0,1098170788,M2,689752ec2d69,1.0,0.7062,1.0,0.0785,0.0,0.1152,0.0026,0.0,0.2379,599,423,517
W-pause,600,0.3,1.0,0.05,0,1098170788,M1+pausa,689752ec2d69,1.0,0.7062,0.9399,0.0284,0.0601,0.1553,0.0513,0.0,0.2379,599,423,517
W-pause,600,0.3,1.0,0.05,1,1483731173,M0,689752ec2d69,1.0,0.778,0.177,0.02,0.0451,0.5977,0.1369,1.0,1.0,599,466,488
W-pause,600,0.3,1.0,0.05,1,1483731173,M1,689752ec2d69,1.0,0.778,0.177,0.02,0.0451,0.5977,0.6684,1.0,1.0,599,466,488
W-pause,600,0.3,1.0,0.05,1,1483731173,M2,689752ec2d69,1.0,0.778,1.0,0.0618,0.0,0.1018,0.0021,0.0,0.2131,599,466,488
W-pause,600,0.3,1.0,0.05,1,1483731173,M1+pausa,689752ec2d69,1.0,0.778,0.9549,0.02,0.0451,0.1352,0.0386,0.0,0.2131,599,466,488
W-pause,600,0.3,1.0,0.05,2,1933746982,M0,689752ec2d69,1.0,0.8648,0.0968,0.0117,0.0384,0.4925,0.1278,1.0,1.0,599,518,495
W-pause,600,0.3,1.0,0.05,2,1933746982,M1,689752ec2d69,1.0,0.8648,0.0968,0.0117,0.0384,0.4925,0.7325,1.0,1.0,599,518,495
W-pause,600,0.3,1.0,0.05,2,1933746982,M2,689752ec2d69,1.0,0.8648,1.0,0.0484,0.0,0.0651,0.0013,0.0,0.0929,599,518,495
W-pause,600,0.3,1.0,0.05,2,1933746982,M1+pausa,689752ec2d69,1.0,0.8648,0.9616,0.0117,0.0384,0.0935,0.0324,0.0,0.0929,599,518,495
W-pause,600,0.3,1.0,0.05,3,1784255079,M0,689752ec2d69,1.0,0.7763,0.1569,0.0234,0.0668,0.3656,0.2169,1.0,1.0,599,465,496
W-pause,600,0.3,1.0,0.05,3,1784255079,M1,689752ec2d69,1.0,0.7763,0.1569,0.0234,0.0668,0.3656,0.6845,1.0,1.0,599,465,496
W-pause,600,0.3,1.0,0.05,3,1784255079,M2,689752ec2d69,1.0,0.7763,1.0,0.0851,0.0,0.0751,0.0019,0.0,0.2077,599,465,496
W-pause,600,0.3,1.0,0.05,3,1784255079,M1+pausa,689752ec2d69,1.0,0.7763,0.9332,0.0234,0.0668,0.1068,0.056,0.0,0.2077,599,465,496
W-pause,600,0.3,1.0,0.05,4,622331040,M0,689752ec2d69,1.0,0.8798,0.0918,0.01,0.0284,0.5509,0.2868,1.0,1.0,599,527,477
W-pause,600,0.3,1.0,0.05,4,622331040,M1,689752ec2d69,1.0,0.8798,0.0918,0.01,0.0284,0.5509,0.7365,1.0,1.0,599,527,477
W-pause,600,0.3,1.0,0.05,4,622331040,M2,689752ec2d69,1.0,0.8798,1.0,0.0367,0.0,0.0634,0.0013,0.0,0.1048,599,527,477
W-pause,600,0.3,1.0,0.05,4,622331040,M1+pausa,689752ec2d69,1.0,0.8798,0.9716,0.01,0.0284,0.0885,0.0243,0.0,0.1048,599,527,477
W-pause,600,0.3,1.0,0.05,5,1006843361,M0,689752ec2d69,1.0,0.9182,0.0684,0.0067,0.0134,0.3907,0.1895,1.0,1.0,599,550,486
W-pause,600,0.3,1.0,0.05,5,1006843361,M1,689752ec2d69,1.0,0.9182,0.0684,0.0067,0.0134,0.3907,0.7552,1.0,1.0,599,550,486
W-pause,600,0.3,1.0,0.05,5,1006843361,M2,689752ec2d69,1.0,0.9182,1.0,0.0184,0.0,0.0317,0.0011,0.0,0.0658,599,550,486
W-pause,600,0.3,1.0,0.05,5,1006843361,M1+pausa,689752ec2d69,1.0,0.9182,0.9866,0.0067,0.0134,0.0384,0.0119,0.0,0.0658,599,550,486
W-pause,600,0.3,1.0,0.05,6,388916770,M0,689752ec2d69,1.0,0.7596,0.1953,0.025,0.0451,0.4758,0.3167,1.0,1.0,599,455,510
W-pause,600,0.3,1.0,0.05,6,388916770,M1,689752ec2d69,1.0,0.7596,0.1953,0.025,0.0451,0.4758,0.6537,1.0,1.0,599,455,510
W-pause,600,0.3,1.0,0.05,6,388916770,M2,689752ec2d69,1.0,0.7596,1.0,0.0668,0.0,0.1285,0.0023,0.0,0.2255,599,455,510
W-pause,600,0.3,1.0,0.05,6,388916770,M1+pausa,689752ec2d69,1.0,0.7596,0.9549,0.025,0.0451,0.1569,0.0388,0.0,0.2255,599,455,510
W-pause,600,0.3,1.0,0.05,7,238376803,M0,689752ec2d69,1.0,0.7546,0.1903,0.0134,0.0551,0.596,0.4037,1.0,1.0,599,452,477
W-pause,600,0.3,1.0,0.05,7,238376803,M1,689752ec2d69,1.0,0.7546,0.1903,0.0134,0.0551,0.596,0.6577,1.0,1.0,599,452,477
W-pause,600,0.3,1.0,0.05,7,238376803,M2,689752ec2d69,1.0,0.7546,1.0,0.0618,0.0,0.1402,0.0022,0.0,0.2138,599,452,477
W-pause,600,0.3,1.0,0.05,7,238376803,M1+pausa,689752ec2d69,1.0,0.7546,0.9449,0.0134,0.0551,0.182,0.0468,0.0,0.2138,599,452,477
W-pause,600,0.3,1.0,0.05,8,162352044,M0,689752ec2d69,1.0,0.783,0.1786,0.02,0.0384,0.4407,0.2553,1.0,1.0,599,469,516
W-pause,600,0.3,1.0,0.05,8,162352044,M1,689752ec2d69,1.0,0.783,0.1786,0.02,0.0384,0.4407,0.6671,1.0,1.0,599,469,516
W-pause,600,0.3,1.0,0.05,8,162352044,M2,689752ec2d69,1.0,0.783,1.0,0.0551,0.0,0.0618,0.0021,0.0,0.1744,599,469,516
W-pause,600,0.3,1.0,0.05,8,162352044,M1+pausa,689752ec2d69,1.0,0.783,0.9616,0.02,0.0384,0.0768,0.0332,0.0,0.1744,599,469,516
W-pause,600,0.3,1.0,0.05,9,280394477,M0,689752ec2d69,1.0,0.7896,0.172,0.025,0.0384,0.4508,0.2913,1.0,1.0,599,473,481
W-pause,600,0.3,1.0,0.05,9,280394477,M1,689752ec2d69,1.0,0.7896,0.172,0.025,0.0384,0.4508,0.6724,1.0,1.0,599,473,481
W-pause,600,0.3,1.0,0.05,9,280394477,M2,689752ec2d69,1.0,0.7896,1.0,0.0551,0.0,0.0968,0.0021,0.0,0.2432,599,473,481
W-pause,600,0.3,1.0,0.05,9,280394477,M1+pausa,689752ec2d69,1.0,0.7896,0.9616,0.025,0.0384,0.1235,0.0331,0.0,0.2432,599,473,481
W-pause,600,0.3,1.0,0.05,10,1535682558,M0,689752ec2d69,1.0,0.8347,0.1352,0.015,0.0301,0.5259,0.2636,1.0,1.0,599,500,503
W-pause,600,0.3,1.0,0.05,10,1535682558,M1,689752ec2d69,1.0,0.8347,0.1352,0.015,0.0301,0.5259,0.7018,1.0,1.0,599,500,503
W-pause,600,0.3,1.0,0.05,10,1535682558,M2,689752ec2d69,1.0,0.8347,1.0,0.0434,0.0,0.0751,0.0017,0.0,0.165,599,500,503
W-pause,600,0.3,1.0,0.05,10,1535682558,M1+pausa,689752ec2d69,1.0,0.8347,0.9699,0.015,0.0301,0.0935,0.026,0.0,0.165,599,500,503
W-pause,600,0.3,1.0,0.05,11,1116968639,M0,689752ec2d69,1.0,0.7546,0.1653,0.0184,0.0801,0.5359,0.1289,1.0,1.0,599,452,483
W-pause,600,0.3,1.0,0.05,11,1116968639,M1,689752ec2d69,1.0,0.7546,0.1653,0.0184,0.0801,0.5359,0.6778,1.0,1.0,599,452,483
W-pause,600,0.3,1.0,0.05,11,1116968639,M2,689752ec2d69,1.0,0.7546,1.0,0.0885,0.0,0.0902,0.002,0.0,0.2443,599,452,483
W-pause,600,0.3,1.0,0.05,11,1116968639,M1+pausa,689752ec2d69,1.0,0.7546,0.9199,0.0184,0.0801,0.1402,0.0669,0.0,0.2443,599,452,483
W-pause,600,0.3,1.0,0.05,12,1774110076,M0,689752ec2d69,1.0,0.8514,0.1202,0.0134,0.0284,0.5192,0.4411,1.0,1.0,599,510,477
W-pause,600,0.3,1.0,0.05,12,1774110076,M1,689752ec2d69,1.0,0.8514,0.1202,0.0134,0.0284,0.5192,0.7138,1.0,1.0,599,510,477
W-pause,600,0.3,1.0,0.05,12,1774110076,M2,689752ec2d69,1.0,0.8514,1.0,0.0401,0.0,0.0651,0.0016,0.0,0.1363,599,510,477
W-pause,600,0.3,1.0,0.05,12,1774110076,M1+pausa,689752ec2d69,1.0,0.8514,0.9716,0.0134,0.0284,0.0835,0.0245,0.0,0.1363,599,510,477
W-pause,600,0.3,1.0,0.05,13,1889924157,M0,689752ec2d69,1.0,0.9149,0.0618,0.0083,0.0234,0.2738,0.2138,1.0,1.0,599,548,525
W-pause,600,0.3,1.0,0.05,13,1889924157,M1,689752ec2d69,1.0,0.9149,0.0618,0.0083,0.0234,0.2738,0.7606,1.0,1.0,599,548,525
W-pause,600,0.3,1.0,0.05,13,1889924157,M2,689752ec2d69,1.0,0.9149,1.0,0.0267,0.0,0.0234,0.001,0.0,0.0419,599,548,525
W-pause,600,0.3,1.0,0.05,13,1889924157,M1+pausa,689752ec2d69,1.0,0.9149,0.9766,0.0083,0.0234,0.0317,0.0199,0.0,0.0419,599,548,525
W-pause,600,0.3,1.0,0.05,14,1071932154,M0,689752ec2d69,1.0,0.7997,0.1569,0.02,0.0434,0.5292,0.1172,1.0,1.0,599,479,498
W-pause,600,0.3,1.0,0.05,14,1071932154,M1,689752ec2d69,1.0,0.7997,0.1569,0.02,0.0434,0.5292,0.6845,1.0,1.0,599,479,498
W-pause,600,0.3,1.0,0.05,14,1071932154,M2,689752ec2d69,1.0,0.7997,1.0,0.0601,0.0,0.0835,0.0019,0.0,0.1988,599,479,498
W-pause,600,0.3,1.0,0.05,14,1071932154,M1+pausa,689752ec2d69,1.0,0.7997,0.9566,0.02,0.0434,0.1135,0.037,0.0,0.1988,599,479,498
W-pause,600,0.3,1.0,0.05,15,654267323,M0,689752ec2d69,1.0,0.7462,0.187,0.0184,0.0668,0.5409,0.2634,1.0,1.0,599,447,486
W-pause,600,0.3,1.0,0.05,15,654267323,M1,689752ec2d69,1.0,0.7462,0.187,0.0184,0.0668,0.5409,0.6604,1.0,1.0,599,447,486
W-pause,600,0.3,1.0,0.05,15,654267323,M2,689752ec2d69,1.0,0.7462,1.0,0.0785,0.0,0.0902,0.0022,0.0,0.2634,599,447,486
W-pause,600,0.3,1.0,0.05,15,654267323,M1+pausa,689752ec2d69,1.0,0.7462,0.9332,0.0184,0.0668,0.1352,0.0563,0.0,0.2634,599,447,486
W-pause,600,0.3,1.0,0.05,16,231866488,M0,689752ec2d69,1.0,0.7062,0.222,0.0117,0.0718,0.4157,0.2061,1.0,1.0,599,423,513
W-pause,600,0.3,1.0,0.05,16,231866488,M1,689752ec2d69,1.0,0.7062,0.222,0.0117,0.0718,0.4157,0.6324,1.0,1.0,599,423,513
W-pause,600,0.3,1.0,0.05,16,231866488,M2,689752ec2d69,1.0,0.7062,1.0,0.0718,0.0,0.1052,0.0025,0.0,0.269,599,423,513
W-pause,600,0.3,1.0,0.05,16,231866488,M1+pausa,689752ec2d69,1.0,0.7062,0.9282,0.0117,0.0718,0.1469,0.0606,0.0,0.269,599,423,513
W-pause,600,0.3,1.0,0.05,17,348729657,M0,689752ec2d69,1.0,0.7279,0.207,0.0234,0.0651,0.611,0.3308,1.0,1.0,599,436,475
W-pause,600,0.3,1.0,0.05,17,348729657,M1,689752ec2d69,1.0,0.7279,0.207,0.0234,0.0651,0.611,0.6444,1.0,1.0,599,436,475
W-pause,600,0.3,1.0,0.05,17,348729657,M2,689752ec2d69,1.0,0.7279,1.0,0.0818,0.0,0.1185,0.0024,0.0,0.2905,599,436,475
W-pause,600,0.3,1.0,0.05,17,348729657,M1+pausa,689752ec2d69,1.0,0.7279,0.9349,0.0234,0.0651,0.1603,0.0551,0.0,0.2905,599,436,475
W-pause,600,0.3,1.0,0.05,18,324087286,M0,689752ec2d69,1.0,0.7162,0.2237,0.0301,0.0601,0.4708,0.2767,1.0,1.0,599,429,524
W-pause,600,0.3,1.0,0.05,18,324087286,M1,689752ec2d69,1.0,0.7162,0.2237,0.0301,0.0601,0.4708,0.631,1.0,1.0,599,429,524
W-pause,600,0.3,1.0,0.05,18,324087286,M2,689752ec2d69,1.0,0.7162,1.0,0.0835,0.0,0.1336,0.0025,0.0,0.2309,599,429,524
W-pause,600,0.3,1.0,0.05,18,324087286,M1+pausa,689752ec2d69,1.0,0.7162,0.9399,0.0301,0.0601,0.177,0.0512,0.0,0.2309,599,429,524
W-pause,600,0.3,1.0,0.05,19,172629175,M0,689752ec2d69,1.0,0.793,0.1619,0.0301,0.0451,0.5743,0.1939,1.0,1.0,599,475,485
W-pause,600,0.3,1.0,0.05,19,172629175,M1,689752ec2d69,1.0,0.793,0.1619,0.0301,0.0451,0.5743,0.6805,1.0,1.0,599,475,485
W-pause,600,0.3,1.0,0.05,19,172629175,M2,689752ec2d69,1.0,0.793,1.0,0.0718,0.0,0.0902,0.002,0.0,0.2,599,475,485
W-pause,600,0.3,1.0,0.05,19,172629175,M1+pausa,689752ec2d69,1.0,0.793,0.9549,0.0301,0.0451,0.1219,0.0384,0.0,0.2,599,475,485
W-pause,600,0.3,1.0,0.25,0,213672111,M0,689752ec2d69,1.0,0.8063,0.172,0.0434,0.0217,0.7279,0.3233,1.0,1.0,599,483,542
W-pause,600,0.3,1.0,0.25,0,213672111,M1,689752ec2d69,1.0,0.8063,0.172,0.0434,0.0217,0.7279,0.6724,1.0,1.0,599,483,542
W-pause,600,0.3,1.0,0.25,0,213672111,M2,689752ec2d69,1.0,0.8063,1.0,0.0584,0.0,0.0952,0.0021,0.0,0.1513,599,483,542
W-pause,600,0.3,1.0,0.25,0,213672111,M1+pausa,689752ec2d69,1.0,0.8063,0.9783,0.0434,0.0217,0.1169,0.0196,0.0,0.1513,599,483,542
W-pause,600,0.3,1.0,0.25,1,363287022,M0,689752ec2d69,1.0,0.778,0.187,0.0451,0.0351,0.8464,0.3811,1.0,1.0,599,466,477
W-pause,600,0.3,1.0,0.25,1,363287022,M1,689752ec2d69,1.0,0.778,0.187,0.0451,0.0351,0.8464,0.6604,1.0,1.0,599,466,477
W-pause,600,0.3,1.0,0.25,1,363287022,M2,689752ec2d69,1.0,0.778,1.0,0.0618,0.0,0.1119,0.0022,0.0,0.2013,599,466,477
W-pause,600,0.3,1.0,0.25,1,363287022,M1+pausa,689752ec2d69,1.0,0.778,0.9649,0.0451,0.0351,0.1469,0.0306,0.0,0.2013,599,466,477
W-pause,600,0.3,1.0,0.25,2,1049231917,M0,689752ec2d69,1.0,0.7295,0.2254,0.0601,0.0451,0.7813,0.3694,1.0,1.0,599,437,557
W-pause,600,0.3,1.0,0.25,2,1049231917,M1,689752ec2d69,1.0,0.7295,0.2254,0.0601,0.0451,0.7813,0.6297,1.0,1.0,599,437,557
W-pause,600,0.3,1.0,0.25,2,1049231917,M2,689752ec2d69,1.0,0.7295,1.0,0.0885,0.0,0.1235,0.0026,0.0,0.2388,599,437,557
W-pause,600,0.3,1.0,0.25,2,1049231917,M1+pausa,689752ec2d69,1.0,0.7295,0.9549,0.0601,0.0451,0.1636,0.0391,0.0,0.2388,599,437,557
W-pause,600,0.3,1.0,0.25,3,663827308,M0,689752ec2d69,1.0,0.8898,0.1002,0.0284,0.01,0.7646,0.358,1.0,1.0,599,533,495
W-pause,600,0.3,1.0,0.25,3,663827308,M1,689752ec2d69,1.0,0.8898,0.1002,0.0284,0.01,0.7646,0.7299,1.0,1.0,599,533,495
W-pause,600,0.3,1.0,0.25,3,663827308,M2,689752ec2d69,1.0,0.8898,1.0,0.0384,0.0,0.0534,0.0014,0.0,0.101,599,533,495
W-pause,600,0.3,1.0,0.25,3,663827308,M1+pausa,689752ec2d69,1.0,0.8898,0.99,0.0284,0.01,0.0634,0.0095,0.0,0.101,599,533,495
W-pause,600,0.3,1.0,0.25,4,1758504363,M0,689752ec2d69,1.0,0.773,0.1753,0.0484,0.0518,0.788,0.1391,1.0,1.0,599,463,505
W-pause,600,0.3,1.0,0.25,4,1758504363,M1,689752ec2d69,1.0,0.773,0.1753,0.0484,0.0518,0.788,0.6698,1.0,1.0,599,463,505
W-pause,600,0.3,1.0,0.25,4,1758504363,M2,689752ec2d69,1.0,0.773,1.0,0.0735,0.0,0.0935,0.0021,0.0,0.2059,599,463,505
W-pause,600,0.3,1.0,0.25,4,1758504363,M1+pausa,689752ec2d69,1.0,0.773,0.9482,0.0484,0.0518,0.1436,0.044,0.0,0.2059,599,463,505
W-pause,600,0.3,1.0,0.25,5,1909167338,M0,689752ec2d69,1.0,0.7513,0.2204,0.0518,0.0284,0.7846,0.3049,1.0,1.0,599,450,504
W-pause,600,0.3,1.0,0.25,5,1909167338,M1,689752ec2d69,1.0,0.7513,0.2204,0.0518,0.0284,0.7846,0.6337,1.0,1.0,599,450,504
W-pause,600,0.3,1.0,0.25,5,1909167338,M2,689752ec2d69,1.0,0.7513,1.0,0.0718,0.0,0.1252,0.0025,0.0,0.254,599,450,504
W-pause,600,0.3,1.0,0.25,5,1909167338,M1+pausa,689752ec2d69,1.0,0.7513,0.9716,0.0518,0.0284,0.1536,0.0255,0.0,0.254,599,450,504
W-pause,600,0.3,1.0,0.25,6,1525073705,M0,689752ec2d69,1.0,0.8965,0.0885,0.02,0.015,0.8564,0.3015,1.0,1.0,599,537,494
W-pause,600,0.3,1.0,0.25,6,1525073705,M1,689752ec2d69,1.0,0.8965,0.0885,0.02,0.015,0.8564,0.7392,1.0,1.0,599,537,494
W-pause,600,0.3,1.0,0.25,6,1525073705,M2,689752ec2d69,1.0,0.8965,1.0,0.0267,0.0,0.0484,0.0012,0.0,0.1073,599,537,494
W-pause,600,0.3,1.0,0.25,6,1525073705,M1+pausa,689752ec2d69,1.0,0.8965,0.985,0.02,0.015,0.0634,0.0134,0.0,0.1073,599,537,494
W-pause,600,0.3,1.0,0.25,7,1140717160,M0,689752ec2d69,1.0,0.7613,0.2003,0.0584,0.0384,0.8197,0.1899,1.0,1.0,599,456,492
W-pause,600,0.3,1.0,0.25,7,1140717160,M1,689752ec2d69,1.0,0.7613,0.2003,0.0584,0.0384,0.8197,0.6497,1.0,1.0,599,456,492
W-pause,600,0.3,1.0,0.25,7,1140717160,M2,689752ec2d69,1.0,0.7613,1.0,0.0785,0.0,0.1018,0.0023,0.0,0.2459,599,456,492
W-pause,600,0.3,1.0,0.25,7,1140717160,M1+pausa,689752ec2d69,1.0,0.7613,0.9616,0.0584,0.0384,0.1402,0.0334,0.0,0.2459,599,456,492
W-pause,600,0.3,1.0,0.25,8,1147529895,M0,689752ec2d69,1.0,0.7629,0.1937,0.0484,0.0434,0.8197,0.2263,1.0,1.0,599,457,521
W-pause,600,0.3,1.0,0.25,8,1147529895,M1,689752ec2d69,1.0,0.7629,0.1937,0.0484,0.0434,0.8197,0.6551,1.0,1.0,599,457,521
W-pause,600,0.3,1.0,0.25,8,1147529895,M2,689752ec2d69,1.0,0.7629,1.0,0.0718,0.0,0.1035,0.0023,0.0,0.1843,599,457,521
W-pause,600,0.3,1.0,0.25,8,1147529895,M1+pausa,689752ec2d69,1.0,0.7629,0.9566,0.0484,0.0434,0.1469,0.0374,0.0,0.1843,599,457,521
W-pause,600,0.3,1.0,0.25,9,1568594918,M0,689752ec2d69,1.0,0.8197,0.1452,0.0434,0.0351,0.8447,0.2661,1.0,1.0,599,491,489
W-pause,600,0.3,1.0,0.25,9,1568594918,M1,689752ec2d69,1.0,0.8197,0.1452,0.0434,0.0351,0.8447,0.6938,1.0,1.0,599,491,489
W-pause,600,0.3,1.0,0.25,9,1568594918,M2,689752ec2d69,1.0,0.8197,1.0,0.0651,0.0,0.0668,0.0018,0.0,0.1554,599,491,489
W-pause,600,0.3,1.0,0.25,9,1568594918,M1+pausa,689752ec2d69,1.0,0.8197,0.9649,0.0434,0.0351,0.1018,0.0302,0.0,0.1554,599,491,489
W-pause,600,0.3,1.0,0.25,10,1276622551,M0,689752ec2d69,1.0,0.7212,0.2304,0.0651,0.0484,0.798,0.2949,1.0,1.0,599,432,497
W-pause,600,0.3,1.0,0.25,10,1276622551,M1,689752ec2d69,1.0,0.7212,0.2304,0.0651,0.0484,0.798,0.6257,1.0,1.0,599,432,497
W-pause,600,0.3,1.0,0.25,10,1276622551,M2,689752ec2d69,1.0,0.7212,1.0,0.0851,0.0,0.1185,0.0026,0.0,0.2998,599,432,497
W-pause,600,0.3,1.0,0.25,10,1276622551,M1+pausa,689752ec2d69,1.0,0.7212,0.9516,0.0651,0.0484,0.1586,0.0418,0.0,0.2998,599,432,497
W-pause,600,0.3,1.0,0.25,11,1426884502,M0,689752ec2d69,1.0,0.8531,0.1269,0.0301,0.02,0.793,0.0927,1.0,1.0,599,511,484
W-pause,600,0.3,1.0,0.25,11,1426884502,M1,689752ec2d69,1.0,0.8531,0.1269,0.0301,0.02,0.793,0.7085,1.0,1.0,599,511,484
W-pause,600,0.3,1.0,0.25,11,1426884502,M2,689752ec2d69,1.0,0.8531,1.0,0.0351,0.0,0.0801,0.0016,0.0,0.1322,599,511,484
W-pause,600,0.3,1.0,0.25,11,1426884502,M1+pausa,689752ec2d69,1.0,0.8531,0.98,0.0301,0.02,0.1002,0.0178,0.0,0.1322,599,511,484
W-pause,600,0.3,1.0,0.25,12,2116146261,M0,689752ec2d69,1.0,0.7446,0.2154,0.0467,0.0401,0.7563,0.5125,1.0,1.0,599,446,512
W-pause,600,0.3,1.0,0.25,12,2116146261,M1,689752ec2d69,1.0,0.7446,0.2154,0.0467,0.0401,0.7563,0.6377,1.0,1.0,599,446,512
W-pause,600,0.3,1.0,0.25,12,2116146261,M2,689752ec2d69,1.0,0.7446,1.0,0.0785,0.0,0.1219,0.0025,0.0,0.2246,599,446,512
W-pause,600,0.3,1.0,0.25,12,2116146261,M1+pausa,689752ec2d69,1.0,0.7446,0.9599,0.0467,0.0401,0.1569,0.0349,0.0,0.2246,599,446,512
W-pause,600,0.3,1.0,0.25,13,1731912980,M0,689752ec2d69,1.0,0.8164,0.1436,0.0467,0.0401,0.7947,0.3933,1.0,1.0,599,489,511
W-pause,600,0.3,1.0,0.25,13,1731912980,M1,689752ec2d69,1.0,0.8164,0.1436,0.0467,0.0401,0.7947,0.6951,1.0,1.0,599,489,511
W-pause,600,0.3,1.0,0.25,13,1731912980,M2,689752ec2d69,1.0,0.8164,1.0,0.0701,0.0,0.0651,0.0018,0.0,0.1605,599,489,511
W-pause,600,0.3,1.0,0.25,13,1731912980,M1+pausa,689752ec2d69,1.0,0.8164,0.9599,0.0467,0.0401,0.1052,0.0342,0.0,0.1605,599,489,511
W-pause,600,0.3,1.0,0.25,14,679179219,M0,689752ec2d69,1.0,0.8481,0.1336,0.0267,0.0184,0.8314,0.1906,1.0,1.0,599,508,488
W-pause,600,0.3,1.0,0.25,14,679179219,M1,689752ec2d69,1.0,0.8481,0.1336,0.0267,0.0184,0.8314,0.7032,1.0,1.0,599,508,488
W-pause,600,0.3,1.0,0.25,14,679179219,M2,689752ec2d69,1.0,0.8481,1.0,0.0401,0.0,0.0735,0.0017,0.0,0.1434,599,508,488
W-pause,600,0.3,1.0,0.25,14,679179219,M1+pausa,689752ec2d69,1.0,0.8481,0.9816,0.0267,0.0184,0.0902,0.0165,0.0,0.1434,599,508,488
W-pause,600,0.3,1.0,0.25,15,828392082,M0,689752ec2d69,1.0,0.8481,0.1319,0.0334,0.02,0.7746,0.1536,1.0,1.0,599,508,493
W-pause,600,0.3,1.0,0.25,15,828392082,M1,689752ec2d69,1.0,0.8481,0.1319,0.0334,0.02,0.7746,0.7045,1.0,1.0,599,508,493
W-pause,600,0.3,1.0,0.25,15,828392082,M2,689752ec2d69,1.0,0.8481,1.0,0.0434,0.0,0.0618,0.0017,0.0,0.14,599,508,493
W-pause,600,0.3,1.0,0.25,15,828392082,M1+pausa,689752ec2d69,1.0,0.8481,0.98,0.0334,0.02,0.0768,0.0179,0.0,0.14,599,508,493
W-pause,600,0.3,1.0,0.25,16,441258321,M0,689752ec2d69,1.0,0.8247,0.1402,0.0334,0.0351,0.8431,0.0862,1.0,1.0,599,494,500
W-pause,600,0.3,1.0,0.25,16,441258321,M1,689752ec2d69,1.0,0.8247,0.1402,0.0334,0.0351,0.8431,0.6978,1.0,1.0,599,494,500
W-pause,600,0.3,1.0,0.25,16,441258321,M2,689752ec2d69,1.0,0.8247,1.0,0.0484,0.0,0.0751,0.0017,0.0,0.178,599,494,500
W-pause,600,0.3,1.0,0.25,16,441258321,M1+pausa,689752ec2d69,1.0,0.8247,0.9649,0.0334,0.0351,0.1018,0.0301,0.0,0.178,599,494,500
W-pause,600,0.3,1.0,0.25,17,55975952,M0,689752ec2d69,1.0,0.7663,0.192,0.0417,0.0417,0.8047,0.2195,1.0,1.0,599,459,500
W-pause,600,0.3,1.0,0.25,17,55975952,M1,689752ec2d69,1.0,0.7663,0.192,0.0417,0.0417,0.8047,0.6564,1.0,1.0,599,459,500
W-pause,600,0.3,1.0,0.25,17,55975952,M2,689752ec2d69,1.0,0.7663,1.0,0.0618,0.0,0.0918,0.0022,0.0,0.25,599,459,500
W-pause,600,0.3,1.0,0.25,17,55975952,M1+pausa,689752ec2d69,1.0,0.7663,0.9583,0.0417,0.0417,0.1252,0.036,0.0,0.25,599,459,500
W-pause,600,0.3,1.0,0.25,18,80624863,M0,689752ec2d69,1.0,0.7579,0.217,0.0484,0.025,0.818,0.2087,1.0,1.0,599,454,487
W-pause,600,0.3,1.0,0.25,18,80624863,M1,689752ec2d69,1.0,0.7579,0.217,0.0484,0.025,0.818,0.6364,1.0,1.0,599,454,487
W-pause,600,0.3,1.0,0.25,18,80624863,M2,689752ec2d69,1.0,0.7579,1.0,0.0601,0.0,0.1119,0.0025,0.0,0.2402,599,454,487
W-pause,600,0.3,1.0,0.25,18,80624863,M1+pausa,689752ec2d69,1.0,0.7579,0.975,0.0484,0.025,0.1369,0.0228,0.0,0.2402,599,454,487
W-pause,600,0.3,1.0,0.25,19,500501918,M0,689752ec2d69,1.0,0.8681,0.1068,0.0217,0.025,0.8514,0.0835,1.0,1.0,599,520,487
W-pause,600,0.3,1.0,0.25,19,500501918,M1,689752ec2d69,1.0,0.8681,0.1068,0.0217,0.025,0.8514,0.7245,1.0,1.0,599,520,487
W-pause,600,0.3,1.0,0.25,19,500501918,M2,689752ec2d69,1.0,0.8681,1.0,0.0334,0.0,0.0634,0.0014,0.0,0.0986,599,520,487
W-pause,600,0.3,1.0,0.25,19,500501918,M1+pausa,689752ec2d69,1.0,0.8681,0.975,0.0217,0.025,0.0868,0.0217,0.0,0.0986,599,520,487
W-pause,600,0.3,0.7,0.05,0,903417250,M0,689752ec2d69,1.0,0.8247,0.1272,0.0141,0.0495,0.5053,0.1044,1.0,1.0,283,233,242
W-pause,600,0.3,0.7,0.05,0,903417250,M1,689752ec2d69,1.0,0.8247,0.1272,0.0141,0.0495,0.5053,0.7082,1.0,1.0,283,233,242
W-pause,600,0.3,0.7,0.05,0,903417250,M2,689752ec2d69,1.0,0.8247,1.0,0.0601,0.0,0.0742,0.0016,0.0,0.157,283,233,242
W-pause,600,0.3,0.7,0.05,0,903417250,M1+pausa,689752ec2d69,1.0,0.8247,0.9505,0.0141,0.0495,0.1166,0.0417,0.0,0.157,283,233,242
W-pause,600,0.3,0.7,0.05,1,750927075,M0,689752ec2d69,1.0,0.7613,0.198,0.0132,0.0396,0.5611,0.4271,1.0,1.0,303,231,240
W-pause,600,0.3,0.7,0.05,1,750927075,M1,689752ec2d69,1.0,0.7613,0.198,0.0132,0.0396,0.5611,0.6516,1.0,1.0,303,231,240
W-pause,600,0.3,0.7,0.05,1,750927075,M2,689752ec2d69,1.0,0.7613,1.0,0.0495,0.0,0.1089,0.0023,0.0,0.2458,303,231,240
W-pause,600,0.3,0.7,0.05,1,750927075,M1+pausa,689752ec2d69,1.0,0.7613,0.9604,0.0132,0.0396,0.1353,0.0344,0.0,0.2458,303,231,240
W-pause,600,0.3,0.7,0.05,2,133132064,M0,689752ec2d69,1.0,0.808,0.1449,0.0109,0.0435,0.529,0.302,1.0,1.0,276,224,228
W-pause,600,0.3,0.7,0.05,2,133132064,M1,689752ec2d69,1.0,0.808,0.1449,0.0109,0.0435,0.529,0.6941,1.0,1.0,276,224,228
W-pause,600,0.3,0.7,0.05,2,133132064,M2,689752ec2d69,1.0,0.808,1.0,0.0471,0.0,0.0688,0.0018,0.0,0.2105,276,224,228
W-pause,600,0.3,0.7,0.05,2,133132064,M1+pausa,689752ec2d69,1.0,0.808,0.9565,0.0109,0.0435,0.0833,0.037,0.0,0.2105,276,224,228
W-pause,600,0.3,0.7,0.05,3,519331425,M0,689752ec2d69,1.0,0.8848,0.0552,0.0034,0.0345,0.3345,0.1639,1.0,1.0,290,264,257
W-pause,600,0.3,0.7,0.05,3,519331425,M1,689752ec2d69,1.0,0.8848,0.0552,0.0034,0.0345,0.3345,0.7659,1.0,1.0,290,264,257
W-pause,600,0.3,0.7,0.05,3,519331425,M2,689752ec2d69,1.0,0.8848,1.0,0.0379,0.0,0.0345,0.0009,0.0,0.0545,290,264,257
W-pause,600,0.3,0.7,0.05,3,519331425,M1+pausa,689752ec2d69,1.0,0.8848,0.9655,0.0034,0.0345,0.0448,0.0288,0.0,0.0545,290,264,257
W-pause,600,0.3,0.7,0.05,4,1370867878,M0,689752ec2d69,1.0,0.8347,0.1679,0.0214,0.0536,0.3036,0.417,1.0,1.0,280,218,249
W-pause,600,0.3,0.7,0.05,4,1370867878,M1,689752ec2d69,1.0,0.8347,0.1679,0.0214,0.0536,0.3036,0.6757,1.0,1.0,280,218,249
W-pause,600,0.3,0.7,0.05,4,1370867878,M2,689752ec2d69,1.0,0.8347,1.0,0.0714,0.0,0.075,0.002,0.0,0.1767,280,218,249
W-pause,600,0.3,0.7,0.05,4,1370867878,M1+pausa,689752ec2d69,1.0,0.8347,0.9464,0.0214,0.0536,0.0964,0.0454,0.0,0.1767,280,218,249
W-pause,600,0.3,0.7,0.05,5,1219426791,M0,689752ec2d69,1.0,0.8447,0.1073,0.0104,0.045,0.3668,0.5623,1.0,1.0,289,245,233
W-pause,600,0.3,0.7,0.05,5,1219426791,M1,689752ec2d69,1.0,0.8447,0.1073,0.0104,0.045,0.3668,0.7242,1.0,1.0,289,245,233
W-pause,600,0.3,0.7,0.05,5,1219426791,M2,689752ec2d69,1.0,0.8447,1.0,0.0484,0.0,0.0519,0.0014,0.0,0.1288,289,245,233
W-pause,600,0.3,0.7,0.05,5,1219426791,M1+pausa,689752ec2d69,1.0,0.8447,0.955,0.0104,0.045,0.0796,0.0378,0.0,0.1288,289,245,233
W-pause,600,0.3,0.7,0.05,6,1669573156,M0,689752ec2d69,1.0,0.7295,0.2305,0.0177,0.0532,0.4255,0.2825,1.0,1.0,282,202,247
W-pause,600,0.3,0.7,0.05,6,1669573156,M1,689752ec2d69,1.0,0.7295,0.2305,0.0177,0.0532,0.4255,0.6256,1.0,1.0,282,202,247
W-pause,600,0.3,0.7,0.05,6,1669573156,M2,689752ec2d69,1.0,0.7295,1.0,0.0709,0.0,0.1277,0.0026,0.0,0.2672,282,202,247
W-pause,600,0.3,0.7,0.05,6,1669573156,M1+pausa,689752ec2d69,1.0,0.7295,0.9468,0.0177,0.0532,0.1489,0.0457,0.0,0.2672,282,202,247
W-pause,600,0.3,0.7,0.05,7,2056821605,M0,689752ec2d69,1.0,0.7846,0.1701,0.0306,0.0442,0.5476,0.3487,1.0,1.0,294,231,252
W-pause,600,0.3,0.7,0.05,7,2056821605,M1,689752ec2d69,1.0,0.7846,0.1701,0.0306,0.0442,0.5476,0.6739,1.0,1.0,294,231,252
W-pause,600,0.3,0.7,0.05,7,2056821605,M2,689752ec2d69,1.0,0.7846,1.0,0.0646,0.0,0.0816,0.002,0.0,0.2381,294,231,252
W-pause,600,0.3,0.7,0.05,7,2056821605,M1+pausa,689752ec2d69,1.0,0.7846,0.9558,0.0306,0.0442,0.1156,0.0378,0.0,0.2381,294,231,252
W-pause,600,0.3,0.7,0.05,8,2097186730,M0,689752ec2d69,1.0,0.8681,0.0919,0.0106,0.0283,0.4629,0.1708,1.0,1.0,283,249,242
W-pause,600,0.3,0.7,0.05,8,2097186730,M1,689752ec2d69,1.0,0.8681,0.0919,0.0106,0.0283,0.4629,0.7365,1.0,1.0,283,249,242
W-pause,600,0.3,0.7,0.05,8,2097186730,M2,689752ec2d69,1.0,0.8681,1.0,0.0389,0.0,0.0495,0.0013,0.0,0.0909,283,249,242
W-pause,600,0.3,0.7,0.05,8,2097186730,M1+pausa,689752ec2d69,1.0,0.8681,0.9717,0.0106,0.0283,0.0636,0.0242,0.0,0.0909,283,249,242
W-pause,600,0.3,0.7,0.05,9,1679537899,M0,689752ec2d69,1.0,0.7362,0.2115,0.0096,0.0545,0.5833,0.1604,1.0,1.0,312,229,270
W-pause,600,0.3,0.7,0.05,9,1679537899,M1,689752ec2d69,1.0,0.7362,0.2115,0.0096,0.0545,0.5833,0.6408,1.0,1.0,312,229,270
W-pause,600,0.3,0.7,0.05,9,1679537899,M2,689752ec2d69,1.0,0.7362,1.0,0.0609,0.0,0.1314,0.0024,0.0,0.2481,312,229,270
W-pause,600,0.3,0.7,0.05,9,1679537899,M1+pausa,689752ec2d69,1.0,0.7362,0.9455,0.0096,0.0545,0.1635,0.0465,0.0,0.2481,312,229,270
W-pause,600,0.3,0.7,0.05,10,840937223,M0,689752ec2d69,1.0,0.8748,0.1104,0.0033,0.0301,0.214,0.4544,1.0,1.0,299,257,260
W-pause,600,0.3,0.7,0.05,10,840937223,M1,689752ec2d69,1.0,0.8748,0.1104,0.0033,0.0301,0.214,0.7217,1.0,1.0,299,257,260
W-pause,600,0.3,0.7,0.05,10,840937223,M2,689752ec2d69,1.0,0.8748,1.0,0.0334,0.0,0.0301,0.0015,0.0,0.1077,299,257,260
W-pause,600,0.3,0.7,0.05,10,840937223,M1+pausa,689752ec2d69,1.0,0.8748,0.9699,0.0033,0.0301,0.0368,0.0258,0.0,0.1077,299,257,260
W-pause,600,0.3,0.7,0.05,11,721722950,M0,689752ec2d69,1.0,0.7646,0.1721,0.0195,0.0422,0.513,0.2966,1.0,1.0,308,242,254
W-pause,600,0.3,0.7,0.05,11,721722950,M1,689752ec2d69,1.0,0.7646,0.1721,0.0195,0.0422,0.513,0.6723,1.0,1.0,308,242,254
W-pause,600,0.3,0.7,0.05,11,721722950,M2,689752ec2d69,1.0,0.7646,1.0,0.0617,0.0,0.0877,0.0021,0.0,0.2047,308,242,254
W-pause,600,0.3,0.7,0.05,11,721722950,M1+pausa,689752ec2d69,1.0,0.7646,0.9578,0.0195,0.0422,0.1169,0.0362,0.0,0.2047,308,242,254
W-pause,600,0.3,0.7,0.05,12,2739589,M0,689752ec2d69,1.0,0.7646,0.1409,0.0275,0.0619,0.5876,0.3212,1.0,1.0,291,232,230
W-pause,600,0.3,0.7,0.05,12,2739589,M1,689752ec2d69,1.0,0.7646,0.1409,0.0275,0.0619,0.5876,0.6973,1.0,1.0,291,232,230
W-pause,600,0.3,0.7,0.05,12,2739589,M2,689752ec2d69,1.0,0.7646,1.0,0.0893,0.0,0.0859,0.0018,0.0,0.187,291,232,230
W-pause,600,0.3,0.7,0.05,12,2739589,M1+pausa,689752ec2d69,1.0,0.7646,0.9381,0.0275,0.0619,0.1306,0.0518,0.0,0.187,291,232,230
W-pause,600,0.3,0.7,0.05,13,422771908,M0,689752ec2d69,1.0,0.8264,0.1407,0.009,0.0269,0.4611,0.3869,1.0,1.0,334,278,288
W-pause,600,0.3,0.7,0.05,13,422771908,M1,689752ec2d69,1.0,0.8264,0.1407,0.009,0.0269,0.4611,0.6974,1.0,1.0,334,278,288
W-pause,600,0.3,0.7,0.05,13,422771908,M2,689752ec2d69,1.0,0.8264,1.0,0.0359,0.0,0.0808,0.0018,0.0,0.1285,334,278,288
W-pause,600,0.3,0.7,0.05,13,422771908,M1+pausa,689752ec2d69,1.0,0.8264,0.9731,0.009,0.0269,0.0988,0.0236,0.0,0.1285,334,278,288
W-pause,600,0.3,0.7,0.05,14,1450404355,M0,689752ec2d69,1.0,0.8748,0.1069,0.0103,0.0414,0.5448,0.0831,1.0,1.0,290,247,240
W-pause,600,0.3,0.7,0.05,14,1450404355,M1,689752ec2d69,1.0,0.8748,0.1069,0.0103,0.0414,0.5448,0.7245,1.0,1.0,290,247,240
W-pause,600,0.3,0.7,0.05,14,1450404355,M2,689752ec2d69,1.0,0.8748,1.0,0.0483,0.0,0.0586,0.0014,0.0,0.1375,290,247,240
W-pause,600,0.3,0.7,0.05,14,1450404355,M1+pausa,689752ec2d69,1.0,0.8748,0.9586,0.0103,0.0414,0.0966,0.0349,0.0,0.1375,290,247,240
W-pause,600,0.3,0.7,0.05,15,1332239170,M0,689752ec2d69,1.0,0.7613,0.2226,0.0308,0.0548,0.3356,0.2904,1.0,1.0,292,211,247
W-pause,600,0.3,0.7,0.05,15,1332239170,M1,689752ec2d69,1.0,0.7613,0.2226,0.0308,0.0548,0.3356,0.6319,1.0,1.0,292,211,247
W-pause,600,0.3,0.7,0.05,15,1332239170,M2,689752ec2d69,1.0,0.7613,1.0,0.0788,0.0,0.0925,0.0025,0.0,0.2348,292,211,247
W-pause,600,0.3,0.7,0.05,15,1332239170,M1+pausa,689752ec2d69,1.0,0.7613,0.9452,0.0308,0.0548,0.1096,0.0469,0.0,0.2348,292,211,247
W-pause,600,0.3,0.7,0.05,16,1682245761,M0,689752ec2d69,1.0,0.8564,0.1018,0.0035,0.0246,0.4456,0.0939,1.0,1.0,285,249,241
W-pause,600,0.3,0.7,0.05,16,1682245761,M1,689752ec2d69,1.0,0.8564,0.1018,0.0035,0.0246,0.4456,0.7286,1.0,1.0,285,249,241
W-pause,600,0.3,0.7,0.05,16,1682245761,M2,689752ec2d69,1.0,0.8564,1.0,0.0281,0.0,0.0596,0.0014,0.0,0.083,285,249,241
W-pause,600,0.3,0.7,0.05,16,1682245761,M1+pausa,689752ec2d69,1.0,0.8564,0.9754,0.0035,0.0246,0.0772,0.0213,0.0,0.083,285,249,241
W-pause,600,0.3,0.7,0.05,17,2103327168,M0,689752ec2d69,1.0,0.7679,0.1791,0.027,0.0372,0.4358,0.2472,1.0,1.0,296,232,244
W-pause,600,0.3,0.7,0.05,17,2103327168,M1,689752ec2d69,1.0,0.7679,0.1791,0.027,0.0372,0.4358,0.6668,1.0,1.0,296,232,244
W-pause,600,0.3,0.7,0.05,17,2103327168,M2,689752ec2d69,1.0,0.7679,1.0,0.0608,0.0,0.1216,0.0021,0.0,0.1844,296,232,244
W-pause,600,0.3,0.7,0.05,17,2103327168,M1+pausa,689752ec2d69,1.0,0.7679,0.9628,0.027,0.0372,0.1554,0.0322,0.0,0.1844,296,232,244
W-pause,600,0.3,0.7,0.05,18,2059805967,M0,689752ec2d69,1.0,0.8932,0.0965,0.0129,0.0129,0.4534,0.1789,1.0,1.0,311,277,257
W-pause,600,0.3,0.7,0.05,18,2059805967,M1,689752ec2d69,1.0,0.8932,0.0965,0.0129,0.0129,0.4534,0.7328,1.0,1.0,311,277,257
W-pause,600,0.3,0.7,0.05,18,2059805967,M2,689752ec2d69,1.0,0.8932,1.0,0.0257,0.0,0.0611,0.0013,0.0,0.1051,311,277,257
W-pause,600,0.3,0.7,0.05,18,2059805967,M1+pausa,689752ec2d69,1.0,0.8932,0.9871,0.0129,0.0129,0.0675,0.0117,0.0,0.1051,311,277,257
W-pause,600,0.3,0.7,0.05,19,1675433038,M0,689752ec2d69,1.0,0.7529,0.1695,0.0203,0.0339,0.4034,0.288,1.0,1.0,295,235,237
W-pause,600,0.3,0.7,0.05,19,1675433038,M1,689752ec2d69,1.0,0.7529,0.1695,0.0203,0.0339,0.4034,0.6744,1.0,1.0,295,235,237
W-pause,600,0.3,0.7,0.05,19,1675433038,M2,689752ec2d69,1.0,0.7529,1.0,0.0542,0.0,0.0644,0.002,0.0,0.211,295,235,237
W-pause,600,0.3,0.7,0.05,19,1675433038,M1+pausa,689752ec2d69,1.0,0.7529,0.9661,0.0203,0.0339,0.0678,0.0295,0.0,0.211,295,235,237
W-pause,600,0.3,0.7,0.25,0,2014424233,M0,689752ec2d69,1.0,0.808,0.1882,0.0406,0.0258,0.7565,0.276,1.0,1.0,271,213,240
W-pause,600,0.3,0.7,0.25,0,2014424233,M1,689752ec2d69,1.0,0.808,0.1882,0.0406,0.0258,0.7565,0.6594,1.0,1.0,271,213,240
W-pause,600,0.3,0.7,0.25,0,2014424233,M2,689752ec2d69,1.0,0.808,1.0,0.0517,0.0,0.1107,0.0022,0.0,0.1125,271,213,240
W-pause,600,0.3,0.7,0.25,0,2014424233,M1+pausa,689752ec2d69,1.0,0.808,0.9742,0.0406,0.0258,0.1365,0.0231,0.0,0.1125,271,213,240
W-pause,600,0.3,0.7,0.25,1,1628085736,M0,689752ec2d69,1.0,0.7613,0.2419,0.0722,0.0433,0.7653,0.1558,1.0,1.0,277,198,229
W-pause,600,0.3,0.7,0.25,1,1628085736,M1,689752ec2d69,1.0,0.7613,0.2419,0.0722,0.0433,0.7653,0.6165,1.0,1.0,277,198,229
W-pause,600,0.3,0.7,0.25,1,1628085736,M2,689752ec2d69,1.0,0.7613,1.0,0.0903,0.0,0.1155,0.0027,0.0,0.3057,277,198,229
W-pause,600,0.3,0.7,0.25,1,1628085736,M1+pausa,689752ec2d69,1.0,0.7613,0.9567,0.0722,0.0433,0.1588,0.0378,0.0,0.3057,277,198,229
W-pause,600,0.3,0.7,0.25,2,1244122667,M0,689752ec2d69,1.0,0.8381,0.1272,0.0318,0.0353,0.8445,0.1008,1.0,1.0,283,237,231
W-pause,600,0.3,0.7,0.25,2,1244122667,M1,689752ec2d69,1.0,0.8381,0.1272,0.0318,0.0353,0.8445,0.7082,1.0,1.0,283,237,231
W-pause,600,0.3,0.7,0.25,2,1244122667,M2,689752ec2d69,1.0,0.8381,1.0,0.0601,0.0,0.0601,0.0016,0.0,0.1385,283,237,231
W-pause,600,0.3,0.7,0.25,2,1244122667,M1+pausa,689752ec2d69,1.0,0.8381,0.9647,0.0318,0.0353,0.0848,0.0302,0.0,0.1385,283,237,231
W-pause,600,0.3,0.7,0.25,3,1396506474,M0,689752ec2d69,1.0,0.7028,0.2277,0.0594,0.0363,0.7822,0.1757,1.0,1.0,303,223,238
W-pause,600,0.3,0.7,0.25,3,1396506474,M1,689752ec2d69,1.0,0.7028,0.2277,0.0594,0.0363,0.7822,0.6278,1.0,1.0,303,223,238
W-pause,600,0.3,0.7,0.25,3,1396506474,M2,689752ec2d69,1.0,0.7028,1.0,0.0858,0.0,0.1254,0.0026,0.0,0.2731,303,223,238
W-pause,600,0.3,0.7,0.25,3,1396506474,M1+pausa,689752ec2d69,1.0,0.7028,0.9637,0.0594,0.0363,0.1617,0.032,0.0,0.2731,303,223,238
W-pause,600,0.3,0.7,0.25,4,477981101,M0,689752ec2d69,1.0,0.8347,0.0951,0.0387,0.0282,0.7641,0.0618,1.0,1.0,284,249,272
W-pause,600,0.3,0.7,0.25,4,477981101,M1,689752ec2d69,1.0,0.8347,0.0951,0.0387,0.0282,0.7641,0.7339,1.0,1.0,284,249,272
W-pause,600,0.3,0.7,0.25,4,477981101,M2,689752ec2d69,1.0,0.8347,1.0,0.0493,0.0,0.0387,0.0013,0.0,0.1066,284,249,272
W-pause,600,0.3,0.7,0.25,4,477981101,M1+pausa,689752ec2d69,1.0,0.8347,0.9718,0.0387,0.0282,0.0669,0.0241,0.0,0.1066,284,249,272
W-pause,600,0.3,0.7,0.25,5,90593516,M0,689752ec2d69,1.0,0.8247,0.1789,0.0351,0.0456,0.8351,0.4031,1.0,1.0,285,221,225
W-pause,600,0.3,0.7,0.25,5,90593516,M1,689752ec2d69,1.0,0.8247,0.1789,0.0351,0.0456,0.8351,0.6668,1.0,1.0,285,221,225
W-pause,600,0.3,0.7,0.25,5,90593516,M2,689752ec2d69,1.0,0.8247,1.0,0.0632,0.0,0.1018,0.0021,0.0,0.2267,285,221,225
W-pause,600,0.3,0.7,0.25,5,90593516,M1+pausa,689752ec2d69,1.0,0.8247,0.9544,0.0351,0.0456,0.1474,0.039,0.0,0.2267,285,221,225
W-pause,600,0.3,0.7,0.25,6,776669999,M0,689752ec2d69,1.0,0.8331,0.1529,0.0235,0.0324,0.8735,0.0997,1.0,1.0,340,277,283
W-pause,600,0.3,0.7,0.25,6,776669999,M1,689752ec2d69,1.0,0.8331,0.1529,0.0235,0.0324,0.8735,0.6876,1.0,1.0,340,277,283
W-pause,600,0.3,0.7,0.25,6,776669999,M2,689752ec2d69,1.0,0.8331,1.0,0.0441,0.0,0.0912,0.0019,0.0,0.1731,340,277,283
W-pause,600,0.3,0.7,0.25,6,776669999,M1+pausa,689752ec2d69,1.0,0.8331,0.9676,0.0235,0.0324,0.1176,0.0281,0.0,0.1731,340,277,283
W-pause,600,0.3,0.7,0.25,7,928004718,M0,689752ec2d69,1.0,0.8013,0.1778,0.0481,0.0148,0.8222,0.1561,1.0,1.0,270,218,219
W-pause,600,0.3,0.7,0.25,7,928004718,M1,689752ec2d69,1.0,0.8013,0.1778,0.0481,0.0148,0.8222,0.6678,1.0,1.0,270,218,219
W-pause,600,0.3,0.7,0.25,7,928004718,M2,689752ec2d69,1.0,0.8013,1.0,0.0556,0.0,0.0926,0.0021,0.0,0.1598,270,218,219
W-pause,600,0.3,0.7,0.25,7,928004718,M1+pausa,689752ec2d69,1.0,0.8013,0.9852,0.0481,0.0148,0.1074,0.0141,0.0,0.1598,270,218,219
W-pause,600,0.3,0.7,0.25,8,818423457,M0,689752ec2d69,1.0,0.773,0.1735,0.0379,0.0347,0.7729,0.5489,1.0,1.0,317,251,258
W-pause,600,0.3,0.7,0.25,8,818423457,M1,689752ec2d69,1.0,0.773,0.1735,0.0379,0.0347,0.7729,0.6712,1.0,1.0,317,251,258
W-pause,600,0.3,0.7,0.25,8,818423457,M2,689752ec2d69,1.0,0.773,1.0,0.0536,0.0,0.0852,0.0021,0.0,0.2209,317,251,258
W-pause,600,0.3,0.7,0.25,8,818423457,M1+pausa,689752ec2d69,1.0,0.773,0.9653,0.0379,0.0347,0.1136,0.0302,0.0,0.2209,317,251,258
W-pause,600,0.3,0.7,0.25,9,701700064,M0,689752ec2d69,1.0,0.8197,0.151,0.047,0.0235,0.8389,0.1724,1.0,1.0,298,246,257
W-pause,600,0.3,0.7,0.25,9,701700064,M1,689752ec2d69,1.0,0.8197,0.151,0.047,0.0235,0.8389,0.6892,1.0,1.0,298,246,257
W-pause,600,0.3,0.7,0.25,9,701700064,M2,689752ec2d69,1.0,0.8197,1.0,0.0604,0.0,0.0738,0.0018,0.0,0.1829,298,246,257
W-pause,600,0.3,0.7,0.25,9,701700064,M1+pausa,689752ec2d69,1.0,0.8197,0.9765,0.047,0.0235,0.094,0.0209,0.0,0.1829,298,246,257
W-pause,600,0.3,0.7,0.25,10,629194286,M0,689752ec2d69,1.0,0.7629,0.1438,0.0274,0.0342,0.8185,0.2996,1.0,1.0,292,240,251
W-pause,600,0.3,0.7,0.25,10,629194286,M1,689752ec2d69,1.0,0.7629,0.1438,0.0274,0.0342,0.8185,0.6949,1.0,1.0,292,240,251
W-pause,600,0.3,0.7,0.25,10,629194286,M2,689752ec2d69,1.0,0.7629,1.0,0.0377,0.0,0.089,0.0018,0.0,0.1992,292,240,251
W-pause,600,0.3,0.7,0.25,10,629194286,M1+pausa,689752ec2d69,1.0,0.7629,0.9658,0.0274,0.0342,0.1233,0.0295,0.0,0.1992,292,240,251
W-pause,600,0.3,0.7,0.25,11,1016827759,M0,689752ec2d69,1.0,0.818,0.1618,0.0388,0.0388,0.8058,0.2931,1.0,1.0,309,247,246
W-pause,600,0.3,0.7,0.25,11,1016827759,M1,689752ec2d69,1.0,0.818,0.1618,0.0388,0.0388,0.8058,0.6806,1.0,1.0,309,247,246
W-pause,600,0.3,0.7,0.25,11,1016827759,M2,689752ec2d69,1.0,0.818,1.0,0.055,0.0,0.0712,0.002,0.0,0.1789,309,247,246
W-pause,600,0.3,0.7,0.25,11,1016827759,M1+pausa,689752ec2d69,1.0,0.818,0.9612,0.0388,0.0388,0.11,0.0334,0.0,0.1789,309,247,246
W-pause,600,0.3,0.7,0.25,12,397860012,M0,689752ec2d69,1.0,0.8848,0.119,0.0408,0.0102,0.7789,0.3168,1.0,1.0,294,256,256
W-pause,600,0.3,0.7,0.25,12,397860012,M1,689752ec2d69,1.0,0.8848,0.119,0.0408,0.0102,0.7789,0.7148,1.0,1.0,294,256,256
W-pause,600,0.3,0.7,0.25,12,397860012,M2,689752ec2d69,1.0,0.8848,1.0,0.0476,0.0,0.0374,0.0015,0.0,0.0781,294,256,256
W-pause,600,0.3,0.7,0.25,12,397860012,M1+pausa,689752ec2d69,1.0,0.8848,0.9898,0.0408,0.0102,0.0442,0.0098,0.0,0.0781,294,256,256
W-pause,600,0.3,0.7,0.25,13,246279661,M0,689752ec2d69,1.0,0.8581,0.1079,0.0396,0.0324,0.7842,0.3452,1.0,1.0,278,239,230
W-pause,600,0.3,0.7,0.25,13,246279661,M1,689752ec2d69,1.0,0.8581,0.1079,0.0396,0.0324,0.7842,0.7237,1.0,1.0,278,239,230
W-pause,600,0.3,0.7,0.25,13,246279661,M2,689752ec2d69,1.0,0.8581,1.0,0.0576,0.0,0.036,0.0014,0.0,0.1174,278,239,230
W-pause,600,0.3,0.7,0.25,13,246279661,M1+pausa,689752ec2d69,1.0,0.8581,0.9676,0.0396,0.0324,0.0683,0.0276,0.0,0.1174,278,239,230
W-pause,600,0.3,0.7,0.25,14,1106017066,M0,689752ec2d69,1.0,0.788,0.1833,0.0322,0.0386,0.7749,0.1364,1.0,1.0,311,242,286
W-pause,600,0.3,0.7,0.25,14,1106017066,M1,689752ec2d69,1.0,0.788,0.1833,0.0322,0.0386,0.7749,0.6634,1.0,1.0,311,242,286
W-pause,600,0.3,0.7,0.25,14,1106017066,M2,689752ec2d69,1.0,0.788,1.0,0.0547,0.0,0.1029,0.0022,0.0,0.2063,311,242,286
W-pause,600,0.3,0.7,0.25,14,1106017066,M1+pausa,689752ec2d69,1.0,0.788,0.9614,0.0322,0.0386,0.1318,0.0334,0.0,0.2063,311,242,286
W-pause,600,0.3,0.7,0.25,15,1492601451,M0,689752ec2d69,1.0,0.7145,0.2773,0.0623,0.028,0.8162,0.16,1.0,1.0,321,223,261
W-pause,600,0.3,0.7,0.25,15,1492601451,M1,689752ec2d69,1.0,0.7145,0.2773,0.0623,0.028,0.8162,0.5882,1.0,1.0,321,223,261
W-pause,600,0.3,0.7,0.25,15,1492601451,M2,689752ec2d69,1.0,0.7145,1.0,0.0841,0.0,0.1589,0.0031,0.0,0.272,321,223,261
W-pause,600,0.3,0.7,0.25,15,1492601451,M1+pausa,689752ec2d69,1.0,0.7145,0.972,0.0623,0.028,0.1869,0.0258,0.0,0.272,321,223,261
W-pause,600,0.3,0.7,0.25,16,1943673256,M0,689752ec2d69,1.0,0.8514,0.1225,0.0464,0.0199,0.8543,0.2383,1.0,1.0,302,259,243
W-pause,600,0.3,0.7,0.25,16,1943673256,M1,689752ec2d69,1.0,0.8514,0.1225,0.0464,0.0199,0.8543,0.712,1.0,1.0,302,259,243
W-pause,600,0.3,0.7,0.25,16,1943673256,M2,689752ec2d69,1.0,0.8514,1.0,0.0629,0.0,0.0563,0.0016,0.0,0.0864,302,259,243
W-pause,600,0.3,0.7,0.25,16,1943673256,M1+pausa,689752ec2d69,1.0,0.8514,0.9801,0.0464,0.0199,0.0762,0.0177,0.0,0.0864,302,259,243
W-pause,600,0.3,0.7,0.25,17,1791043817,M0,689752ec2d69,1.0,0.8514,0.1691,0.0432,0.0324,0.8129,0.2991,1.0,1.0,278,222,240
W-pause,600,0.3,0.7,0.25,17,1791043817,M1,689752ec2d69,1.0,0.8514,0.1691,0.0432,0.0324,0.8129,0.6747,1.0,1.0,278,222,240
W-pause,600,0.3,0.7,0.25,17,1791043817,M2,689752ec2d69,1.0,0.8514,1.0,0.0647,0.0,0.0827,0.002,0.0,0.1708,278,222,240
W-pause,600,0.3,0.7,0.25,17,1791043817,M1+pausa,689752ec2d69,1.0,0.8514,0.9676,0.0432,0.0324,0.1115,0.0282,0.0,0.1708,278,222,240
W-pause,600,0.3,0.7,0.25,18,1834562598,M0,689752ec2d69,1.0,0.8464,0.1031,0.0241,0.0206,0.8282,0.3997,1.0,1.0,291,255,252
W-pause,600,0.3,0.7,0.25,18,1834562598,M1,689752ec2d69,1.0,0.8464,0.1031,0.0241,0.0206,0.8282,0.7275,1.0,1.0,291,255,252
W-pause,600,0.3,0.7,0.25,18,1834562598,M2,689752ec2d69,1.0,0.8464,1.0,0.0309,0.0,0.0447,0.0014,0.0,0.0952,291,255,252
W-pause,600,0.3,0.7,0.25,18,1834562598,M1+pausa,689752ec2d69,1.0,0.8464,0.9794,0.0241,0.0206,0.0584,0.0181,0.0,0.0952,291,255,252
W-pause,600,0.3,0.7,0.25,19,1950483815,M0,689752ec2d69,1.0,0.8347,0.1405,0.0359,0.0458,0.8039,0.2306,1.0,1.0,306,249,273
W-pause,600,0.3,0.7,0.25,19,1950483815,M1,689752ec2d69,1.0,0.8347,0.1405,0.0359,0.0458,0.8039,0.6976,1.0,1.0,306,249,273
W-pause,600,0.3,0.7,0.25,19,1950483815,M2,689752ec2d69,1.0,0.8347,1.0,0.0588,0.0,0.0654,0.0017,0.0,0.1429,306,249,273
W-pause,600,0.3,0.7,0.25,19,1950483815,M1+pausa,689752ec2d69,1.0,0.8347,0.9542,0.0359,0.0458,0.1046,0.0388,0.0,0.1429,306,249,273
